minecraft:air	0	0	1
minecraft:stone	1	1	1
minecraft:granite	2	2	1
minecraft:polished_granite	3	3	1
minecraft:diorite	4	4	1
minecraft:polished_diorite	5	5	1
minecraft:andesite	6	6	1
minecraft:polished_andesite	7	7	1
minecraft:grass_block	8	8	2
minecraft:dirt	9	10	1
minecraft:coarse_dirt	10	11	1
minecraft:podzol	11	12	2
minecraft:cobblestone	12	14	1
minecraft:oak_planks	13	15	1
minecraft:spruce_planks	14	16	1
minecraft:birch_planks	15	17	1
minecraft:jungle_planks	16	18	1
minecraft:acacia_planks	17	19	1
minecraft:cherry_planks	18	20	1
minecraft:dark_oak_planks	19	21	1
minecraft:mangrove_planks	20	22	1
minecraft:bamboo_planks	21	23	1
minecraft:bamboo_mosaic	22	24	1
minecraft:oak_sapling	23	25	2
minecraft:spruce_sapling	24	27	2
minecraft:birch_sapling	25	29	2
minecraft:jungle_sapling	26	31	2
minecraft:acacia_sapling	27	33	2
minecraft:cherry_sapling	28	35	2
minecraft:dark_oak_sapling	29	37	2
minecraft:mangrove_propagule	30	39	40
minecraft:bedrock	31	79	1
minecraft:water	32	80	16
minecraft:lava	33	96	16
minecraft:sand	34	112	1
minecraft:suspicious_sand	35	113	4
minecraft:red_sand	36	117	1
minecraft:gravel	37	118	1
minecraft:suspicious_gravel	38	119	4
minecraft:gold_ore	39	123	1
minecraft:deepslate_gold_ore	40	124	1
minecraft:iron_ore	41	125	1
minecraft:deepslate_iron_ore	42	126	1
minecraft:coal_ore	43	127	1
minecraft:deepslate_coal_ore	44	128	1
minecraft:nether_gold_ore	45	129	1
minecraft:oak_log	46	130	3
minecraft:spruce_log	47	133	3
minecraft:birch_log	48	136	3
minecraft:jungle_log	49	139	3
minecraft:acacia_log	50	142	3
minecraft:cherry_log	51	145	3
minecraft:dark_oak_log	52	148	3
minecraft:mangrove_log	53	151	3
minecraft:mangrove_roots	54	154	2
minecraft:muddy_mangrove_roots	55	156	3
minecraft:bamboo_block	56	159	3
minecraft:stripped_spruce_log	57	162	3
minecraft:stripped_birch_log	58	165	3
minecraft:stripped_jungle_log	59	168	3
minecraft:stripped_acacia_log	60	171	3
minecraft:stripped_cherry_log	61	174	3
minecraft:stripped_dark_oak_log	62	177	3
minecraft:stripped_oak_log	63	180	3
minecraft:stripped_mangrove_log	64	183	3
minecraft:stripped_bamboo_block	65	186	3
minecraft:oak_wood	66	189	3
minecraft:spruce_wood	67	192	3
minecraft:birch_wood	68	195	3
minecraft:jungle_wood	69	198	3
minecraft:acacia_wood	70	201	3
minecraft:cherry_wood	71	204	3
minecraft:dark_oak_wood	72	207	3
minecraft:mangrove_wood	73	210	3
minecraft:stripped_oak_wood	74	213	3
minecraft:stripped_spruce_wood	75	216	3
minecraft:stripped_birch_wood	76	219	3
minecraft:stripped_jungle_wood	77	222	3
minecraft:stripped_acacia_wood	78	225	3
minecraft:stripped_cherry_wood	79	228	3
minecraft:stripped_dark_oak_wood	80	231	3
minecraft:stripped_mangrove_wood	81	234	3
minecraft:oak_leaves	82	237	28
minecraft:spruce_leaves	83	265	28
minecraft:birch_leaves	84	293	28
minecraft:jungle_leaves	85	321	28
minecraft:acacia_leaves	86	349	28
minecraft:cherry_leaves	87	377	28
minecraft:dark_oak_leaves	88	405	28
minecraft:mangrove_leaves	89	433	28
minecraft:azalea_leaves	90	461	28
minecraft:flowering_azalea_leaves	91	489	28
minecraft:sponge	92	517	1
minecraft:wet_sponge	93	518	1
minecraft:glass	94	519	1
minecraft:lapis_ore	95	520	1
minecraft:deepslate_lapis_ore	96	521	1
minecraft:lapis_block	97	522	1
minecraft:dispenser	98	523	12
minecraft:sandstone	99	535	1
minecraft:chiseled_sandstone	100	536	1
minecraft:cut_sandstone	101	537	1
minecraft:note_block	102	538	1300
minecraft:white_bed	103	1838	16
minecraft:orange_bed	104	1854	16
minecraft:magenta_bed	105	1870	16
minecraft:light_blue_bed	106	1886	16
minecraft:yellow_bed	107	1902	16
minecraft:lime_bed	108	1918	16
minecraft:pink_bed	109	1934	16
minecraft:gray_bed	110	1950	16
minecraft:light_gray_bed	111	1966	16
minecraft:cyan_bed	112	1982	16
minecraft:purple_bed	113	1998	16
minecraft:blue_bed	114	2014	16
minecraft:brown_bed	115	2030	16
minecraft:green_bed	116	2046	16
minecraft:red_bed	117	2062	16
minecraft:black_bed	118	2078	16
minecraft:powered_rail	119	2094	24
minecraft:detector_rail	120	2118	24
minecraft:sticky_piston	121	2142	12
minecraft:cobweb	122	2154	1
minecraft:short_grass	123	2155	1
minecraft:fern	124	2156	1
minecraft:dead_bush	125	2157	1
minecraft:seagrass	126	2158	1
minecraft:tall_seagrass	127	2159	2
minecraft:piston	128	2161	12
minecraft:piston_head	129	2173	24
minecraft:white_wool	130	2197	1
minecraft:orange_wool	131	2198	1
minecraft:magenta_wool	132	2199	1
minecraft:light_blue_wool	133	2200	1
minecraft:yellow_wool	134	2201	1
minecraft:lime_wool	135	2202	1
minecraft:pink_wool	136	2203	1
minecraft:gray_wool	137	2204	1
minecraft:light_gray_wool	138	2205	1
minecraft:cyan_wool	139	2206	1
minecraft:purple_wool	140	2207	1
minecraft:blue_wool	141	2208	1
minecraft:brown_wool	142	2209	1
minecraft:green_wool	143	2210	1
minecraft:red_wool	144	2211	1
minecraft:black_wool	145	2212	1
minecraft:moving_piston	146	2213	12
minecraft:dandelion	147	2225	1
minecraft:torchflower	148	2226	1
minecraft:poppy	149	2227	1
minecraft:blue_orchid	150	2228	1
minecraft:allium	151	2229	1
minecraft:azure_bluet	152	2230	1
minecraft:red_tulip	153	2231	1
minecraft:orange_tulip	154	2232	1
minecraft:white_tulip	155	2233	1
minecraft:pink_tulip	156	2234	1
minecraft:oxeye_daisy	157	2235	1
minecraft:cornflower	158	2236	1
minecraft:wither_rose	159	2237	1
minecraft:lily_of_the_valley	160	2238	1
minecraft:brown_mushroom	161	2239	1
minecraft:red_mushroom	162	2240	1
minecraft:gold_block	163	2241	1
minecraft:iron_block	164	2242	1
minecraft:bricks	165	2243	1
minecraft:tnt	166	2244	2
minecraft:bookshelf	167	2246	1
minecraft:chiseled_bookshelf	168	2247	256
minecraft:mossy_cobblestone	169	2503	1
minecraft:obsidian	170	2504	1
minecraft:torch	171	2505	1
minecraft:wall_torch	172	2506	4
minecraft:fire	173	2510	512
minecraft:soul_fire	174	3022	1
minecraft:spawner	175	3023	1
minecraft:oak_stairs	176	3024	80
minecraft:chest	177	3104	24
minecraft:redstone_wire	178	3128	1296
minecraft:diamond_ore	179	4424	1
minecraft:deepslate_diamond_ore	180	4425	1
minecraft:diamond_block	181	4426	1
minecraft:crafting_table	182	4427	1
minecraft:wheat	183	4428	8
minecraft:farmland	184	4436	8
minecraft:furnace	185	4444	8
minecraft:oak_sign	186	4452	32
minecraft:spruce_sign	187	4484	32
minecraft:birch_sign	188	4516	32
minecraft:acacia_sign	189	4548	32
minecraft:cherry_sign	190	4580	32
minecraft:jungle_sign	191	4612	32
minecraft:dark_oak_sign	192	4644	32
minecraft:mangrove_sign	193	4676	32
minecraft:bamboo_sign	194	4708	32
minecraft:oak_door	195	4740	64
minecraft:ladder	196	4804	8
minecraft:rail	197	4812	20
minecraft:cobblestone_stairs	198	4832	80
minecraft:oak_wall_sign	199	4912	8
minecraft:spruce_wall_sign	200	4920	8
minecraft:birch_wall_sign	201	4928	8
minecraft:acacia_wall_sign	202	4936	8
minecraft:cherry_wall_sign	203	4944	8
minecraft:jungle_wall_sign	204	4952	8
minecraft:dark_oak_wall_sign	205	4960	8
minecraft:mangrove_wall_sign	206	4968	8
minecraft:bamboo_wall_sign	207	4976	8
minecraft:oak_hanging_sign	208	4984	64
minecraft:spruce_hanging_sign	209	5048	64
minecraft:birch_hanging_sign	210	5112	64
minecraft:acacia_hanging_sign	211	5176	64
minecraft:cherry_hanging_sign	212	5240	64
minecraft:jungle_hanging_sign	213	5304	64
minecraft:dark_oak_hanging_sign	214	5368	64
minecraft:crimson_hanging_sign	215	5432	64
minecraft:warped_hanging_sign	216	5496	64
minecraft:mangrove_hanging_sign	217	5560	64
minecraft:bamboo_hanging_sign	218	5624	64
minecraft:oak_wall_hanging_sign	219	5688	8
minecraft:spruce_wall_hanging_sign	220	5696	8
minecraft:birch_wall_hanging_sign	221	5704	8
minecraft:acacia_wall_hanging_sign	222	5712	8
minecraft:cherry_wall_hanging_sign	223	5720	8
minecraft:jungle_wall_hanging_sign	224	5728	8
minecraft:dark_oak_wall_hanging_sign	225	5736	8
minecraft:mangrove_wall_hanging_sign	226	5744	8
minecraft:crimson_wall_hanging_sign	227	5752	8
minecraft:warped_wall_hanging_sign	228	5760	8
minecraft:bamboo_wall_hanging_sign	229	5768	8
minecraft:lever	230	5776	24
minecraft:stone_pressure_plate	231	5800	2
minecraft:iron_door	232	5802	64
minecraft:oak_pressure_plate	233	5866	2
minecraft:spruce_pressure_plate	234	5868	2
minecraft:birch_pressure_plate	235	5870	2
minecraft:jungle_pressure_plate	236	5872	2
minecraft:acacia_pressure_plate	237	5874	2
minecraft:cherry_pressure_plate	238	5876	2
minecraft:dark_oak_pressure_plate	239	5878	2
minecraft:mangrove_pressure_plate	240	5880	2
minecraft:bamboo_pressure_plate	241	5882	2
minecraft:redstone_ore	242	5884	2
minecraft:deepslate_redstone_ore	243	5886	2
minecraft:redstone_torch	244	5888	2
minecraft:redstone_wall_torch	245	5890	8
minecraft:stone_button	246	5898	24
minecraft:snow	247	5922	8
minecraft:ice	248	5930	1
minecraft:snow_block	249	5931	1
minecraft:cactus	250	5932	16
minecraft:clay	251	5948	1
minecraft:sugar_cane	252	5949	16
minecraft:jukebox	253	5965	2
minecraft:oak_fence	254	5967	32
minecraft:netherrack	255	5999	1
minecraft:soul_sand	256	6000	1
minecraft:soul_soil	257	6001	1
minecraft:basalt	258	6002	3
minecraft:polished_basalt	259	6005	3
minecraft:soul_torch	260	6008	1
minecraft:soul_wall_torch	261	6009	4
minecraft:glowstone	262	6013	1
minecraft:nether_portal	263	6014	2
minecraft:carved_pumpkin	264	6016	4
minecraft:jack_o_lantern	265	6020	4
minecraft:cake	266	6024	7
minecraft:repeater	267	6031	64
minecraft:white_stained_glass	268	6095	1
minecraft:orange_stained_glass	269	6096	1
minecraft:magenta_stained_glass	270	6097	1
minecraft:light_blue_stained_glass	271	6098	1
minecraft:yellow_stained_glass	272	6099	1
minecraft:lime_stained_glass	273	6100	1
minecraft:pink_stained_glass	274	6101	1
minecraft:gray_stained_glass	275	6102	1
minecraft:light_gray_stained_glass	276	6103	1
minecraft:cyan_stained_glass	277	6104	1
minecraft:purple_stained_glass	278	6105	1
minecraft:blue_stained_glass	279	6106	1
minecraft:brown_stained_glass	280	6107	1
minecraft:green_stained_glass	281	6108	1
minecraft:red_stained_glass	282	6109	1
minecraft:black_stained_glass	283	6110	1
minecraft:oak_trapdoor	284	6111	64
minecraft:spruce_trapdoor	285	6175	64
minecraft:birch_trapdoor	286	6239	64
minecraft:jungle_trapdoor	287	6303	64
minecraft:acacia_trapdoor	288	6367	64
minecraft:cherry_trapdoor	289	6431	64
minecraft:dark_oak_trapdoor	290	6495	64
minecraft:mangrove_trapdoor	291	6559	64
minecraft:bamboo_trapdoor	292	6623	64
minecraft:stone_bricks	293	6687	1
minecraft:mossy_stone_bricks	294	6688	1
minecraft:cracked_stone_bricks	295	6689	1
minecraft:chiseled_stone_bricks	296	6690	1
minecraft:packed_mud	297	6691	1
minecraft:mud_bricks	298	6692	1
minecraft:infested_stone	299	6693	1
minecraft:infested_cobblestone	300	6694	1
minecraft:infested_stone_bricks	301	6695	1
minecraft:infested_mossy_stone_bricks	302	6696	1
minecraft:infested_cracked_stone_bricks	303	6697	1
minecraft:infested_chiseled_stone_bricks	304	6698	1
minecraft:brown_mushroom_block	305	6699	64
minecraft:red_mushroom_block	306	6763	64
minecraft:mushroom_stem	307	6827	64
minecraft:iron_bars	308	6891	32
minecraft:chain	309	6923	6
minecraft:glass_pane	310	6929	32
minecraft:pumpkin	311	6961	1
minecraft:melon	312	6962	1
minecraft:attached_pumpkin_stem	313	6963	4
minecraft:attached_melon_stem	314	6967	4
minecraft:pumpkin_stem	315	6971	8
minecraft:melon_stem	316	6979	8
minecraft:vine	317	6987	32
minecraft:glow_lichen	318	7019	128
minecraft:oak_fence_gate	319	7147	32
minecraft:brick_stairs	320	7179	80
minecraft:stone_brick_stairs	321	7259	80
minecraft:mud_brick_stairs	322	7339	80
minecraft:mycelium	323	7419	2
minecraft:lily_pad	324	7421	1
minecraft:nether_bricks	325	7422	1
minecraft:nether_brick_fence	326	7423	32
minecraft:nether_brick_stairs	327	7455	80
minecraft:nether_wart	328	7535	4
minecraft:enchanting_table	329	7539	1
minecraft:brewing_stand	330	7540	8
minecraft:cauldron	331	7548	1
minecraft:water_cauldron	332	7549	3
minecraft:lava_cauldron	333	7552	1
minecraft:powder_snow_cauldron	334	7553	3
minecraft:end_portal	335	7556	1
minecraft:end_portal_frame	336	7557	8
minecraft:end_stone	337	7565	1
minecraft:dragon_egg	338	7566	1
minecraft:redstone_lamp	339	7567	2
minecraft:cocoa	340	7569	12
minecraft:sandstone_stairs	341	7581	80
minecraft:emerald_ore	342	7661	1
minecraft:deepslate_emerald_ore	343	7662	1
minecraft:ender_chest	344	7663	8
minecraft:tripwire_hook	345	7671	16
minecraft:tripwire	346	7687	128
minecraft:emerald_block	347	7815	1
minecraft:spruce_stairs	348	7816	80
minecraft:birch_stairs	349	7896	80
minecraft:jungle_stairs	350	7976	80
minecraft:command_block	351	8056	12
minecraft:beacon	352	8068	1
minecraft:cobblestone_wall	353	8069	324
minecraft:mossy_cobblestone_wall	354	8393	324
minecraft:flower_pot	355	8717	1
minecraft:potted_torchflower	356	8718	1
minecraft:potted_oak_sapling	357	8719	1
minecraft:potted_spruce_sapling	358	8720	1
minecraft:potted_birch_sapling	359	8721	1
minecraft:potted_jungle_sapling	360	8722	1
minecraft:potted_acacia_sapling	361	8723	1
minecraft:potted_cherry_sapling	362	8724	1
minecraft:potted_dark_oak_sapling	363	8725	1
minecraft:potted_mangrove_propagule	364	8726	1
minecraft:potted_fern	365	8727	1
minecraft:potted_dandelion	366	8728	1
minecraft:potted_poppy	367	8729	1
minecraft:potted_blue_orchid	368	8730	1
minecraft:potted_allium	369	8731	1
minecraft:potted_azure_bluet	370	8732	1
minecraft:potted_red_tulip	371	8733	1
minecraft:potted_orange_tulip	372	8734	1
minecraft:potted_white_tulip	373	8735	1
minecraft:potted_pink_tulip	374	8736	1
minecraft:potted_oxeye_daisy	375	8737	1
minecraft:potted_cornflower	376	8738	1
minecraft:potted_lily_of_the_valley	377	8739	1
minecraft:potted_wither_rose	378	8740	1
minecraft:potted_red_mushroom	379	8741	1
minecraft:potted_brown_mushroom	380	8742	1
minecraft:potted_dead_bush	381	8743	1
minecraft:potted_cactus	382	8744	1
minecraft:carrots	383	8745	8
minecraft:potatoes	384	8753	8
minecraft:oak_button	385	8761	24
minecraft:spruce_button	386	8785	24
minecraft:birch_button	387	8809	24
minecraft:jungle_button	388	8833	24
minecraft:acacia_button	389	8857	24
minecraft:cherry_button	390	8881	24
minecraft:dark_oak_button	391	8905	24
minecraft:mangrove_button	392	8929	24
minecraft:bamboo_button	393	8953	24
minecraft:skeleton_skull	394	8977	32
minecraft:skeleton_wall_skull	395	9009	8
minecraft:wither_skeleton_skull	396	9017	32
minecraft:wither_skeleton_wall_skull	397	9049	8
minecraft:zombie_head	398	9057	32
minecraft:zombie_wall_head	399	9089	8
minecraft:player_head	400	9097	32
minecraft:player_wall_head	401	9129	8
minecraft:creeper_head	402	9137	32
minecraft:creeper_wall_head	403	9169	8
minecraft:dragon_head	404	9177	32
minecraft:dragon_wall_head	405	9209	8
minecraft:piglin_head	406	9217	32
minecraft:piglin_wall_head	407	9249	8
minecraft:anvil	408	9257	4
minecraft:chipped_anvil	409	9261	4
minecraft:damaged_anvil	410	9265	4
minecraft:trapped_chest	411	9269	24
minecraft:light_weighted_pressure_plate	412	9293	16
minecraft:heavy_weighted_pressure_plate	413	9309	16
minecraft:comparator	414	9325	16
minecraft:daylight_detector	415	9341	32
minecraft:redstone_block	416	9373	1
minecraft:nether_quartz_ore	417	9374	1
minecraft:hopper	418	9375	10
minecraft:quartz_block	419	9385	1
minecraft:chiseled_quartz_block	420	9386	1
minecraft:quartz_pillar	421	9387	3
minecraft:quartz_stairs	422	9390	80
minecraft:activator_rail	423	9470	24
minecraft:dropper	424	9494	12
minecraft:white_terracotta	425	9506	1
minecraft:orange_terracotta	426	9507	1
minecraft:magenta_terracotta	427	9508	1
minecraft:light_blue_terracotta	428	9509	1
minecraft:yellow_terracotta	429	9510	1
minecraft:lime_terracotta	430	9511	1
minecraft:pink_terracotta	431	9512	1
minecraft:gray_terracotta	432	9513	1
minecraft:light_gray_terracotta	433	9514	1
minecraft:cyan_terracotta	434	9515	1
minecraft:purple_terracotta	435	9516	1
minecraft:blue_terracotta	436	9517	1
minecraft:brown_terracotta	437	9518	1
minecraft:green_terracotta	438	9519	1
minecraft:red_terracotta	439	9520	1
minecraft:black_terracotta	440	9521	1
minecraft:white_stained_glass_pane	441	9522	32
minecraft:orange_stained_glass_pane	442	9554	32
minecraft:magenta_stained_glass_pane	443	9586	32
minecraft:light_blue_stained_glass_pane	444	9618	32
minecraft:yellow_stained_glass_pane	445	9650	32
minecraft:lime_stained_glass_pane	446	9682	32
minecraft:pink_stained_glass_pane	447	9714	32
minecraft:gray_stained_glass_pane	448	9746	32
minecraft:light_gray_stained_glass_pane	449	9778	32
minecraft:cyan_stained_glass_pane	450	9810	32
minecraft:purple_stained_glass_pane	451	9842	32
minecraft:blue_stained_glass_pane	452	9874	32
minecraft:brown_stained_glass_pane	453	9906	32
minecraft:green_stained_glass_pane	454	9938	32
minecraft:red_stained_glass_pane	455	9970	32
minecraft:black_stained_glass_pane	456	10002	32
minecraft:acacia_stairs	457	10034	80
minecraft:cherry_stairs	458	10114	80
minecraft:dark_oak_stairs	459	10194	80
minecraft:mangrove_stairs	460	10274	80
minecraft:bamboo_stairs	461	10354	80
minecraft:bamboo_mosaic_stairs	462	10434	80
minecraft:slime_block	463	10514	1
minecraft:barrier	464	10515	2
minecraft:light	465	10517	32
minecraft:iron_trapdoor	466	10549	64
minecraft:prismarine	467	10613	1
minecraft:prismarine_bricks	468	10614	1
minecraft:dark_prismarine	469	10615	1
minecraft:prismarine_stairs	470	10616	80
minecraft:prismarine_brick_stairs	471	10696	80
minecraft:dark_prismarine_stairs	472	10776	80
minecraft:prismarine_slab	473	10856	6
minecraft:prismarine_brick_slab	474	10862	6
minecraft:dark_prismarine_slab	475	10868	6
minecraft:sea_lantern	476	10874	1
minecraft:hay_block	477	10875	3
minecraft:white_carpet	478	10878	1
minecraft:orange_carpet	479	10879	1
minecraft:magenta_carpet	480	10880	1
minecraft:light_blue_carpet	481	10881	1
minecraft:yellow_carpet	482	10882	1
minecraft:lime_carpet	483	10883	1
minecraft:pink_carpet	484	10884	1
minecraft:gray_carpet	485	10885	1
minecraft:light_gray_carpet	486	10886	1
minecraft:cyan_carpet	487	10887	1
minecraft:purple_carpet	488	10888	1
minecraft:blue_carpet	489	10889	1
minecraft:brown_carpet	490	10890	1
minecraft:green_carpet	491	10891	1
minecraft:red_carpet	492	10892	1
minecraft:black_carpet	493	10893	1
minecraft:terracotta	494	10894	1
minecraft:coal_block	495	10895	1
minecraft:packed_ice	496	10896	1
minecraft:sunflower	497	10897	2
minecraft:lilac	498	10899	2
minecraft:rose_bush	499	10901	2
minecraft:peony	500	10903	2
minecraft:tall_grass	501	10905	2
minecraft:large_fern	502	10907	2
minecraft:white_banner	503	10909	16
minecraft:orange_banner	504	10925	16
minecraft:magenta_banner	505	10941	16
minecraft:light_blue_banner	506	10957	16
minecraft:yellow_banner	507	10973	16
minecraft:lime_banner	508	10989	16
minecraft:pink_banner	509	11005	16
minecraft:gray_banner	510	11021	16
minecraft:light_gray_banner	511	11037	16
minecraft:cyan_banner	512	11053	16
minecraft:purple_banner	513	11069	16
minecraft:blue_banner	514	11085	16
minecraft:brown_banner	515	11101	16
minecraft:green_banner	516	11117	16
minecraft:red_banner	517	11133	16
minecraft:black_banner	518	11149	16
minecraft:white_wall_banner	519	11165	4
minecraft:orange_wall_banner	520	11169	4
minecraft:magenta_wall_banner	521	11173	4
minecraft:light_blue_wall_banner	522	11177	4
minecraft:yellow_wall_banner	523	11181	4
minecraft:lime_wall_banner	524	11185	4
minecraft:pink_wall_banner	525	11189	4
minecraft:gray_wall_banner	526	11193	4
minecraft:light_gray_wall_banner	527	11197	4
minecraft:cyan_wall_banner	528	11201	4
minecraft:purple_wall_banner	529	11205	4
minecraft:blue_wall_banner	530	11209	4
minecraft:brown_wall_banner	531	11213	4
minecraft:green_wall_banner	532	11217	4
minecraft:red_wall_banner	533	11221	4
minecraft:black_wall_banner	534	11225	4
minecraft:red_sandstone	535	11229	1
minecraft:chiseled_red_sandstone	536	11230	1
minecraft:cut_red_sandstone	537	11231	1
minecraft:red_sandstone_stairs	538	11232	80
minecraft:oak_slab	539	11312	6
minecraft:spruce_slab	540	11318	6
minecraft:birch_slab	541	11324	6
minecraft:jungle_slab	542	11330	6
minecraft:acacia_slab	543	11336	6
minecraft:cherry_slab	544	11342	6
minecraft:dark_oak_slab	545	11348	6
minecraft:mangrove_slab	546	11354	6
minecraft:bamboo_slab	547	11360	6
minecraft:bamboo_mosaic_slab	548	11366	6
minecraft:stone_slab	549	11372	6
minecraft:smooth_stone_slab	550	11378	6
minecraft:sandstone_slab	551	11384	6
minecraft:cut_sandstone_slab	552	11390	6
minecraft:petrified_oak_slab	553	11396	6
minecraft:cobblestone_slab	554	11402	6
minecraft:brick_slab	555	11408	6
minecraft:stone_brick_slab	556	11414	6
minecraft:mud_brick_slab	557	11420	6
minecraft:nether_brick_slab	558	11426	6
minecraft:quartz_slab	559	11432	6
minecraft:red_sandstone_slab	560	11438	6
minecraft:cut_red_sandstone_slab	561	11444	6
minecraft:purpur_slab	562	11450	6
minecraft:smooth_stone	563	11456	1
minecraft:smooth_sandstone	564	11457	1
minecraft:smooth_quartz	565	11458	1
minecraft:smooth_red_sandstone	566	11459	1
minecraft:spruce_fence_gate	567	11460	32
minecraft:birch_fence_gate	568	11492	32
minecraft:jungle_fence_gate	569	11524	32
minecraft:acacia_fence_gate	570	11556	32
minecraft:cherry_fence_gate	571	11588	32
minecraft:dark_oak_fence_gate	572	11620	32
minecraft:mangrove_fence_gate	573	11652	32
minecraft:bamboo_fence_gate	574	11684	32
minecraft:spruce_fence	575	11716	32
minecraft:birch_fence	576	11748	32
minecraft:jungle_fence	577	11780	32
minecraft:acacia_fence	578	11812	32
minecraft:cherry_fence	579	11844	32
minecraft:dark_oak_fence	580	11876	32
minecraft:mangrove_fence	581	11908	32
minecraft:bamboo_fence	582	11940	32
minecraft:spruce_door	583	11972	64
minecraft:birch_door	584	12036	64
minecraft:jungle_door	585	12100	64
minecraft:acacia_door	586	12164	64
minecraft:cherry_door	587	12228	64
minecraft:dark_oak_door	588	12292	64
minecraft:mangrove_door	589	12356	64
minecraft:bamboo_door	590	12420	64
minecraft:end_rod	591	12484	6
minecraft:chorus_plant	592	12490	64
minecraft:chorus_flower	593	12554	6
minecraft:purpur_block	594	12560	1
minecraft:purpur_pillar	595	12561	3
minecraft:purpur_stairs	596	12564	80
minecraft:end_stone_bricks	597	12644	1
minecraft:torchflower_crop	598	12645	2
minecraft:pitcher_crop	599	12647	10
minecraft:pitcher_plant	600	12657	2
minecraft:beetroots	601	12659	4
minecraft:dirt_path	602	12663	1
minecraft:end_gateway	603	12664	1
minecraft:repeating_command_block	604	12665	12
minecraft:chain_command_block	605	12677	12
minecraft:frosted_ice	606	12689	4
minecraft:magma_block	607	12693	1
minecraft:nether_wart_block	608	12694	1
minecraft:red_nether_bricks	609	12695	1
minecraft:bone_block	610	12696	3
minecraft:structure_void	611	12699	1
minecraft:observer	612	12700	12
minecraft:shulker_box	613	12712	6
minecraft:white_shulker_box	614	12718	6
minecraft:orange_shulker_box	615	12724	6
minecraft:magenta_shulker_box	616	12730	6
minecraft:light_blue_shulker_box	617	12736	6
minecraft:yellow_shulker_box	618	12742	6
minecraft:lime_shulker_box	619	12748	6
minecraft:pink_shulker_box	620	12754	6
minecraft:gray_shulker_box	621	12760	6
minecraft:light_gray_shulker_box	622	12766	6
minecraft:cyan_shulker_box	623	12772	6
minecraft:purple_shulker_box	624	12778	6
minecraft:blue_shulker_box	625	12784	6
minecraft:brown_shulker_box	626	12790	6
minecraft:green_shulker_box	627	12796	6
minecraft:red_shulker_box	628	12802	6
minecraft:black_shulker_box	629	12808	6
minecraft:white_glazed_terracotta	630	12814	4
minecraft:orange_glazed_terracotta	631	12818	4
minecraft:magenta_glazed_terracotta	632	12822	4
minecraft:light_blue_glazed_terracotta	633	12826	4
minecraft:yellow_glazed_terracotta	634	12830	4
minecraft:lime_glazed_terracotta	635	12834	4
minecraft:pink_glazed_terracotta	636	12838	4
minecraft:gray_glazed_terracotta	637	12842	4
minecraft:light_gray_glazed_terracotta	638	12846	4
minecraft:cyan_glazed_terracotta	639	12850	4
minecraft:purple_glazed_terracotta	640	12854	4
minecraft:blue_glazed_terracotta	641	12858	4
minecraft:brown_glazed_terracotta	642	12862	4
minecraft:green_glazed_terracotta	643	12866	4
minecraft:red_glazed_terracotta	644	12870	4
minecraft:black_glazed_terracotta	645	12874	4
minecraft:white_concrete	646	12878	1
minecraft:orange_concrete	647	12879	1
minecraft:magenta_concrete	648	12880	1
minecraft:light_blue_concrete	649	12881	1
minecraft:yellow_concrete	650	12882	1
minecraft:lime_concrete	651	12883	1
minecraft:pink_concrete	652	12884	1
minecraft:gray_concrete	653	12885	1
minecraft:light_gray_concrete	654	12886	1
minecraft:cyan_concrete	655	12887	1
minecraft:purple_concrete	656	12888	1
minecraft:blue_concrete	657	12889	1
minecraft:brown_concrete	658	12890	1
minecraft:green_concrete	659	12891	1
minecraft:red_concrete	660	12892	1
minecraft:black_concrete	661	12893	1
minecraft:white_concrete_powder	662	12894	1
minecraft:orange_concrete_powder	663	12895	1
minecraft:magenta_concrete_powder	664	12896	1
minecraft:light_blue_concrete_powder	665	12897	1
minecraft:yellow_concrete_powder	666	12898	1
minecraft:lime_concrete_powder	667	12899	1
minecraft:pink_concrete_powder	668	12900	1
minecraft:gray_concrete_powder	669	12901	1
minecraft:light_gray_concrete_powder	670	12902	1
minecraft:cyan_concrete_powder	671	12903	1
minecraft:purple_concrete_powder	672	12904	1
minecraft:blue_concrete_powder	673	12905	1
minecraft:brown_concrete_powder	674	12906	1
minecraft:green_concrete_powder	675	12907	1
minecraft:red_concrete_powder	676	12908	1
minecraft:black_concrete_powder	677	12909	1
minecraft:kelp	678	12910	26
minecraft:kelp_plant	679	12936	1
minecraft:dried_kelp_block	680	12937	1
minecraft:turtle_egg	681	12938	12
minecraft:sniffer_egg	682	12950	3
minecraft:dead_tube_coral_block	683	12953	1
minecraft:dead_brain_coral_block	684	12954	1
minecraft:dead_bubble_coral_block	685	12955	1
minecraft:dead_fire_coral_block	686	12956	1
minecraft:dead_horn_coral_block	687	12957	1
minecraft:tube_coral_block	688	12958	1
minecraft:brain_coral_block	689	12959	1
minecraft:bubble_coral_block	690	12960	1
minecraft:fire_coral_block	691	12961	1
minecraft:horn_coral_block	692	12962	1
minecraft:dead_tube_coral	693	12963	2
minecraft:dead_brain_coral	694	12965	2
minecraft:dead_bubble_coral	695	12967	2
minecraft:dead_fire_coral	696	12969	2
minecraft:dead_horn_coral	697	12971	2
minecraft:tube_coral	698	12973	2
minecraft:brain_coral	699	12975	2
minecraft:bubble_coral	700	12977	2
minecraft:fire_coral	701	12979	2
minecraft:horn_coral	702	12981	2
minecraft:dead_tube_coral_fan	703	12983	2
minecraft:dead_brain_coral_fan	704	12985	2
minecraft:dead_bubble_coral_fan	705	12987	2
minecraft:dead_fire_coral_fan	706	12989	2
minecraft:dead_horn_coral_fan	707	12991	2
minecraft:tube_coral_fan	708	12993	2
minecraft:brain_coral_fan	709	12995	2
minecraft:bubble_coral_fan	710	12997	2
minecraft:fire_coral_fan	711	12999	2
minecraft:horn_coral_fan	712	13001	2
minecraft:dead_tube_coral_wall_fan	713	13003	8
minecraft:dead_brain_coral_wall_fan	714	13011	8
minecraft:dead_bubble_coral_wall_fan	715	13019	8
minecraft:dead_fire_coral_wall_fan	716	13027	8
minecraft:dead_horn_coral_wall_fan	717	13035	8
minecraft:tube_coral_wall_fan	718	13043	8
minecraft:brain_coral_wall_fan	719	13051	8
minecraft:bubble_coral_wall_fan	720	13059	8
minecraft:fire_coral_wall_fan	721	13067	8
minecraft:horn_coral_wall_fan	722	13075	8
minecraft:sea_pickle	723	13083	8
minecraft:blue_ice	724	13091	1
minecraft:conduit	725	13092	2
minecraft:bamboo_sapling	726	13094	1
minecraft:bamboo	727	13095	12
minecraft:potted_bamboo	728	13107	1
minecraft:void_air	729	13108	1
minecraft:cave_air	730	13109	1
minecraft:bubble_column	731	13110	2
minecraft:polished_granite_stairs	732	13112	80
minecraft:smooth_red_sandstone_stairs	733	13192	80
minecraft:mossy_stone_brick_stairs	734	13272	80
minecraft:polished_diorite_stairs	735	13352	80
minecraft:mossy_cobblestone_stairs	736	13432	80
minecraft:end_stone_brick_stairs	737	13512	80
minecraft:stone_stairs	738	13592	80
minecraft:smooth_sandstone_stairs	739	13672	80
minecraft:smooth_quartz_stairs	740	13752	80
minecraft:granite_stairs	741	13832	80
minecraft:andesite_stairs	742	13912	80
minecraft:red_nether_brick_stairs	743	13992	80
minecraft:polished_andesite_stairs	744	14072	80
minecraft:diorite_stairs	745	14152	80
minecraft:polished_granite_slab	746	14232	6
minecraft:smooth_red_sandstone_slab	747	14238	6
minecraft:mossy_stone_brick_slab	748	14244	6
minecraft:polished_diorite_slab	749	14250	6
minecraft:mossy_cobblestone_slab	750	14256	6
minecraft:end_stone_brick_slab	751	14262	6
minecraft:smooth_sandstone_slab	752	14268	6
minecraft:smooth_quartz_slab	753	14274	6
minecraft:granite_slab	754	14280	6
minecraft:andesite_slab	755	14286	6
minecraft:red_nether_brick_slab	756	14292	6
minecraft:polished_andesite_slab	757	14298	6
minecraft:diorite_slab	758	14304	6
minecraft:brick_wall	759	14310	324
minecraft:prismarine_wall	760	14634	324
minecraft:red_sandstone_wall	761	14958	324
minecraft:mossy_stone_brick_wall	762	15282	324
minecraft:granite_wall	763	15606	324
minecraft:stone_brick_wall	764	15930	324
minecraft:mud_brick_wall	765	16254	324
minecraft:nether_brick_wall	766	16578	324
minecraft:andesite_wall	767	16902	324
minecraft:red_nether_brick_wall	768	17226	324
minecraft:sandstone_wall	769	17550	324
minecraft:end_stone_brick_wall	770	17874	324
minecraft:diorite_wall	771	18198	324
minecraft:scaffolding	772	18522	32
minecraft:loom	773	18554	4
minecraft:barrel	774	18558	12
minecraft:smoker	775	18570	8
minecraft:blast_furnace	776	18578	8
minecraft:cartography_table	777	18586	1
minecraft:fletching_table	778	18587	1
minecraft:grindstone	779	18588	12
minecraft:lectern	780	18600	16
minecraft:smithing_table	781	18616	1
minecraft:stonecutter	782	18617	4
minecraft:bell	783	18621	32
minecraft:lantern	784	18653	4
minecraft:soul_lantern	785	18657	4
minecraft:campfire	786	18661	32
minecraft:soul_campfire	787	18693	32
minecraft:sweet_berry_bush	788	18725	4
minecraft:warped_stem	789	18729	3
minecraft:stripped_warped_stem	790	18732	3
minecraft:warped_hyphae	791	18735	3
minecraft:stripped_warped_hyphae	792	18738	3
minecraft:warped_nylium	793	18741	1
minecraft:warped_fungus	794	18742	1
minecraft:warped_wart_block	795	18743	1
minecraft:warped_roots	796	18744	1
minecraft:nether_sprouts	797	18745	1
minecraft:crimson_stem	798	18746	3
minecraft:stripped_crimson_stem	799	18749	3
minecraft:crimson_hyphae	800	18752	3
minecraft:stripped_crimson_hyphae	801	18755	3
minecraft:crimson_nylium	802	18758	1
minecraft:crimson_fungus	803	18759	1
minecraft:shroomlight	804	18760	1
minecraft:weeping_vines	805	18761	26
minecraft:weeping_vines_plant	806	18787	1
minecraft:twisting_vines	807	18788	26
minecraft:twisting_vines_plant	808	18814	1
minecraft:crimson_roots	809	18815	1
minecraft:crimson_planks	810	18816	1
minecraft:warped_planks	811	18817	1
minecraft:crimson_slab	812	18818	6
minecraft:warped_slab	813	18824	6
minecraft:crimson_pressure_plate	814	18830	2
minecraft:warped_pressure_plate	815	18832	2
minecraft:crimson_fence	816	18834	32
minecraft:warped_fence	817	18866	32
minecraft:crimson_trapdoor	818	18898	64
minecraft:warped_trapdoor	819	18962	64
minecraft:crimson_fence_gate	820	19026	32
minecraft:warped_fence_gate	821	19058	32
minecraft:crimson_stairs	822	19090	80
minecraft:warped_stairs	823	19170	80
minecraft:crimson_button	824	19250	24
minecraft:warped_button	825	19274	24
minecraft:crimson_door	826	19298	64
minecraft:warped_door	827	19362	64
minecraft:crimson_sign	828	19426	32
minecraft:warped_sign	829	19458	32
minecraft:crimson_wall_sign	830	19490	8
minecraft:warped_wall_sign	831	19498	8
minecraft:structure_block	832	19506	4
minecraft:jigsaw	833	19510	12
minecraft:composter	834	19522	9
minecraft:target	835	19531	16
minecraft:bee_nest	836	19547	24
minecraft:beehive	837	19571	24
minecraft:honey_block	838	19595	1
minecraft:honeycomb_block	839	19596	1
minecraft:netherite_block	840	19597	1
minecraft:ancient_debris	841	19598	1
minecraft:crying_obsidian	842	19599	1
minecraft:respawn_anchor	843	19600	5
minecraft:potted_crimson_fungus	844	19605	1
minecraft:potted_warped_fungus	845	19606	1
minecraft:potted_crimson_roots	846	19607	1
minecraft:potted_warped_roots	847	19608	1
minecraft:lodestone	848	19609	1
minecraft:blackstone	849	19610	1
minecraft:blackstone_stairs	850	19611	80
minecraft:blackstone_wall	851	19691	324
minecraft:blackstone_slab	852	20015	6
minecraft:polished_blackstone	853	20021	1
minecraft:polished_blackstone_bricks	854	20022	1
minecraft:cracked_polished_blackstone_bricks	855	20023	1
minecraft:chiseled_polished_blackstone	856	20024	1
minecraft:polished_blackstone_brick_slab	857	20025	6
minecraft:polished_blackstone_brick_stairs	858	20031	80
minecraft:polished_blackstone_brick_wall	859	20111	324
minecraft:gilded_blackstone	860	20435	1
minecraft:polished_blackstone_stairs	861	20436	80
minecraft:polished_blackstone_slab	862	20516	6
minecraft:polished_blackstone_pressure_plate	863	20522	2
minecraft:polished_blackstone_button	864	20524	24
minecraft:polished_blackstone_wall	865	20548	324
minecraft:chiseled_nether_bricks	866	20872	1
minecraft:cracked_nether_bricks	867	20873	1
minecraft:quartz_bricks	868	20874	1
minecraft:candle	869	20875	16
minecraft:white_candle	870	20891	16
minecraft:orange_candle	871	20907	16
minecraft:magenta_candle	872	20923	16
minecraft:light_blue_candle	873	20939	16
minecraft:yellow_candle	874	20955	16
minecraft:lime_candle	875	20971	16
minecraft:pink_candle	876	20987	16
minecraft:gray_candle	877	21003	16
minecraft:light_gray_candle	878	21019	16
minecraft:cyan_candle	879	21035	16
minecraft:purple_candle	880	21051	16
minecraft:blue_candle	881	21067	16
minecraft:brown_candle	882	21083	16
minecraft:green_candle	883	21099	16
minecraft:red_candle	884	21115	16
minecraft:black_candle	885	21131	16
minecraft:candle_cake	886	21147	2
minecraft:white_candle_cake	887	21149	2
minecraft:orange_candle_cake	888	21151	2
minecraft:magenta_candle_cake	889	21153	2
minecraft:light_blue_candle_cake	890	21155	2
minecraft:yellow_candle_cake	891	21157	2
minecraft:lime_candle_cake	892	21159	2
minecraft:pink_candle_cake	893	21161	2
minecraft:gray_candle_cake	894	21163	2
minecraft:light_gray_candle_cake	895	21165	2
minecraft:cyan_candle_cake	896	21167	2
minecraft:purple_candle_cake	897	21169	2
minecraft:blue_candle_cake	898	21171	2
minecraft:brown_candle_cake	899	21173	2
minecraft:green_candle_cake	900	21175	2
minecraft:red_candle_cake	901	21177	2
minecraft:black_candle_cake	902	21179	2
minecraft:amethyst_block	903	21181	1
minecraft:budding_amethyst	904	21182	1
minecraft:amethyst_cluster	905	21183	12
minecraft:large_amethyst_bud	906	21195	12
minecraft:medium_amethyst_bud	907	21207	12
minecraft:small_amethyst_bud	908	21219	12
minecraft:tuff	909	21231	1
minecraft:tuff_slab	910	21232	6
minecraft:tuff_stairs	911	21238	80
minecraft:tuff_wall	912	21318	324
minecraft:polished_tuff	913	21642	1
minecraft:polished_tuff_slab	914	21643	6
minecraft:polished_tuff_stairs	915	21649	80
minecraft:polished_tuff_wall	916	21729	324
minecraft:chiseled_tuff	917	22053	1
minecraft:tuff_bricks	918	22054	1
minecraft:tuff_brick_slab	919	22055	6
minecraft:tuff_brick_stairs	920	22061	80
minecraft:tuff_brick_wall	921	22141	324
minecraft:chiseled_tuff_bricks	922	22465	1
minecraft:calcite	923	22466	1
minecraft:tinted_glass	924	22467	1
minecraft:powder_snow	925	22468	1
minecraft:sculk_sensor	926	22469	96
minecraft:calibrated_sculk_sensor	927	22565	384
minecraft:sculk	928	22949	1
minecraft:sculk_vein	929	22950	128
minecraft:sculk_catalyst	930	23078	2
minecraft:sculk_shrieker	931	23080	8
minecraft:copper_block	932	23088	1
minecraft:exposed_copper	933	23089	1
minecraft:weathered_copper	934	23090	1
minecraft:oxidized_copper	935	23091	1
minecraft:copper_ore	936	23092	1
minecraft:deepslate_copper_ore	937	23093	1
minecraft:oxidized_cut_copper	938	23094	1
minecraft:weathered_cut_copper	939	23095	1
minecraft:exposed_cut_copper	940	23096	1
minecraft:cut_copper	941	23097	1
minecraft:oxidized_chiseled_copper	942	23098	1
minecraft:weathered_chiseled_copper	943	23099	1
minecraft:exposed_chiseled_copper	944	23100	1
minecraft:chiseled_copper	945	23101	1
minecraft:waxed_oxidized_chiseled_copper	946	23102	1
minecraft:waxed_weathered_chiseled_copper	947	23103	1
minecraft:waxed_exposed_chiseled_copper	948	23104	1
minecraft:waxed_chiseled_copper	949	23105	1
minecraft:oxidized_cut_copper_stairs	950	23106	80
minecraft:weathered_cut_copper_stairs	951	23186	80
minecraft:exposed_cut_copper_stairs	952	23266	80
minecraft:cut_copper_stairs	953	23346	80
minecraft:oxidized_cut_copper_slab	954	23426	6
minecraft:weathered_cut_copper_slab	955	23432	6
minecraft:exposed_cut_copper_slab	956	23438	6
minecraft:cut_copper_slab	957	23444	6
minecraft:waxed_copper_block	958	23450	1
minecraft:waxed_weathered_copper	959	23451	1
minecraft:waxed_exposed_copper	960	23452	1
minecraft:waxed_oxidized_copper	961	23453	1
minecraft:waxed_oxidized_cut_copper	962	23454	1
minecraft:waxed_weathered_cut_copper	963	23455	1
minecraft:waxed_exposed_cut_copper	964	23456	1
minecraft:waxed_cut_copper	965	23457	1
minecraft:waxed_oxidized_cut_copper_stairs	966	23458	80
minecraft:waxed_weathered_cut_copper_stairs	967	23538	80
minecraft:waxed_exposed_cut_copper_stairs	968	23618	80
minecraft:waxed_cut_copper_stairs	969	23698	80
minecraft:waxed_oxidized_cut_copper_slab	970	23778	6
minecraft:waxed_weathered_cut_copper_slab	971	23784	6
minecraft:waxed_exposed_cut_copper_slab	972	23790	6
minecraft:waxed_cut_copper_slab	973	23796	6
minecraft:copper_door	974	23802	64
minecraft:exposed_copper_door	975	23866	64
minecraft:oxidized_copper_door	976	23930	64
minecraft:weathered_copper_door	977	23994	64
minecraft:waxed_copper_door	978	24058	64
minecraft:waxed_exposed_copper_door	979	24122	64
minecraft:waxed_oxidized_copper_door	980	24186	64
minecraft:waxed_weathered_copper_door	981	24250	64
minecraft:copper_trapdoor	982	24314	64
minecraft:exposed_copper_trapdoor	983	24378	64
minecraft:oxidized_copper_trapdoor	984	24442	64
minecraft:weathered_copper_trapdoor	985	24506	64
minecraft:waxed_copper_trapdoor	986	24570	64
minecraft:waxed_exposed_copper_trapdoor	987	24634	64
minecraft:waxed_oxidized_copper_trapdoor	988	24698	64
minecraft:waxed_weathered_copper_trapdoor	989	24762	64
minecraft:copper_grate	990	24826	2
minecraft:exposed_copper_grate	991	24828	2
minecraft:weathered_copper_grate	992	24830	2
minecraft:oxidized_copper_grate	993	24832	2
minecraft:waxed_copper_grate	994	24834	2
minecraft:waxed_exposed_copper_grate	995	24836	2
minecraft:waxed_weathered_copper_grate	996	24838	2
minecraft:waxed_oxidized_copper_grate	997	24840	2
minecraft:copper_bulb	998	24842	4
minecraft:exposed_copper_bulb	999	24846	4
minecraft:weathered_copper_bulb	1000	24850	4
minecraft:oxidized_copper_bulb	1001	24854	4
minecraft:waxed_copper_bulb	1002	24858	4
minecraft:waxed_exposed_copper_bulb	1003	24862	4
minecraft:waxed_weathered_copper_bulb	1004	24866	4
minecraft:waxed_oxidized_copper_bulb	1005	24870	4
minecraft:lightning_rod	1006	24874	24
minecraft:pointed_dripstone	1007	24898	20
minecraft:dripstone_block	1008	24918	1
minecraft:cave_vines	1009	24919	52
minecraft:cave_vines_plant	1010	24971	2
minecraft:spore_blossom	1011	24973	1
minecraft:azalea	1012	24974	1
minecraft:flowering_azalea	1013	24975	1
minecraft:moss_carpet	1014	24976	1
minecraft:pink_petals	1015	24977	16
minecraft:moss_block	1016	24993	1
minecraft:big_dripleaf	1017	24994	32
minecraft:big_dripleaf_stem	1018	25026	8
minecraft:small_dripleaf	1019	25034	16
minecraft:hanging_roots	1020	25050	2
minecraft:rooted_dirt	1021	25052	1
minecraft:mud	1022	25053	1
minecraft:deepslate	1023	25054	3
minecraft:cobbled_deepslate	1024	25057	1
minecraft:cobbled_deepslate_stairs	1025	25058	80
minecraft:cobbled_deepslate_slab	1026	25138	6
minecraft:cobbled_deepslate_wall	1027	25144	324
minecraft:polished_deepslate	1028	25468	1
minecraft:polished_deepslate_stairs	1029	25469	80
minecraft:polished_deepslate_slab	1030	25549	6
minecraft:polished_deepslate_wall	1031	25555	324
minecraft:deepslate_tiles	1032	25879	1
minecraft:deepslate_tile_stairs	1033	25880	80
minecraft:deepslate_tile_slab	1034	25960	6
minecraft:deepslate_tile_wall	1035	25966	324
minecraft:deepslate_bricks	1036	26290	1
minecraft:deepslate_brick_stairs	1037	26291	80
minecraft:deepslate_brick_slab	1038	26371	6
minecraft:deepslate_brick_wall	1039	26377	324
minecraft:chiseled_deepslate	1040	26701	1
minecraft:cracked_deepslate_bricks	1041	26702	1
minecraft:cracked_deepslate_tiles	1042	26703	1
minecraft:infested_deepslate	1043	26704	3
minecraft:smooth_basalt	1044	26707	1
minecraft:raw_iron_block	1045	26708	1
minecraft:raw_copper_block	1046	26709	1
minecraft:raw_gold_block	1047	26710	1
minecraft:potted_azalea_bush	1048	26711	1
minecraft:potted_flowering_azalea_bush	1049	26712	1
minecraft:ochre_froglight	1050	26713	3
minecraft:verdant_froglight	1051	26716	3
minecraft:pearlescent_froglight	1052	26719	3
minecraft:frogspawn	1053	26722	1
minecraft:reinforced_deepslate	1054	26723	1
minecraft:decorated_pot	1055	26724	16
minecraft:crafter	1056	26740	48
minecraft:trial_spawner	1057	26788	12
minecraft:vault	1058	26800	32
minecraft:heavy_core	1059	26832	2
prefab:block_compressed_stone	1060	26834	1
prefab:block_double_compressed_stone	1061	26835	1
prefab:block_triple_compressed_stone	1062	26836	1
prefab:block_compressed_dirt	1063	26837	1
prefab:block_double_compressed_dirt	1064	26838	1
prefab:block_compressed_glowstone	1065	26839	1
prefab:block_double_compressed_glowstone	1066	26840	1
prefab:block_compressed_quartz_crete	1067	26841	1
prefab:block_double_compressed_quartz_crete	1068	26842	1
prefab:block_compressed_obsidian	1069	26843	1
prefab:block_double_compressed_obsidian	1070	26844	1
prefab:block_glass_slab	1071	26845	6
prefab:block_glass_stairs	1072	26851	80
prefab:block_paper_lantern	1073	26931	1
prefab:block_phasic	1074	26932	12
prefab:block_boundary	1075	26944	2
prefab:block_grass_slab	1076	26946	6
prefab:block_grass_stairs	1077	26952	80
prefab:block_grass_wall	1078	27032	324
prefab:block_dirt_wall	1079	27356	324
prefab:block_dirt_stairs	1080	27680	80
prefab:block_dirt_slab	1081	27760	6
prefab:item_pile_of_bricks	1082	27766	4
prefab:item_pallet_of_bricks	1083	27770	4
prefab:item_bundle_of_timber	1084	27774	4
prefab:item_heap_of_timber	1085	27778	4
prefab:item_ton_of_timber	1086	27782	4
prefab:item_wooden_crate	1087	27786	6
prefab:item_carton_of_eggs	1088	27792	6
prefab:item_crate_of_potatoes	1089	27798	6
prefab:item_crate_of_carrots	1090	27804	6
prefab:item_crate_of_beets	1091	27810	6
prefab:block_light_switch	1092	27816	24
prefab:block_dark_lamp	1093	27840	2
prefab:block_quartz_crete	1094	27842	1
prefab:block_quartz_crete_wall	1095	27843	324
prefab:block_quartz_crete_bricks	1096	28167	1
prefab:block_quartz_crete_chiseled	1097	28168	1
prefab:block_quartz_crete_pillar	1098	28169	3
prefab:block_quartz_crete_stairs	1099	28172	80
prefab:block_quartz_crete_slab	1100	28252	6
prefab:block_quartz_crete_smooth	1101	28258	1
prefab:block_quartz_crete_smooth_wall	1102	28259	324
prefab:block_quartz_crete_smooth_stairs	1103	28583	80
prefab:block_quartz_crete_smooth_slab	1104	28663	6
irons_lib:transmog_table	1105	28669	1
irons_lib:player_statue	1106	28670	1024
irons_patreon_lib:transmog_table	1107	29694	1
irons_patreon_lib:player_statue	1108	29695	1024
mcwwindows:oak_window	1109	30719	32
mcwwindows:oak_window2	1110	30751	16
mcwwindows:oak_four_window	1111	30767	16
mcwwindows:stripped_oak_log_window	1112	30783	32
mcwwindows:stripped_oak_log_window2	1113	30815	16
mcwwindows:stripped_oak_log_four_window	1114	30831	16
mcwwindows:oak_plank_window	1115	30847	32
mcwwindows:oak_plank_window2	1116	30879	16
mcwwindows:oak_plank_four_window	1117	30895	16
mcwwindows:spruce_window	1118	30911	32
mcwwindows:spruce_window2	1119	30943	16
mcwwindows:spruce_four_window	1120	30959	16
mcwwindows:stripped_spruce_log_window	1121	30975	32
mcwwindows:stripped_spruce_log_window2	1122	31007	16
mcwwindows:stripped_spruce_log_four_window	1123	31023	16
mcwwindows:spruce_plank_window	1124	31039	32
mcwwindows:spruce_plank_window2	1125	31071	16
mcwwindows:spruce_plank_four_window	1126	31087	16
mcwwindows:birch_window	1127	31103	32
mcwwindows:birch_window2	1128	31135	16
mcwwindows:birch_four_window	1129	31151	16
mcwwindows:stripped_birch_log_window	1130	31167	32
mcwwindows:stripped_birch_log_window2	1131	31199	16
mcwwindows:stripped_birch_log_four_window	1132	31215	16
mcwwindows:birch_plank_window	1133	31231	32
mcwwindows:birch_plank_window2	1134	31263	16
mcwwindows:birch_plank_four_window	1135	31279	16
mcwwindows:jungle_window	1136	31295	32
mcwwindows:jungle_window2	1137	31327	16
mcwwindows:jungle_four_window	1138	31343	16
mcwwindows:stripped_jungle_log_window	1139	31359	32
mcwwindows:stripped_jungle_log_window2	1140	31391	16
mcwwindows:stripped_jungle_log_four_window	1141	31407	16
mcwwindows:jungle_plank_window	1142	31423	32
mcwwindows:jungle_plank_window2	1143	31455	16
mcwwindows:jungle_plank_four_window	1144	31471	16
mcwwindows:acacia_window	1145	31487	32
mcwwindows:acacia_window2	1146	31519	16
mcwwindows:acacia_four_window	1147	31535	16
mcwwindows:stripped_acacia_log_window	1148	31551	32
mcwwindows:stripped_acacia_log_window2	1149	31583	16
mcwwindows:stripped_acacia_log_four_window	1150	31599	16
mcwwindows:acacia_plank_window	1151	31615	32
mcwwindows:acacia_plank_window2	1152	31647	16
mcwwindows:acacia_plank_four_window	1153	31663	16
mcwwindows:dark_oak_window	1154	31679	32
mcwwindows:dark_oak_window2	1155	31711	16
mcwwindows:dark_oak_four_window	1156	31727	16
mcwwindows:stripped_dark_oak_log_window	1157	31743	32
mcwwindows:stripped_dark_oak_log_window2	1158	31775	16
mcwwindows:stripped_dark_oak_log_four_window	1159	31791	16
mcwwindows:dark_oak_plank_window	1160	31807	32
mcwwindows:dark_oak_plank_window2	1161	31839	16
mcwwindows:dark_oak_plank_four_window	1162	31855	16
mcwwindows:mangrove_window	1163	31871	32
mcwwindows:mangrove_window2	1164	31903	16
mcwwindows:mangrove_four_window	1165	31919	16
mcwwindows:stripped_mangrove_log_window	1166	31935	32
mcwwindows:stripped_mangrove_log_window2	1167	31967	16
mcwwindows:stripped_mangrove_log_four_window	1168	31983	16
mcwwindows:mangrove_plank_window	1169	31999	32
mcwwindows:mangrove_plank_window2	1170	32031	16
mcwwindows:mangrove_plank_four_window	1171	32047	16
mcwwindows:crimson_stem_window	1172	32063	32
mcwwindows:crimson_stem_window2	1173	32095	16
mcwwindows:crimson_stem_four_window	1174	32111	16
mcwwindows:stripped_crimson_stem_window	1175	32127	32
mcwwindows:stripped_crimson_stem_window2	1176	32159	16
mcwwindows:stripped_crimson_stem_four_window	1177	32175	16
mcwwindows:crimson_planks_window	1178	32191	32
mcwwindows:crimson_planks_window2	1179	32223	16
mcwwindows:crimson_planks_four_window	1180	32239	16
mcwwindows:warped_stem_window	1181	32255	32
mcwwindows:warped_stem_window2	1182	32287	16
mcwwindows:warped_stem_four_window	1183	32303	16
mcwwindows:stripped_warped_stem_window	1184	32319	32
mcwwindows:stripped_warped_stem_window2	1185	32351	16
mcwwindows:stripped_warped_stem_four_window	1186	32367	16
mcwwindows:warped_planks_window	1187	32383	32
mcwwindows:warped_planks_window2	1188	32415	16
mcwwindows:warped_planks_four_window	1189	32431	16
mcwwindows:andesite_window	1190	32447	32
mcwwindows:andesite_window2	1191	32479	16
mcwwindows:andesite_four_window	1192	32495	16
mcwwindows:diorite_window	1193	32511	32
mcwwindows:diorite_window2	1194	32543	16
mcwwindows:diorite_four_window	1195	32559	16
mcwwindows:granite_window	1196	32575	32
mcwwindows:granite_window2	1197	32607	16
mcwwindows:granite_four_window	1198	32623	16
mcwwindows:stone_window	1199	32639	32
mcwwindows:stone_window2	1200	32671	16
mcwwindows:stone_four_window	1201	32687	16
mcwwindows:blackstone_window	1202	32703	32
mcwwindows:blackstone_window2	1203	32735	16
mcwwindows:blackstone_four_window	1204	32751	16
mcwwindows:prismarine_window	1205	32767	32
mcwwindows:prismarine_window2	1206	32799	16
mcwwindows:prismarine_four_window	1207	32815	16
mcwwindows:dark_prismarine_window	1208	32831	32
mcwwindows:dark_prismarine_window2	1209	32863	16
mcwwindows:dark_prismarine_four_window	1210	32879	16
mcwwindows:oak_log_parapet	1211	32895	8
mcwwindows:spruce_log_parapet	1212	32903	8
mcwwindows:birch_log_parapet	1213	32911	8
mcwwindows:jungle_log_parapet	1214	32919	8
mcwwindows:acacia_log_parapet	1215	32927	8
mcwwindows:dark_oak_log_parapet	1216	32935	8
mcwwindows:crimson_stem_parapet	1217	32943	8
mcwwindows:warped_stem_parapet	1218	32951	8
mcwwindows:mangrove_log_parapet	1219	32959	8
mcwwindows:oak_plank_parapet	1220	32967	8
mcwwindows:spruce_plank_parapet	1221	32975	8
mcwwindows:birch_plank_parapet	1222	32983	8
mcwwindows:jungle_plank_parapet	1223	32991	8
mcwwindows:acacia_plank_parapet	1224	32999	8
mcwwindows:dark_oak_plank_parapet	1225	33007	8
mcwwindows:crimson_plank_parapet	1226	33015	8
mcwwindows:warped_plank_parapet	1227	33023	8
mcwwindows:mangrove_plank_parapet	1228	33031	8
mcwwindows:andesite_parapet	1229	33039	8
mcwwindows:diorite_parapet	1230	33047	8
mcwwindows:granite_parapet	1231	33055	8
mcwwindows:blackstone_parapet	1232	33063	8
mcwwindows:prismarine_parapet	1233	33071	8
mcwwindows:dark_prismarine_parapet	1234	33079	8
mcwwindows:stone_brick_gothic	1235	33087	32
mcwwindows:end_brick_gothic	1236	33119	32
mcwwindows:nether_brick_gothic	1237	33151	32
mcwwindows:prismarine_brick_gothic	1238	33183	32
mcwwindows:mud_brick_gothic	1239	33215	32
mcwwindows:dark_prismarine_brick_gothic	1240	33247	32
mcwwindows:blackstone_brick_gothic	1241	33279	32
mcwwindows:stone_brick_arrow_slit	1242	33311	16
mcwwindows:cobblestone_arrow_slit	1243	33327	16
mcwwindows:nether_brick_arrow_slit	1244	33343	16
mcwwindows:ender_brick_arrow_slit	1245	33359	16
mcwwindows:mud_brick_arrow_slit	1246	33375	16
mcwwindows:blackstone_brick_arrow_slit	1247	33391	16
mcwwindows:prismarine_brick_arrow_slit	1248	33407	16
mcwwindows:dark_prismarine_brick_arrow_slit	1249	33423	16
mcwwindows:oak_blinds	1250	33439	24
mcwwindows:spruce_blinds	1251	33463	24
mcwwindows:birch_blinds	1252	33487	24
mcwwindows:jungle_blinds	1253	33511	24
mcwwindows:acacia_blinds	1254	33535	24
mcwwindows:dark_oak_blinds	1255	33559	24
mcwwindows:crimson_blinds	1256	33583	24
mcwwindows:warped_blinds	1257	33607	24
mcwwindows:mangrove_blinds	1258	33631	24
mcwwindows:white_mosaic_glass	1259	33655	4
mcwwindows:orange_mosaic_glass	1260	33659	4
mcwwindows:magenta_mosaic_glass	1261	33663	4
mcwwindows:light_blue_mosaic_glass	1262	33667	4
mcwwindows:yellow_mosaic_glass	1263	33671	4
mcwwindows:lime_mosaic_glass	1264	33675	4
mcwwindows:pink_mosaic_glass	1265	33679	4
mcwwindows:gray_mosaic_glass	1266	33683	4
mcwwindows:light_gray_mosaic_glass	1267	33687	4
mcwwindows:cyan_mosaic_glass	1268	33691	4
mcwwindows:purple_mosaic_glass	1269	33695	4
mcwwindows:blue_mosaic_glass	1270	33699	4
mcwwindows:brown_mosaic_glass	1271	33703	4
mcwwindows:green_mosaic_glass	1272	33707	4
mcwwindows:red_mosaic_glass	1273	33711	4
mcwwindows:black_mosaic_glass	1274	33715	4
mcwwindows:white_mosaic_glass_pane	1275	33719	32
mcwwindows:orange_mosaic_glass_pane	1276	33751	32
mcwwindows:magenta_mosaic_glass_pane	1277	33783	32
mcwwindows:light_blue_mosaic_glass_pane	1278	33815	32
mcwwindows:yellow_mosaic_glass_pane	1279	33847	32
mcwwindows:lime_mosaic_glass_pane	1280	33879	32
mcwwindows:pink_mosaic_glass_pane	1281	33911	32
mcwwindows:gray_mosaic_glass_pane	1282	33943	32
mcwwindows:light_gray_mosaic_glass_pane	1283	33975	32
mcwwindows:cyan_mosaic_glass_pane	1284	34007	32
mcwwindows:purple_mosaic_glass_pane	1285	34039	32
mcwwindows:blue_mosaic_glass_pane	1286	34071	32
mcwwindows:brown_mosaic_glass_pane	1287	34103	32
mcwwindows:green_mosaic_glass_pane	1288	34135	32
mcwwindows:red_mosaic_glass_pane	1289	34167	32
mcwwindows:black_mosaic_glass_pane	1290	34199	32
mcwwindows:oak_shutter	1291	34231	16
mcwwindows:spruce_shutter	1292	34247	16
mcwwindows:birch_shutter	1293	34263	16
mcwwindows:jungle_shutter	1294	34279	16
mcwwindows:acacia_shutter	1295	34295	16
mcwwindows:dark_oak_shutter	1296	34311	16
mcwwindows:crimson_shutter	1297	34327	16
mcwwindows:warped_shutter	1298	34343	16
mcwwindows:mangrove_shutter	1299	34359	16
mcwwindows:bamboo_shutter	1300	34375	16
mcwwindows:iron_shutter	1301	34391	16
mcwwindows:oak_louvered_shutter	1302	34407	16
mcwwindows:spruce_louvered_shutter	1303	34423	16
mcwwindows:birch_louvered_shutter	1304	34439	16
mcwwindows:jungle_louvered_shutter	1305	34455	16
mcwwindows:acacia_louvered_shutter	1306	34471	16
mcwwindows:dark_oak_louvered_shutter	1307	34487	16
mcwwindows:crimson_louvered_shutter	1308	34503	16
mcwwindows:warped_louvered_shutter	1309	34519	16
mcwwindows:mangrove_louvered_shutter	1310	34535	16
mcwwindows:diorite_louvered_shutter	1311	34551	16
mcwwindows:andesite_louvered_shutter	1312	34567	16
mcwwindows:granite_louvered_shutter	1313	34583	16
mcwwindows:white_curtain	1314	34599	52
mcwwindows:orange_curtain	1315	34651	52
mcwwindows:magenta_curtain	1316	34703	52
mcwwindows:light_blue_curtain	1317	34755	52
mcwwindows:yellow_curtain	1318	34807	52
mcwwindows:lime_curtain	1319	34859	52
mcwwindows:pink_curtain	1320	34911	52
mcwwindows:gray_curtain	1321	34963	52
mcwwindows:light_gray_curtain	1322	35015	52
mcwwindows:cyan_curtain	1323	35067	52
mcwwindows:purple_curtain	1324	35119	52
mcwwindows:blue_curtain	1325	35171	52
mcwwindows:brown_curtain	1326	35223	52
mcwwindows:green_curtain	1327	35275	52
mcwwindows:red_curtain	1328	35327	52
mcwwindows:black_curtain	1329	35379	52
mcwwindows:oak_pane_window	1330	35431	64
mcwwindows:stripped_oak_pane_window	1331	35495	64
mcwwindows:oak_plank_pane_window	1332	35559	64
mcwwindows:birch_pane_window	1333	35623	64
mcwwindows:stripped_birch_pane_window	1334	35687	64
mcwwindows:birch_plank_pane_window	1335	35751	64
mcwwindows:spruce_pane_window	1336	35815	64
mcwwindows:stripped_spruce_pane_window	1337	35879	64
mcwwindows:spruce_plank_pane_window	1338	35943	64
mcwwindows:jungle_pane_window	1339	36007	64
mcwwindows:stripped_jungle_pane_window	1340	36071	64
mcwwindows:jungle_plank_pane_window	1341	36135	64
mcwwindows:acacia_pane_window	1342	36199	64
mcwwindows:stripped_acacia_pane_window	1343	36263	64
mcwwindows:acacia_plank_pane_window	1344	36327	64
mcwwindows:dark_oak_pane_window	1345	36391	64
mcwwindows:stripped_dark_oak_pane_window	1346	36455	64
mcwwindows:dark_oak_plank_pane_window	1347	36519	64
mcwwindows:crimson_pane_window	1348	36583	64
mcwwindows:stripped_crimson_pane_window	1349	36647	64
mcwwindows:crimson_plank_pane_window	1350	36711	64
mcwwindows:warped_pane_window	1351	36775	64
mcwwindows:stripped_warped_pane_window	1352	36839	64
mcwwindows:warped_plank_pane_window	1353	36903	64
mcwwindows:mangrove_pane_window	1354	36967	64
mcwwindows:stripped_mangrove_pane_window	1355	37031	64
mcwwindows:mangrove_plank_pane_window	1356	37095	64
mcwwindows:andesite_pane_window	1357	37159	64
mcwwindows:diorite_pane_window	1358	37223	64
mcwwindows:granite_pane_window	1359	37287	64
mcwwindows:stone_pane_window	1360	37351	64
mcwwindows:blackstone_pane_window	1361	37415	64
mcwwindows:prismarine_pane_window	1362	37479	64
mcwwindows:dark_prismarine_pane_window	1363	37543	64
mcwwindows:cherry_window	1364	37607	32
mcwwindows:cherry_window2	1365	37639	16
mcwwindows:cherry_four_window	1366	37655	16
mcwwindows:stripped_cherry_log_window	1367	37671	32
mcwwindows:stripped_cherry_log_window2	1368	37703	16
mcwwindows:stripped_cherry_log_four_window	1369	37719	16
mcwwindows:cherry_plank_window	1370	37735	32
mcwwindows:cherry_plank_window2	1371	37767	16
mcwwindows:cherry_plank_four_window	1372	37783	16
mcwwindows:cherry_log_parapet	1373	37799	8
mcwwindows:cherry_plank_parapet	1374	37807	8
mcwwindows:cherry_blinds	1375	37815	24
mcwwindows:cherry_shutter	1376	37839	16
mcwwindows:cherry_louvered_shutter	1377	37855	16
mcwwindows:cherry_pane_window	1378	37871	64
mcwwindows:stripped_cherry_pane_window	1379	37935	64
mcwwindows:cherry_plank_pane_window	1380	37999	64
mcwwindows:one_way_glass	1381	38063	4
mcwwindows:one_way_glass_pane	1382	38067	4
mcwwindows:deepslate_window	1383	38071	32
mcwwindows:deepslate_window2	1384	38103	16
mcwwindows:deepslate_four_window	1385	38119	16
mcwwindows:deepslate_pane_window	1386	38135	64
mcwwindows:sandstone_window	1387	38199	32
mcwwindows:sandstone_window2	1388	38231	16
mcwwindows:sandstone_four_window	1389	38247	16
mcwwindows:sandstone_pane_window	1390	38263	64
mcwwindows:red_sandstone_window	1391	38327	32
mcwwindows:red_sandstone_window2	1392	38359	16
mcwwindows:red_sandstone_four_window	1393	38375	16
mcwwindows:red_sandstone_pane_window	1394	38391	64
mcwwindows:bricks_window	1395	38455	32
mcwwindows:bricks_window2	1396	38487	16
mcwwindows:bricks_four_window	1397	38503	16
mcwwindows:bricks_pane_window	1398	38519	64
mcwwindows:quartz_window	1399	38583	32
mcwwindows:quartz_window2	1400	38615	16
mcwwindows:quartz_four_window	1401	38631	16
mcwwindows:quartz_pane_window	1402	38647	64
mcwwindows:metal_window	1403	38711	32
mcwwindows:metal_window2	1404	38743	16
mcwwindows:metal_four_window	1405	38759	16
mcwwindows:metal_pane_window	1406	38775	64
mcwwindows:oak_curtain_rod	1407	38839	4
mcwwindows:spruce_curtain_rod	1408	38843	4
mcwwindows:birch_curtain_rod	1409	38847	4
mcwwindows:jungle_curtain_rod	1410	38851	4
mcwwindows:acacia_curtain_rod	1411	38855	4
mcwwindows:dark_oak_curtain_rod	1412	38859	4
mcwwindows:crimson_curtain_rod	1413	38863	4
mcwwindows:warped_curtain_rod	1414	38867	4
mcwwindows:mangrove_curtain_rod	1415	38871	4
mcwwindows:cherry_curtain_rod	1416	38875	4
mcwwindows:metal_curtain_rod	1417	38879	4
mcwwindows:golden_curtain_rod	1418	38883	4
mcwstairs:oak_terrace_stairs	1419	38887	4
mcwstairs:spruce_terrace_stairs	1420	38891	4
mcwstairs:birch_terrace_stairs	1421	38895	4
mcwstairs:jungle_terrace_stairs	1422	38899	4
mcwstairs:acacia_terrace_stairs	1423	38903	4
mcwstairs:dark_oak_terrace_stairs	1424	38907	4
mcwstairs:crimson_terrace_stairs	1425	38911	4
mcwstairs:warped_terrace_stairs	1426	38915	4
mcwstairs:mangrove_terrace_stairs	1427	38919	4
mcwstairs:cherry_terrace_stairs	1428	38923	4
mcwstairs:cobblestone_terrace_stairs	1429	38927	4
mcwstairs:stone_brick_terrace_stairs	1430	38931	4
mcwstairs:mossy_cobblestone_terrace_stairs	1431	38935	4
mcwstairs:mossy_stone_brick_terrace_stairs	1432	38939	4
mcwstairs:granite_terrace_stairs	1433	38943	4
mcwstairs:diorite_terrace_stairs	1434	38947	4
mcwstairs:andesite_terrace_stairs	1435	38951	4
mcwstairs:cobbled_deepslate_terrace_stairs	1436	38955	4
mcwstairs:deepslate_brick_terrace_stairs	1437	38959	4
mcwstairs:brick_terrace_stairs	1438	38963	4
mcwstairs:mud_brick_terrace_stairs	1439	38967	4
mcwstairs:sandstone_terrace_stairs	1440	38971	4
mcwstairs:red_sandstone_terrace_stairs	1441	38975	4
mcwstairs:prismarine_terrace_stairs	1442	38979	4
mcwstairs:nether_brick_terrace_stairs	1443	38983	4
mcwstairs:red_nether_brick_terrace_stairs	1444	38987	4
mcwstairs:blackstone_terrace_stairs	1445	38991	4
mcwstairs:quartz_terrace_stairs	1446	38995	4
mcwstairs:oak_skyline_stairs	1447	38999	4
mcwstairs:spruce_skyline_stairs	1448	39003	4
mcwstairs:birch_skyline_stairs	1449	39007	4
mcwstairs:jungle_skyline_stairs	1450	39011	4
mcwstairs:acacia_skyline_stairs	1451	39015	4
mcwstairs:dark_oak_skyline_stairs	1452	39019	4
mcwstairs:crimson_skyline_stairs	1453	39023	4
mcwstairs:warped_skyline_stairs	1454	39027	4
mcwstairs:mangrove_skyline_stairs	1455	39031	4
mcwstairs:cherry_skyline_stairs	1456	39035	4
mcwstairs:cobblestone_skyline_stairs	1457	39039	4
mcwstairs:stone_brick_skyline_stairs	1458	39043	4
mcwstairs:mossy_cobblestone_skyline_stairs	1459	39047	4
mcwstairs:mossy_stone_brick_skyline_stairs	1460	39051	4
mcwstairs:granite_skyline_stairs	1461	39055	4
mcwstairs:diorite_skyline_stairs	1462	39059	4
mcwstairs:andesite_skyline_stairs	1463	39063	4
mcwstairs:cobbled_deepslate_skyline_stairs	1464	39067	4
mcwstairs:deepslate_brick_skyline_stairs	1465	39071	4
mcwstairs:brick_skyline_stairs	1466	39075	4
mcwstairs:mud_brick_skyline_stairs	1467	39079	4
mcwstairs:sandstone_skyline_stairs	1468	39083	4
mcwstairs:red_sandstone_skyline_stairs	1469	39087	4
mcwstairs:prismarine_skyline_stairs	1470	39091	4
mcwstairs:nether_brick_skyline_stairs	1471	39095	4
mcwstairs:red_nether_brick_skyline_stairs	1472	39099	4
mcwstairs:blackstone_skyline_stairs	1473	39103	4
mcwstairs:quartz_skyline_stairs	1474	39107	4
mcwstairs:oak_compact_stairs	1475	39111	4
mcwstairs:spruce_compact_stairs	1476	39115	4
mcwstairs:birch_compact_stairs	1477	39119	4
mcwstairs:jungle_compact_stairs	1478	39123	4
mcwstairs:acacia_compact_stairs	1479	39127	4
mcwstairs:dark_oak_compact_stairs	1480	39131	4
mcwstairs:crimson_compact_stairs	1481	39135	4
mcwstairs:warped_compact_stairs	1482	39139	4
mcwstairs:mangrove_compact_stairs	1483	39143	4
mcwstairs:cherry_compact_stairs	1484	39147	4
mcwstairs:cobblestone_compact_stairs	1485	39151	4
mcwstairs:stone_brick_compact_stairs	1486	39155	4
mcwstairs:mossy_cobblestone_compact_stairs	1487	39159	4
mcwstairs:mossy_stone_brick_compact_stairs	1488	39163	4
mcwstairs:granite_compact_stairs	1489	39167	4
mcwstairs:diorite_compact_stairs	1490	39171	4
mcwstairs:andesite_compact_stairs	1491	39175	4
mcwstairs:cobbled_deepslate_compact_stairs	1492	39179	4
mcwstairs:deepslate_brick_compact_stairs	1493	39183	4
mcwstairs:brick_compact_stairs	1494	39187	4
mcwstairs:mud_brick_compact_stairs	1495	39191	4
mcwstairs:sandstone_compact_stairs	1496	39195	4
mcwstairs:red_sandstone_compact_stairs	1497	39199	4
mcwstairs:prismarine_compact_stairs	1498	39203	4
mcwstairs:nether_brick_compact_stairs	1499	39207	4
mcwstairs:red_nether_brick_compact_stairs	1500	39211	4
mcwstairs:blackstone_compact_stairs	1501	39215	4
mcwstairs:quartz_compact_stairs	1502	39219	4
mcwstairs:oak_bulk_stairs	1503	39223	4
mcwstairs:spruce_bulk_stairs	1504	39227	4
mcwstairs:birch_bulk_stairs	1505	39231	4
mcwstairs:jungle_bulk_stairs	1506	39235	4
mcwstairs:acacia_bulk_stairs	1507	39239	4
mcwstairs:dark_oak_bulk_stairs	1508	39243	4
mcwstairs:crimson_bulk_stairs	1509	39247	4
mcwstairs:warped_bulk_stairs	1510	39251	4
mcwstairs:mangrove_bulk_stairs	1511	39255	4
mcwstairs:cherry_bulk_stairs	1512	39259	4
mcwstairs:cobblestone_bulk_stairs	1513	39263	4
mcwstairs:stone_brick_bulk_stairs	1514	39267	4
mcwstairs:mossy_cobblestone_bulk_stairs	1515	39271	4
mcwstairs:mossy_stone_brick_bulk_stairs	1516	39275	4
mcwstairs:granite_bulk_stairs	1517	39279	4
mcwstairs:diorite_bulk_stairs	1518	39283	4
mcwstairs:andesite_bulk_stairs	1519	39287	4
mcwstairs:cobbled_deepslate_bulk_stairs	1520	39291	4
mcwstairs:deepslate_brick_bulk_stairs	1521	39295	4
mcwstairs:brick_bulk_stairs	1522	39299	4
mcwstairs:mud_brick_bulk_stairs	1523	39303	4
mcwstairs:sandstone_bulk_stairs	1524	39307	4
mcwstairs:red_sandstone_bulk_stairs	1525	39311	4
mcwstairs:prismarine_bulk_stairs	1526	39315	4
mcwstairs:nether_brick_bulk_stairs	1527	39319	4
mcwstairs:red_nether_brick_bulk_stairs	1528	39323	4
mcwstairs:blackstone_bulk_stairs	1529	39327	4
mcwstairs:quartz_bulk_stairs	1530	39331	4
mcwstairs:oak_loft_stairs	1531	39335	4
mcwstairs:spruce_loft_stairs	1532	39339	4
mcwstairs:birch_loft_stairs	1533	39343	4
mcwstairs:jungle_loft_stairs	1534	39347	4
mcwstairs:acacia_loft_stairs	1535	39351	4
mcwstairs:dark_oak_loft_stairs	1536	39355	4
mcwstairs:crimson_loft_stairs	1537	39359	4
mcwstairs:warped_loft_stairs	1538	39363	4
mcwstairs:mangrove_loft_stairs	1539	39367	4
mcwstairs:cherry_loft_stairs	1540	39371	4
mcwstairs:cobblestone_loft_stairs	1541	39375	4
mcwstairs:stone_brick_loft_stairs	1542	39379	4
mcwstairs:mossy_cobblestone_loft_stairs	1543	39383	4
mcwstairs:mossy_stone_brick_loft_stairs	1544	39387	4
mcwstairs:granite_loft_stairs	1545	39391	4
mcwstairs:diorite_loft_stairs	1546	39395	4
mcwstairs:andesite_loft_stairs	1547	39399	4
mcwstairs:cobbled_deepslate_loft_stairs	1548	39403	4
mcwstairs:deepslate_brick_loft_stairs	1549	39407	4
mcwstairs:brick_loft_stairs	1550	39411	4
mcwstairs:mud_brick_loft_stairs	1551	39415	4
mcwstairs:sandstone_loft_stairs	1552	39419	4
mcwstairs:red_sandstone_loft_stairs	1553	39423	4
mcwstairs:prismarine_loft_stairs	1554	39427	4
mcwstairs:nether_brick_loft_stairs	1555	39431	4
mcwstairs:red_nether_brick_loft_stairs	1556	39435	4
mcwstairs:blackstone_loft_stairs	1557	39439	4
mcwstairs:quartz_loft_stairs	1558	39443	4
mcwstairs:oak_railing	1559	39447	24
mcwstairs:spruce_railing	1560	39471	24
mcwstairs:birch_railing	1561	39495	24
mcwstairs:jungle_railing	1562	39519	24
mcwstairs:acacia_railing	1563	39543	24
mcwstairs:dark_oak_railing	1564	39567	24
mcwstairs:crimson_railing	1565	39591	24
mcwstairs:warped_railing	1566	39615	24
mcwstairs:mangrove_railing	1567	39639	24
mcwstairs:cherry_railing	1568	39663	24
mcwstairs:cobblestone_railing	1569	39687	24
mcwstairs:stone_brick_railing	1570	39711	24
mcwstairs:mossy_cobblestone_railing	1571	39735	24
mcwstairs:mossy_stone_brick_railing	1572	39759	24
mcwstairs:granite_railing	1573	39783	24
mcwstairs:diorite_railing	1574	39807	24
mcwstairs:andesite_railing	1575	39831	24
mcwstairs:cobbled_deepslate_railing	1576	39855	24
mcwstairs:deepslate_brick_railing	1577	39879	24
mcwstairs:brick_railing	1578	39903	24
mcwstairs:mud_brick_railing	1579	39927	24
mcwstairs:sandstone_railing	1580	39951	24
mcwstairs:red_sandstone_railing	1581	39975	24
mcwstairs:prismarine_railing	1582	39999	24
mcwstairs:nether_brick_railing	1583	40023	24
mcwstairs:red_nether_brick_railing	1584	40047	24
mcwstairs:blackstone_railing	1585	40071	24
mcwstairs:quartz_railing	1586	40095	24
mcwstairs:oak_balcony	1587	40119	48
mcwstairs:spruce_balcony	1588	40167	48
mcwstairs:birch_balcony	1589	40215	48
mcwstairs:jungle_balcony	1590	40263	48
mcwstairs:acacia_balcony	1591	40311	48
mcwstairs:dark_oak_balcony	1592	40359	48
mcwstairs:crimson_balcony	1593	40407	48
mcwstairs:warped_balcony	1594	40455	48
mcwstairs:mangrove_balcony	1595	40503	48
mcwstairs:cherry_balcony	1596	40551	48
mcwstairs:cobblestone_balcony	1597	40599	48
mcwstairs:stone_brick_balcony	1598	40647	48
mcwstairs:mossy_cobblestone_balcony	1599	40695	48
mcwstairs:mossy_stone_brick_balcony	1600	40743	48
mcwstairs:granite_balcony	1601	40791	48
mcwstairs:diorite_balcony	1602	40839	48
mcwstairs:andesite_balcony	1603	40887	48
mcwstairs:cobbled_deepslate_balcony	1604	40935	48
mcwstairs:deepslate_brick_balcony	1605	40983	48
mcwstairs:brick_balcony	1606	41031	48
mcwstairs:mud_brick_balcony	1607	41079	48
mcwstairs:sandstone_balcony	1608	41127	48
mcwstairs:red_sandstone_balcony	1609	41175	48
mcwstairs:prismarine_balcony	1610	41223	48
mcwstairs:nether_brick_balcony	1611	41271	48
mcwstairs:red_nether_brick_balcony	1612	41319	48
mcwstairs:blackstone_balcony	1613	41367	48
mcwstairs:quartz_balcony	1614	41415	48
mcwstairs:oak_platform	1615	41463	1
mcwstairs:spruce_platform	1616	41464	1
mcwstairs:birch_platform	1617	41465	1
mcwstairs:jungle_platform	1618	41466	1
mcwstairs:acacia_platform	1619	41467	1
mcwstairs:dark_oak_platform	1620	41468	1
mcwstairs:crimson_platform	1621	41469	1
mcwstairs:warped_platform	1622	41470	1
mcwstairs:mangrove_platform	1623	41471	1
mcwstairs:cherry_platform	1624	41472	1
mcwstairs:cobblestone_platform	1625	41473	1
mcwstairs:stone_brick_platform	1626	41474	1
mcwstairs:mossy_cobblestone_platform	1627	41475	1
mcwstairs:mossy_stone_brick_platform	1628	41476	1
mcwstairs:granite_platform	1629	41477	1
mcwstairs:diorite_platform	1630	41478	1
mcwstairs:andesite_platform	1631	41479	1
mcwstairs:cobbled_deepslate_platform	1632	41480	1
mcwstairs:deepslate_brick_platform	1633	41481	1
mcwstairs:brick_platform	1634	41482	1
mcwstairs:mud_brick_platform	1635	41483	1
mcwstairs:sandstone_platform	1636	41484	1
mcwstairs:red_sandstone_platform	1637	41485	1
mcwstairs:prismarine_platform	1638	41486	1
mcwstairs:nether_brick_platform	1639	41487	1
mcwstairs:red_nether_brick_platform	1640	41488	1
mcwstairs:blackstone_platform	1641	41489	1
mcwstairs:quartz_platform	1642	41490	1
sophisticatedbackpacks:backpack	1643	41491	128
sophisticatedbackpacks:copper_backpack	1644	41619	128
sophisticatedbackpacks:iron_backpack	1645	41747	128
sophisticatedbackpacks:gold_backpack	1646	41875	128
sophisticatedbackpacks:diamond_backpack	1647	42003	128
sophisticatedbackpacks:netherite_backpack	1648	42131	128
mcwdoors:oak_japanese_door	1649	42259	64
mcwdoors:spruce_japanese_door	1650	42323	64
mcwdoors:birch_japanese_door	1651	42387	64
mcwdoors:jungle_japanese_door	1652	42451	64
mcwdoors:acacia_japanese_door	1653	42515	64
mcwdoors:dark_oak_japanese_door	1654	42579	64
mcwdoors:crimson_japanese_door	1655	42643	64
mcwdoors:warped_japanese_door	1656	42707	64
mcwdoors:mangrove_japanese_door	1657	42771	64
mcwdoors:bamboo_japanese_door	1658	42835	64
mcwdoors:oak_japanese2_door	1659	42899	64
mcwdoors:spruce_japanese2_door	1660	42963	64
mcwdoors:birch_japanese2_door	1661	43027	64
mcwdoors:jungle_japanese2_door	1662	43091	64
mcwdoors:acacia_japanese2_door	1663	43155	64
mcwdoors:dark_oak_japanese2_door	1664	43219	64
mcwdoors:crimson_japanese2_door	1665	43283	64
mcwdoors:warped_japanese2_door	1666	43347	64
mcwdoors:mangrove_japanese2_door	1667	43411	64
mcwdoors:bamboo_japanese2_door	1668	43475	64
mcwdoors:oak_barn_door	1669	43539	64
mcwdoors:spruce_barn_door	1670	43603	64
mcwdoors:birch_barn_door	1671	43667	64
mcwdoors:jungle_barn_door	1672	43731	64
mcwdoors:acacia_barn_door	1673	43795	64
mcwdoors:dark_oak_barn_door	1674	43859	64
mcwdoors:crimson_barn_door	1675	43923	64
mcwdoors:warped_barn_door	1676	43987	64
mcwdoors:mangrove_barn_door	1677	44051	64
mcwdoors:bamboo_barn_door	1678	44115	64
mcwdoors:oak_barn_glass_door	1679	44179	64
mcwdoors:spruce_barn_glass_door	1680	44243	64
mcwdoors:birch_barn_glass_door	1681	44307	64
mcwdoors:jungle_barn_glass_door	1682	44371	64
mcwdoors:acacia_barn_glass_door	1683	44435	64
mcwdoors:dark_oak_barn_glass_door	1684	44499	64
mcwdoors:crimson_barn_glass_door	1685	44563	64
mcwdoors:warped_barn_glass_door	1686	44627	64
mcwdoors:mangrove_barn_glass_door	1687	44691	64
mcwdoors:bamboo_barn_glass_door	1688	44755	64
mcwdoors:oak_modern_door	1689	44819	64
mcwdoors:spruce_modern_door	1690	44883	64
mcwdoors:birch_modern_door	1691	44947	64
mcwdoors:jungle_modern_door	1692	45011	64
mcwdoors:acacia_modern_door	1693	45075	64
mcwdoors:dark_oak_modern_door	1694	45139	64
mcwdoors:crimson_modern_door	1695	45203	64
mcwdoors:warped_modern_door	1696	45267	64
mcwdoors:mangrove_modern_door	1697	45331	64
mcwdoors:bamboo_modern_door	1698	45395	64
mcwdoors:oak_cottage_door	1699	45459	64
mcwdoors:birch_cottage_door	1700	45523	64
mcwdoors:jungle_cottage_door	1701	45587	64
mcwdoors:acacia_cottage_door	1702	45651	64
mcwdoors:dark_oak_cottage_door	1703	45715	64
mcwdoors:crimson_cottage_door	1704	45779	64
mcwdoors:warped_cottage_door	1705	45843	64
mcwdoors:mangrove_cottage_door	1706	45907	64
mcwdoors:bamboo_cottage_door	1707	45971	64
mcwdoors:spruce_classic_door	1708	46035	64
mcwdoors:birch_classic_door	1709	46099	64
mcwdoors:jungle_classic_door	1710	46163	64
mcwdoors:acacia_classic_door	1711	46227	64
mcwdoors:dark_oak_classic_door	1712	46291	64
mcwdoors:crimson_classic_door	1713	46355	64
mcwdoors:warped_classic_door	1714	46419	64
mcwdoors:mangrove_classic_door	1715	46483	64
mcwdoors:bamboo_classic_door	1716	46547	64
mcwdoors:oak_beach_door	1717	46611	64
mcwdoors:spruce_beach_door	1718	46675	64
mcwdoors:birch_beach_door	1719	46739	64
mcwdoors:acacia_beach_door	1720	46803	64
mcwdoors:dark_oak_beach_door	1721	46867	64
mcwdoors:crimson_beach_door	1722	46931	64
mcwdoors:warped_beach_door	1723	46995	64
mcwdoors:mangrove_beach_door	1724	47059	64
mcwdoors:bamboo_beach_door	1725	47123	64
mcwdoors:oak_paper_door	1726	47187	64
mcwdoors:spruce_paper_door	1727	47251	64
mcwdoors:jungle_paper_door	1728	47315	64
mcwdoors:acacia_paper_door	1729	47379	64
mcwdoors:dark_oak_paper_door	1730	47443	64
mcwdoors:crimson_paper_door	1731	47507	64
mcwdoors:warped_paper_door	1732	47571	64
mcwdoors:mangrove_paper_door	1733	47635	64
mcwdoors:bamboo_paper_door	1734	47699	64
mcwdoors:oak_four_panel_door	1735	47763	64
mcwdoors:spruce_four_panel_door	1736	47827	64
mcwdoors:birch_four_panel_door	1737	47891	64
mcwdoors:jungle_four_panel_door	1738	47955	64
mcwdoors:acacia_four_panel_door	1739	48019	64
mcwdoors:crimson_four_panel_door	1740	48083	64
mcwdoors:warped_four_panel_door	1741	48147	64
mcwdoors:mangrove_four_panel_door	1742	48211	64
mcwdoors:bamboo_four_panel_door	1743	48275	64
mcwdoors:oak_tropical_door	1744	48339	64
mcwdoors:spruce_tropical_door	1745	48403	64
mcwdoors:birch_tropical_door	1746	48467	64
mcwdoors:jungle_tropical_door	1747	48531	64
mcwdoors:dark_oak_tropical_door	1748	48595	64
mcwdoors:crimson_tropical_door	1749	48659	64
mcwdoors:warped_tropical_door	1750	48723	64
mcwdoors:mangrove_tropical_door	1751	48787	64
mcwdoors:bamboo_tropical_door	1752	48851	64
mcwdoors:metal_door	1753	48915	64
mcwdoors:metal_warning_door	1754	48979	64
mcwdoors:metal_hospital_door	1755	49043	64
mcwdoors:metal_reinforced_door	1756	49107	64
mcwdoors:metal_windowed_door	1757	49171	64
mcwdoors:jail_door	1758	49235	64
mcwdoors:oak_glass_door	1759	49299	64
mcwdoors:spruce_glass_door	1760	49363	64
mcwdoors:birch_glass_door	1761	49427	64
mcwdoors:jungle_glass_door	1762	49491	64
mcwdoors:acacia_glass_door	1763	49555	64
mcwdoors:dark_oak_glass_door	1764	49619	64
mcwdoors:crimson_glass_door	1765	49683	64
mcwdoors:warped_glass_door	1766	49747	64
mcwdoors:mangrove_glass_door	1767	49811	64
mcwdoors:bamboo_glass_door	1768	49875	64
mcwdoors:oak_stable_door	1769	49939	64
mcwdoors:spruce_stable_door	1770	50003	64
mcwdoors:birch_stable_door	1771	50067	64
mcwdoors:jungle_stable_door	1772	50131	64
mcwdoors:acacia_stable_door	1773	50195	64
mcwdoors:dark_oak_stable_door	1774	50259	64
mcwdoors:crimson_stable_door	1775	50323	64
mcwdoors:warped_stable_door	1776	50387	64
mcwdoors:mangrove_stable_door	1777	50451	64
mcwdoors:bamboo_stable_door	1778	50515	64
mcwdoors:oak_stable_head_door	1779	50579	64
mcwdoors:spruce_stable_head_door	1780	50643	64
mcwdoors:birch_stable_head_door	1781	50707	64
mcwdoors:jungle_stable_head_door	1782	50771	64
mcwdoors:acacia_stable_head_door	1783	50835	64
mcwdoors:dark_oak_stable_head_door	1784	50899	64
mcwdoors:crimson_stable_head_door	1785	50963	64
mcwdoors:warped_stable_head_door	1786	51027	64
mcwdoors:mangrove_stable_head_door	1787	51091	64
mcwdoors:bamboo_stable_head_door	1788	51155	64
mcwdoors:oak_western_door	1789	51219	64
mcwdoors:spruce_western_door	1790	51283	64
mcwdoors:birch_western_door	1791	51347	64
mcwdoors:jungle_western_door	1792	51411	64
mcwdoors:acacia_western_door	1793	51475	64
mcwdoors:dark_oak_western_door	1794	51539	64
mcwdoors:crimson_western_door	1795	51603	64
mcwdoors:warped_western_door	1796	51667	64
mcwdoors:mangrove_western_door	1797	51731	64
mcwdoors:bamboo_western_door	1798	51795	64
mcwdoors:oak_mystic_door	1799	51859	64
mcwdoors:spruce_mystic_door	1800	51923	64
mcwdoors:birch_mystic_door	1801	51987	64
mcwdoors:jungle_mystic_door	1802	52051	64
mcwdoors:acacia_mystic_door	1803	52115	64
mcwdoors:dark_oak_mystic_door	1804	52179	64
mcwdoors:crimson_mystic_door	1805	52243	64
mcwdoors:mangrove_mystic_door	1806	52307	64
mcwdoors:bamboo_mystic_door	1807	52371	64
mcwdoors:oak_nether_door	1808	52435	64
mcwdoors:spruce_nether_door	1809	52499	64
mcwdoors:birch_nether_door	1810	52563	64
mcwdoors:jungle_nether_door	1811	52627	64
mcwdoors:acacia_nether_door	1812	52691	64
mcwdoors:dark_oak_nether_door	1813	52755	64
mcwdoors:warped_nether_door	1814	52819	64
mcwdoors:mangrove_nether_door	1815	52883	64
mcwdoors:bamboo_nether_door	1816	52947	64
mcwdoors:oak_swamp_door	1817	53011	64
mcwdoors:spruce_swamp_door	1818	53075	64
mcwdoors:birch_swamp_door	1819	53139	64
mcwdoors:jungle_swamp_door	1820	53203	64
mcwdoors:acacia_swamp_door	1821	53267	64
mcwdoors:dark_oak_swamp_door	1822	53331	64
mcwdoors:crimson_swamp_door	1823	53395	64
mcwdoors:warped_swamp_door	1824	53459	64
mcwdoors:bamboo_swamp_door	1825	53523	64
mcwdoors:oak_bamboo_door	1826	53587	64
mcwdoors:spruce_bamboo_door	1827	53651	64
mcwdoors:birch_bamboo_door	1828	53715	64
mcwdoors:jungle_bamboo_door	1829	53779	64
mcwdoors:acacia_bamboo_door	1830	53843	64
mcwdoors:dark_oak_bamboo_door	1831	53907	64
mcwdoors:crimson_bamboo_door	1832	53971	64
mcwdoors:warped_bamboo_door	1833	54035	64
mcwdoors:mangrove_bamboo_door	1834	54099	64
mcwdoors:oak_bark_glass_door	1835	54163	64
mcwdoors:spruce_bark_glass_door	1836	54227	64
mcwdoors:birch_bark_glass_door	1837	54291	64
mcwdoors:jungle_bark_glass_door	1838	54355	64
mcwdoors:acacia_bark_glass_door	1839	54419	64
mcwdoors:dark_oak_bark_glass_door	1840	54483	64
mcwdoors:crimson_stem_glass_door	1841	54547	64
mcwdoors:warped_stem_glass_door	1842	54611	64
mcwdoors:mangrove_bark_glass_door	1843	54675	64
mcwdoors:bamboo_bark_glass_door	1844	54739	64
mcwdoors:garage_white_door	1845	54803	32
mcwdoors:garage_silver_door	1846	54835	32
mcwdoors:garage_gray_door	1847	54867	32
mcwdoors:garage_black_door	1848	54899	32
mcwdoors:wooden_portcullis	1849	54931	32
mcwdoors:iron_portcullis	1850	54963	32
mcwdoors:store_door	1851	54995	64
mcwdoors:sliding_glass_door	1852	55059	64
mcwdoors:oak_waffle_door	1853	55123	64
mcwdoors:spruce_waffle_door	1854	55187	64
mcwdoors:birch_waffle_door	1855	55251	64
mcwdoors:jungle_waffle_door	1856	55315	64
mcwdoors:acacia_waffle_door	1857	55379	64
mcwdoors:dark_oak_waffle_door	1858	55443	64
mcwdoors:crimson_waffle_door	1859	55507	64
mcwdoors:warped_waffle_door	1860	55571	64
mcwdoors:bamboo_waffle_door	1861	55635	64
mcwdoors:mangrove_waffle_door	1862	55699	64
mcwdoors:cherry_japanese_door	1863	55763	64
mcwdoors:cherry_japanese2_door	1864	55827	64
mcwdoors:cherry_barn_door	1865	55891	64
mcwdoors:cherry_barn_glass_door	1866	55955	64
mcwdoors:cherry_modern_door	1867	56019	64
mcwdoors:cherry_cottage_door	1868	56083	64
mcwdoors:cherry_classic_door	1869	56147	64
mcwdoors:cherry_beach_door	1870	56211	64
mcwdoors:cherry_paper_door	1871	56275	64
mcwdoors:cherry_four_panel_door	1872	56339	64
mcwdoors:cherry_tropical_door	1873	56403	64
mcwdoors:cherry_glass_door	1874	56467	64
mcwdoors:cherry_stable_door	1875	56531	64
mcwdoors:cherry_stable_head_door	1876	56595	64
mcwdoors:cherry_western_door	1877	56659	64
mcwdoors:cherry_mystic_door	1878	56723	64
mcwdoors:cherry_nether_door	1879	56787	64
mcwdoors:cherry_swamp_door	1880	56851	64
mcwdoors:cherry_bamboo_door	1881	56915	64
mcwdoors:cherry_bark_glass_door	1882	56979	64
mcwdoors:oak_whispering_door	1883	57043	64
mcwdoors:spruce_whispering_door	1884	57107	64
mcwdoors:birch_whispering_door	1885	57171	64
mcwdoors:jungle_whispering_door	1886	57235	64
mcwdoors:acacia_whispering_door	1887	57299	64
mcwdoors:dark_oak_whispering_door	1888	57363	64
mcwdoors:crimson_whispering_door	1889	57427	64
mcwdoors:warped_whispering_door	1890	57491	64
mcwdoors:bamboo_whispering_door	1891	57555	64
mcwdoors:mangrove_whispering_door	1892	57619	64
mcwdoors:cherry_whispering_door	1893	57683	64
mcwpaths:oak_planks_path	1894	57747	4
mcwpaths:spruce_planks_path	1895	57751	4
mcwpaths:birch_planks_path	1896	57755	4
mcwpaths:jungle_planks_path	1897	57759	4
mcwpaths:acacia_planks_path	1898	57763	4
mcwpaths:dark_oak_planks_path	1899	57767	4
mcwpaths:crimson_planks_path	1900	57771	4
mcwpaths:warped_planks_path	1901	57775	4
mcwpaths:mangrove_planks_path	1902	57779	4
mcwpaths:andesite_diamond_paving	1903	57783	1
mcwpaths:andesite_basket_weave_paving	1904	57784	1
mcwpaths:andesite_square_paving	1905	57785	1
mcwpaths:andesite_honeycomb_paving	1906	57786	1
mcwpaths:andesite_clover_paving	1907	57787	1
mcwpaths:andesite_dumble_paving	1908	57788	4
mcwpaths:diorite_diamond_paving	1909	57792	1
mcwpaths:diorite_basket_weave_paving	1910	57793	1
mcwpaths:diorite_square_paving	1911	57794	1
mcwpaths:diorite_honeycomb_paving	1912	57795	1
mcwpaths:diorite_clover_paving	1913	57796	1
mcwpaths:diorite_dumble_paving	1914	57797	4
mcwpaths:granite_diamond_paving	1915	57801	1
mcwpaths:granite_basket_weave_paving	1916	57802	1
mcwpaths:granite_square_paving	1917	57803	1
mcwpaths:granite_honeycomb_paving	1918	57804	1
mcwpaths:granite_clover_paving	1919	57805	1
mcwpaths:granite_dumble_paving	1920	57806	4
mcwpaths:sandstone_diamond_paving	1921	57810	1
mcwpaths:sandstone_basket_weave_paving	1922	57811	1
mcwpaths:sandstone_square_paving	1923	57812	1
mcwpaths:sandstone_honeycomb_paving	1924	57813	1
mcwpaths:sandstone_clover_paving	1925	57814	1
mcwpaths:sandstone_dumble_paving	1926	57815	4
mcwpaths:red_sandstone_diamond_paving	1927	57819	1
mcwpaths:red_sandstone_basket_weave_paving	1928	57820	1
mcwpaths:red_sandstone_square_paving	1929	57821	1
mcwpaths:red_sandstone_honeycomb_paving	1930	57822	1
mcwpaths:red_sandstone_clover_paving	1931	57823	1
mcwpaths:red_sandstone_dumble_paving	1932	57824	4
mcwpaths:brick_diamond_paving	1933	57828	1
mcwpaths:brick_basket_weave_paving	1934	57829	1
mcwpaths:brick_square_paving	1935	57830	1
mcwpaths:brick_honeycomb_paving	1936	57831	1
mcwpaths:brick_clover_paving	1937	57832	1
mcwpaths:brick_dumble_paving	1938	57833	4
mcwpaths:cobblestone_diamond_paving	1939	57837	1
mcwpaths:cobblestone_basket_weave_paving	1940	57838	1
mcwpaths:cobblestone_square_paving	1941	57839	1
mcwpaths:cobblestone_honeycomb_paving	1942	57840	1
mcwpaths:cobblestone_clover_paving	1943	57841	1
mcwpaths:cobblestone_dumble_paving	1944	57842	4
mcwpaths:mossy_cobblestone_diamond_paving	1945	57846	1
mcwpaths:mossy_cobblestone_basket_weave_paving	1946	57847	1
mcwpaths:mossy_cobblestone_square_paving	1947	57848	1
mcwpaths:mossy_cobblestone_honeycomb_paving	1948	57849	1
mcwpaths:mossy_cobblestone_clover_paving	1949	57850	1
mcwpaths:mossy_cobblestone_dumble_paving	1950	57851	4
mcwpaths:cobbled_deepslate_diamond_paving	1951	57855	1
mcwpaths:cobbled_deepslate_basket_weave_paving	1952	57856	1
mcwpaths:cobbled_deepslate_square_paving	1953	57857	1
mcwpaths:cobbled_deepslate_honeycomb_paving	1954	57858	1
mcwpaths:cobbled_deepslate_clover_paving	1955	57859	1
mcwpaths:cobbled_deepslate_dumble_paving	1956	57860	4
mcwpaths:deepslate_diamond_paving	1957	57864	1
mcwpaths:deepslate_basket_weave_paving	1958	57865	1
mcwpaths:deepslate_square_paving	1959	57866	1
mcwpaths:deepslate_honeycomb_paving	1960	57867	1
mcwpaths:deepslate_clover_paving	1961	57868	1
mcwpaths:deepslate_dumble_paving	1962	57869	4
mcwpaths:mud_brick_diamond_paving	1963	57873	1
mcwpaths:mud_brick_basket_weave_paving	1964	57874	1
mcwpaths:mud_brick_square_paving	1965	57875	1
mcwpaths:mud_brick_honeycomb_paving	1966	57876	1
mcwpaths:mud_brick_clover_paving	1967	57877	1
mcwpaths:mud_brick_dumble_paving	1968	57878	4
mcwpaths:blackstone_diamond_paving	1969	57882	1
mcwpaths:blackstone_basket_weave_paving	1970	57883	1
mcwpaths:blackstone_square_paving	1971	57884	1
mcwpaths:blackstone_honeycomb_paving	1972	57885	1
mcwpaths:blackstone_clover_paving	1973	57886	1
mcwpaths:blackstone_dumble_paving	1974	57887	4
mcwpaths:dark_prismarine_diamond_paving	1975	57891	1
mcwpaths:dark_prismarine_basket_weave_paving	1976	57892	1
mcwpaths:dark_prismarine_square_paving	1977	57893	1
mcwpaths:dark_prismarine_honeycomb_paving	1978	57894	1
mcwpaths:dark_prismarine_clover_paving	1979	57895	1
mcwpaths:dark_prismarine_dumble_paving	1980	57896	4
mcwpaths:andesite_running_bond_path	1981	57900	1
mcwpaths:andesite_running_bond_slab	1982	57901	6
mcwpaths:andesite_running_bond	1983	57907	2
mcwpaths:diorite_running_bond_path	1984	57909	1
mcwpaths:diorite_running_bond_slab	1985	57910	6
mcwpaths:diorite_running_bond	1986	57916	2
mcwpaths:granite_running_bond_path	1987	57918	1
mcwpaths:granite_running_bond_slab	1988	57919	6
mcwpaths:granite_running_bond	1989	57925	2
mcwpaths:sandstone_running_bond_path	1990	57927	1
mcwpaths:sandstone_running_bond_slab	1991	57928	6
mcwpaths:sandstone_running_bond	1992	57934	2
mcwpaths:red_sandstone_running_bond_path	1993	57936	1
mcwpaths:red_sandstone_running_bond_slab	1994	57937	6
mcwpaths:red_sandstone_running_bond	1995	57943	2
mcwpaths:brick_running_bond_path	1996	57945	1
mcwpaths:brick_running_bond_slab	1997	57946	6
mcwpaths:brick_running_bond	1998	57952	2
mcwpaths:stone_running_bond_path	1999	57954	1
mcwpaths:stone_running_bond_slab	2000	57955	6
mcwpaths:stone_running_bond	2001	57961	2
mcwpaths:mossy_stone_running_bond_path	2002	57963	1
mcwpaths:mossy_stone_running_bond_slab	2003	57964	6
mcwpaths:mossy_stone_running_bond	2004	57970	2
mcwpaths:cobbled_deepslate_running_bond_path	2005	57972	1
mcwpaths:cobbled_deepslate_running_bond_slab	2006	57973	6
mcwpaths:cobbled_deepslate_running_bond	2007	57979	2
mcwpaths:deepslate_running_bond_path	2008	57981	1
mcwpaths:deepslate_running_bond_slab	2009	57982	6
mcwpaths:deepslate_running_bond	2010	57988	2
mcwpaths:mud_brick_running_bond_path	2011	57990	1
mcwpaths:mud_brick_running_bond_slab	2012	57991	6
mcwpaths:mud_brick_running_bond	2013	57997	2
mcwpaths:blackstone_running_bond_path	2014	57999	1
mcwpaths:blackstone_running_bond_slab	2015	58000	6
mcwpaths:blackstone_running_bond	2016	58006	2
mcwpaths:dark_prismarine_running_bond_path	2017	58008	1
mcwpaths:dark_prismarine_running_bond_slab	2018	58009	6
mcwpaths:dark_prismarine_running_bond	2019	58015	2
mcwpaths:cherry_planks_path	2020	58017	4
mcwpaths:bamboo_planks_path	2021	58021	4
mcwpaths:andesite_strewn_rocky_path	2022	58025	1
mcwpaths:diorite_strewn_rocky_path	2023	58026	1
mcwpaths:granite_strewn_rocky_path	2024	58027	1
mcwpaths:sandstone_strewn_rocky_path	2025	58028	1
mcwpaths:red_sandstone_strewn_rocky_path	2026	58029	1
mcwpaths:brick_strewn_rocky_path	2027	58030	1
mcwpaths:stone_strewn_rocky_path	2028	58031	1
mcwpaths:mossy_stone_strewn_rocky_path	2029	58032	1
mcwpaths:cobbled_deepslate_strewn_rocky_path	2030	58033	1
mcwpaths:deepslate_strewn_rocky_path	2031	58034	1
mcwpaths:mud_brick_strewn_rocky_path	2032	58035	1
mcwpaths:blackstone_strewn_rocky_path	2033	58036	1
mcwpaths:dark_prismarine_strewn_rocky_path	2034	58037	1
mcwpaths:andesite_windmill_weave_path	2035	58038	1
mcwpaths:andesite_windmill_weave_slab	2036	58039	6
mcwpaths:andesite_windmill_weave	2037	58045	2
mcwpaths:diorite_windmill_weave_path	2038	58047	1
mcwpaths:diorite_windmill_weave_slab	2039	58048	6
mcwpaths:diorite_windmill_weave	2040	58054	2
mcwpaths:granite_windmill_weave_path	2041	58056	1
mcwpaths:granite_windmill_weave_slab	2042	58057	6
mcwpaths:granite_windmill_weave	2043	58063	2
mcwpaths:sandstone_windmill_weave_path	2044	58065	1
mcwpaths:sandstone_windmill_weave_slab	2045	58066	6
mcwpaths:sandstone_windmill_weave	2046	58072	2
mcwpaths:red_sandstone_windmill_weave_path	2047	58074	1
mcwpaths:red_sandstone_windmill_weave_slab	2048	58075	6
mcwpaths:red_sandstone_windmill_weave	2049	58081	2
mcwpaths:brick_windmill_weave_path	2050	58083	1
mcwpaths:brick_windmill_weave_slab	2051	58084	6
mcwpaths:brick_windmill_weave	2052	58090	2
mcwpaths:stone_windmill_weave_path	2053	58092	1
mcwpaths:stone_windmill_weave_slab	2054	58093	6
mcwpaths:stone_windmill_weave	2055	58099	2
mcwpaths:mossy_stone_windmill_weave_path	2056	58101	1
mcwpaths:mossy_stone_windmill_weave_slab	2057	58102	6
mcwpaths:mossy_stone_windmill_weave	2058	58108	2
mcwpaths:cobbled_deepslate_windmill_weave_path	2059	58110	1
mcwpaths:cobbled_deepslate_windmill_weave_slab	2060	58111	6
mcwpaths:cobbled_deepslate_windmill_weave	2061	58117	2
mcwpaths:deepslate_windmill_weave_path	2062	58119	1
mcwpaths:deepslate_windmill_weave_slab	2063	58120	6
mcwpaths:deepslate_windmill_weave	2064	58126	2
mcwpaths:mud_brick_windmill_weave_path	2065	58128	1
mcwpaths:mud_brick_windmill_weave_slab	2066	58129	6
mcwpaths:mud_brick_windmill_weave	2067	58135	2
mcwpaths:blackstone_windmill_weave_path	2068	58137	1
mcwpaths:blackstone_windmill_weave_slab	2069	58138	6
mcwpaths:blackstone_windmill_weave	2070	58144	2
mcwpaths:dark_prismarine_windmill_weave_path	2071	58146	1
mcwpaths:dark_prismarine_windmill_weave_slab	2072	58147	6
mcwpaths:dark_prismarine_windmill_weave	2073	58153	2
mcwpaths:andesite_flagstone_path	2074	58155	1
mcwpaths:andesite_flagstone_slab	2075	58156	6
mcwpaths:andesite_flagstone	2076	58162	2
mcwpaths:diorite_flagstone_path	2077	58164	1
mcwpaths:diorite_flagstone_slab	2078	58165	6
mcwpaths:diorite_flagstone	2079	58171	2
mcwpaths:granite_flagstone_path	2080	58173	1
mcwpaths:granite_flagstone_slab	2081	58174	6
mcwpaths:granite_flagstone	2082	58180	2
mcwpaths:sandstone_flagstone_path	2083	58182	1
mcwpaths:sandstone_flagstone_slab	2084	58183	6
mcwpaths:sandstone_flagstone	2085	58189	2
mcwpaths:red_sandstone_flagstone_path	2086	58191	1
mcwpaths:red_sandstone_flagstone_slab	2087	58192	6
mcwpaths:red_sandstone_flagstone	2088	58198	2
mcwpaths:brick_flagstone_path	2089	58200	1
mcwpaths:brick_flagstone_slab	2090	58201	6
mcwpaths:brick_flagstone	2091	58207	2
mcwpaths:stone_flagstone_path	2092	58209	1
mcwpaths:stone_flagstone_slab	2093	58210	6
mcwpaths:stone_flagstone	2094	58216	2
mcwpaths:mossy_stone_flagstone_path	2095	58218	1
mcwpaths:mossy_stone_flagstone_slab	2096	58219	6
mcwpaths:mossy_stone_flagstone	2097	58225	2
mcwpaths:cobbled_deepslate_flagstone_path	2098	58227	1
mcwpaths:cobbled_deepslate_flagstone_slab	2099	58228	6
mcwpaths:cobbled_deepslate_flagstone	2100	58234	2
mcwpaths:deepslate_flagstone_path	2101	58236	1
mcwpaths:deepslate_flagstone_slab	2102	58237	6
mcwpaths:deepslate_flagstone	2103	58243	2
mcwpaths:mud_brick_flagstone_path	2104	58245	1
mcwpaths:mud_brick_flagstone_slab	2105	58246	6
mcwpaths:mud_brick_flagstone	2106	58252	2
mcwpaths:blackstone_flagstone_path	2107	58254	1
mcwpaths:blackstone_flagstone_slab	2108	58255	6
mcwpaths:blackstone_flagstone	2109	58261	2
mcwpaths:dark_prismarine_flagstone_path	2110	58263	1
mcwpaths:dark_prismarine_flagstone_slab	2111	58264	6
mcwpaths:dark_prismarine_flagstone	2112	58270	2
mcwpaths:andesite_crystal_floor_path	2113	58272	1
mcwpaths:andesite_crystal_floor_slab	2114	58273	6
mcwpaths:andesite_crystal_floor	2115	58279	2
mcwpaths:diorite_crystal_floor_path	2116	58281	1
mcwpaths:diorite_crystal_floor_slab	2117	58282	6
mcwpaths:diorite_crystal_floor	2118	58288	2
mcwpaths:granite_crystal_floor_path	2119	58290	1
mcwpaths:granite_crystal_floor_slab	2120	58291	6
mcwpaths:granite_crystal_floor	2121	58297	2
mcwpaths:sandstone_crystal_floor_path	2122	58299	1
mcwpaths:sandstone_crystal_floor_slab	2123	58300	6
mcwpaths:sandstone_crystal_floor	2124	58306	2
mcwpaths:red_sandstone_crystal_floor_path	2125	58308	1
mcwpaths:red_sandstone_crystal_floor_slab	2126	58309	6
mcwpaths:red_sandstone_crystal_floor	2127	58315	2
mcwpaths:brick_crystal_floor_path	2128	58317	1
mcwpaths:brick_crystal_floor_slab	2129	58318	6
mcwpaths:brick_crystal_floor	2130	58324	2
mcwpaths:stone_crystal_floor_path	2131	58326	1
mcwpaths:stone_crystal_floor_slab	2132	58327	6
mcwpaths:stone_crystal_floor	2133	58333	2
mcwpaths:mossy_stone_crystal_floor_path	2134	58335	1
mcwpaths:mossy_stone_crystal_floor_slab	2135	58336	6
mcwpaths:mossy_stone_crystal_floor	2136	58342	2
mcwpaths:cobbled_deepslate_crystal_floor_path	2137	58344	1
mcwpaths:cobbled_deepslate_crystal_floor_slab	2138	58345	6
mcwpaths:cobbled_deepslate_crystal_floor	2139	58351	2
mcwpaths:deepslate_crystal_floor_path	2140	58353	1
mcwpaths:deepslate_crystal_floor_slab	2141	58354	6
mcwpaths:deepslate_crystal_floor	2142	58360	2
mcwpaths:mud_brick_crystal_floor_path	2143	58362	1
mcwpaths:mud_brick_crystal_floor_slab	2144	58363	6
mcwpaths:mud_brick_crystal_floor	2145	58369	2
mcwpaths:blackstone_crystal_floor_path	2146	58371	1
mcwpaths:blackstone_crystal_floor_slab	2147	58372	6
mcwpaths:blackstone_crystal_floor	2148	58378	2
mcwpaths:dark_prismarine_crystal_floor_path	2149	58380	1
mcwpaths:dark_prismarine_crystal_floor_slab	2150	58381	6
mcwpaths:dark_prismarine_crystal_floor	2151	58387	2
mcwpaths:podzol_path_block	2152	58389	2
mcwpaths:dirt_path_block	2153	58391	2
mcwpaths:gravel_path_block	2154	58393	2
mcwpaths:sand_path_block	2155	58395	2
mcwpaths:red_sand_path_block	2156	58397	2
mcwpaths:andesite_running_bond_stairs	2157	58399	80
mcwpaths:diorite_running_bond_stairs	2158	58479	80
mcwpaths:granite_running_bond_stairs	2159	58559	80
mcwpaths:sandstone_running_bond_stairs	2160	58639	80
mcwpaths:red_sandstone_running_bond_stairs	2161	58719	80
mcwpaths:brick_running_bond_stairs	2162	58799	80
mcwpaths:stone_running_bond_stairs	2163	58879	80
mcwpaths:mossy_stone_running_bond_stairs	2164	58959	80
mcwpaths:cobbled_deepslate_running_bond_stairs	2165	59039	80
mcwpaths:deepslate_running_bond_stairs	2166	59119	80
mcwpaths:mud_brick_running_bond_stairs	2167	59199	80
mcwpaths:blackstone_running_bond_stairs	2168	59279	80
mcwpaths:dark_prismarine_running_bond_stairs	2169	59359	80
mcwpaths:andesite_windmill_weave_stairs	2170	59439	80
mcwpaths:diorite_windmill_weave_stairs	2171	59519	80
mcwpaths:granite_windmill_weave_stairs	2172	59599	80
mcwpaths:sandstone_windmill_weave_stairs	2173	59679	80
mcwpaths:red_sandstone_windmill_weave_stairs	2174	59759	80
mcwpaths:brick_windmill_weave_stairs	2175	59839	80
mcwpaths:stone_windmill_weave_stairs	2176	59919	80
mcwpaths:mossy_stone_windmill_weave_stairs	2177	59999	80
mcwpaths:cobbled_deepslate_windmill_weave_stairs	2178	60079	80
mcwpaths:deepslate_windmill_weave_stairs	2179	60159	80
mcwpaths:mud_brick_windmill_weave_stairs	2180	60239	80
mcwpaths:blackstone_windmill_weave_stairs	2181	60319	80
mcwpaths:dark_prismarine_windmill_weave_stairs	2182	60399	80
mcwpaths:andesite_flagstone_stairs	2183	60479	80
mcwpaths:diorite_flagstone_stairs	2184	60559	80
mcwpaths:granite_flagstone_stairs	2185	60639	80
mcwpaths:sandstone_flagstone_stairs	2186	60719	80
mcwpaths:red_sandstone_flagstone_stairs	2187	60799	80
mcwpaths:brick_flagstone_stairs	2188	60879	80
mcwpaths:stone_flagstone_stairs	2189	60959	80
mcwpaths:mossy_stone_flagstone_stairs	2190	61039	80
mcwpaths:cobbled_deepslate_flagstone_stairs	2191	61119	80
mcwpaths:deepslate_flagstone_stairs	2192	61199	80
mcwpaths:mud_brick_flagstone_stairs	2193	61279	80
mcwpaths:blackstone_flagstone_stairs	2194	61359	80
mcwpaths:dark_prismarine_flagstone_stairs	2195	61439	80
mcwpaths:andesite_crystal_floor_stairs	2196	61519	80
mcwpaths:diorite_crystal_floor_stairs	2197	61599	80
mcwpaths:granite_crystal_floor_stairs	2198	61679	80
mcwpaths:sandstone_crystal_floor_stairs	2199	61759	80
mcwpaths:red_sandstone_crystal_floor_stairs	2200	61839	80
mcwpaths:brick_crystal_floor_stairs	2201	61919	80
mcwpaths:stone_crystal_floor_stairs	2202	61999	80
mcwpaths:mossy_stone_crystal_floor_stairs	2203	62079	80
mcwpaths:cobbled_deepslate_crystal_floor_stairs	2204	62159	80
mcwpaths:deepslate_crystal_floor_stairs	2205	62239	80
mcwpaths:mud_brick_crystal_floor_stairs	2206	62319	80
mcwpaths:blackstone_crystal_floor_stairs	2207	62399	80
mcwpaths:dark_prismarine_crystal_floor_stairs	2208	62479	80
mcwbridges:iron_bridge	2209	62559	11
mcwbridges:oak_log_bridge_middle	2210	62570	11
mcwbridges:birch_log_bridge_middle	2211	62581	11
mcwbridges:acacia_log_bridge_middle	2212	62592	11
mcwbridges:spruce_log_bridge_middle	2213	62603	11
mcwbridges:jungle_log_bridge_middle	2214	62614	11
mcwbridges:dark_oak_log_bridge_middle	2215	62625	11
mcwbridges:crimson_log_bridge_middle	2216	62636	11
mcwbridges:warped_log_bridge_middle	2217	62647	11
mcwbridges:mangrove_log_bridge_middle	2218	62658	11
mcwbridges:rope_oak_bridge	2219	62669	48
mcwbridges:rope_birch_bridge	2220	62717	48
mcwbridges:rope_spruce_bridge	2221	62765	48
mcwbridges:rope_jungle_bridge	2222	62813	48
mcwbridges:rope_acacia_bridge	2223	62861	48
mcwbridges:rope_dark_oak_bridge	2224	62909	48
mcwbridges:rope_crimson_bridge	2225	62957	48
mcwbridges:rope_warped_bridge	2226	63005	48
mcwbridges:rope_mangrove_bridge	2227	63053	48
mcwbridges:brick_bridge	2228	63101	11
mcwbridges:sandstone_bridge	2229	63112	11
mcwbridges:stone_brick_bridge	2230	63123	11
mcwbridges:orange_sandstone_bridge	2231	63134	11
mcwbridges:blackstone_bridge	2232	63145	11
mcwbridges:mossy_stone_brick_bridge	2233	63156	11
mcwbridges:deepslate_brick_bridge	2234	63167	11
mcwbridges:deepslate_tile_bridge	2235	63178	11
mcwbridges:mud_brick_bridge	2236	63189	11
mcwbridges:oak_rail_bridge	2237	63200	8
mcwbridges:spruce_rail_bridge	2238	63208	8
mcwbridges:birch_rail_bridge	2239	63216	8
mcwbridges:jungle_rail_bridge	2240	63224	8
mcwbridges:acacia_rail_bridge	2241	63232	8
mcwbridges:dark_oak_rail_bridge	2242	63240	8
mcwbridges:crimson_rail_bridge	2243	63248	8
mcwbridges:warped_rail_bridge	2244	63256	8
mcwbridges:mangrove_rail_bridge	2245	63264	8
mcwbridges:bamboo_bridge	2246	63272	48
mcwbridges:dry_bamboo_bridge	2247	63320	48
mcwbridges:iron_bridge_pier	2248	63368	2
mcwbridges:oak_bridge_pier	2249	63370	2
mcwbridges:spruce_bridge_pier	2250	63372	2
mcwbridges:birch_bridge_pier	2251	63374	2
mcwbridges:jungle_bridge_pier	2252	63376	2
mcwbridges:acacia_bridge_pier	2253	63378	2
mcwbridges:dark_oak_bridge_pier	2254	63380	2
mcwbridges:crimson_bridge_pier	2255	63382	2
mcwbridges:warped_bridge_pier	2256	63384	2
mcwbridges:mangrove_bridge_pier	2257	63386	2
mcwbridges:brick_bridge_pier	2258	63388	2
mcwbridges:sandstone_bridge_pier	2259	63390	2
mcwbridges:stone_bridge_pier	2260	63392	2
mcwbridges:red_sandstone_bridge_pier	2261	63394	2
mcwbridges:blackstone_bridge_pier	2262	63396	2
mcwbridges:mossy_stone_bridge_pier	2263	63398	2
mcwbridges:deepslate_brick_bridge_pier	2264	63400	2
mcwbridges:deepslate_tile_bridge_pier	2265	63402	2
mcwbridges:mud_brick_bridge_pier	2266	63404	2
mcwbridges:bamboo_bridge_pier	2267	63406	2
mcwbridges:dry_bamboo_bridge_pier	2268	63408	2
mcwbridges:iron_bridge_stair	2269	63410	16
mcwbridges:oak_log_bridge_stair	2270	63426	16
mcwbridges:spruce_log_bridge_stair	2271	63442	16
mcwbridges:birch_log_bridge_stair	2272	63458	16
mcwbridges:jungle_log_bridge_stair	2273	63474	16
mcwbridges:acacia_log_bridge_stair	2274	63490	16
mcwbridges:dark_oak_log_bridge_stair	2275	63506	16
mcwbridges:crimson_log_bridge_stair	2276	63522	16
mcwbridges:warped_log_bridge_stair	2277	63538	16
mcwbridges:mangrove_log_bridge_stair	2278	63554	16
mcwbridges:oak_rope_bridge_stair	2279	63570	16
mcwbridges:spruce_rope_bridge_stair	2280	63586	16
mcwbridges:birch_rope_bridge_stair	2281	63602	16
mcwbridges:jungle_rope_bridge_stair	2282	63618	16
mcwbridges:acacia_rope_bridge_stair	2283	63634	16
mcwbridges:dark_oak_rope_bridge_stair	2284	63650	16
mcwbridges:crimson_rope_bridge_stair	2285	63666	16
mcwbridges:warped_rope_bridge_stair	2286	63682	16
mcwbridges:mangrove_rope_bridge_stair	2287	63698	16
mcwbridges:stone_brick_bridge_stair	2288	63714	16
mcwbridges:sandstone_bridge_stair	2289	63730	16
mcwbridges:brick_bridge_stair	2290	63746	16
mcwbridges:red_sandstone_bridge_stair	2291	63762	16
mcwbridges:blackstone_bridge_stair	2292	63778	16
mcwbridges:mossy_stone_bridge_stair	2293	63794	16
mcwbridges:deepslate_brick_bridge_stair	2294	63810	16
mcwbridges:deepslate_tile_bridge_stair	2295	63826	16
mcwbridges:mud_brick_bridge_stair	2296	63842	16
mcwbridges:bamboo_bridge_stair	2297	63858	16
mcwbridges:dry_bamboo_bridge_stair	2298	63874	16
mcwbridges:cherry_log_bridge_middle	2299	63890	11
mcwbridges:rope_cherry_bridge	2300	63901	48
mcwbridges:cherry_rail_bridge	2301	63949	8
mcwbridges:cherry_bridge_pier	2302	63957	2
mcwbridges:cherry_log_bridge_stair	2303	63959	16
mcwbridges:cherry_rope_bridge_stair	2304	63975	16
mcwbridges:bridge_torch	2305	63991	8
mcwbridges:bridge_lantern	2306	63999	8
mcwbridges:asian_red_bridge	2307	64007	11
mcwbridges:glass_bridge	2308	64018	11
mcwbridges:cobblestone_bridge	2309	64029	11
mcwbridges:mossy_cobblestone_bridge	2310	64040	11
mcwbridges:andesite_bridge	2311	64051	11
mcwbridges:granite_bridge	2312	64062	11
mcwbridges:diorite_bridge	2313	64073	11
mcwbridges:prismarine_bricks_bridge	2314	64084	11
mcwbridges:nether_bricks_bridge	2315	64095	11
mcwbridges:end_stone_bricks_bridge	2316	64106	11
mcwbridges:cobblestone_bridge_pier	2317	64117	2
mcwbridges:mossy_cobblestone_bridge_pier	2318	64119	2
mcwbridges:andesite_bridge_pier	2319	64121	2
mcwbridges:granite_bridge_pier	2320	64123	2
mcwbridges:diorite_bridge_pier	2321	64125	2
mcwbridges:prismarine_bricks_bridge_pier	2322	64127	2
mcwbridges:nether_bricks_bridge_pier	2323	64129	2
mcwbridges:end_stone_bricks_bridge_pier	2324	64131	2
mcwbridges:cobblestone_bridge_stair	2325	64133	16
mcwbridges:mossy_cobblestone_bridge_stair	2326	64149	16
mcwbridges:andesite_bridge_stair	2327	64165	16
mcwbridges:granite_bridge_stair	2328	64181	16
mcwbridges:diorite_bridge_stair	2329	64197	16
mcwbridges:prismarine_bricks_bridge_stair	2330	64213	16
mcwbridges:nether_bricks_bridge_stair	2331	64229	16
mcwbridges:end_stone_bricks_bridge_stair	2332	64245	16
mcwbridges:balustrade_stone_bricks_bridge	2333	64261	11
mcwbridges:balustrade_sandstone_bridge	2334	64272	11
mcwbridges:balustrade_bricks_bridge	2335	64283	11
mcwbridges:balustrade_orange_sandstone_bridge	2336	64294	11
mcwbridges:balustrade_blackstone_bridge	2337	64305	11
mcwbridges:balustrade_mossy_stone_bricks_bridge	2338	64316	11
mcwbridges:balustrade_deepslate_bricks_bridge	2339	64327	11
mcwbridges:balustrade_deepslate_tiles_bridge	2340	64338	11
mcwbridges:balustrade_mud_bricks_bridge	2341	64349	11
mcwbridges:balustrade_cobblestone_bridge	2342	64360	11
mcwbridges:balustrade_mossy_cobblestone_bridge	2343	64371	11
mcwbridges:balustrade_andesite_bridge	2344	64382	11
mcwbridges:balustrade_granite_bridge	2345	64393	11
mcwbridges:balustrade_diorite_bridge	2346	64404	11
mcwbridges:balustrade_prismarine_bricks_bridge	2347	64415	11
mcwbridges:balustrade_nether_bricks_bridge	2348	64426	11
mcwbridges:balustrade_end_stone_bricks_bridge	2349	64437	11
mcwbridges:asian_red_bridge_pier	2350	64448	2
mcwbridges:glass_bridge_pier	2351	64450	2
mcwbridges:asian_red_bridge_stair	2352	64452	16
mcwbridges:glass_bridge_stair	2353	64468	16
mcwtrpdoors:oak_barn_trapdoor	2354	64484	64
mcwtrpdoors:oak_barred_trapdoor	2355	64548	64
mcwtrpdoors:oak_beach_trapdoor	2356	64612	64
mcwtrpdoors:oak_cottage_trapdoor	2357	64676	64
mcwtrpdoors:oak_four_panel_trapdoor	2358	64740	64
mcwtrpdoors:oak_glass_trapdoor	2359	64804	64
mcwtrpdoors:oak_mystic_trapdoor	2360	64868	64
mcwtrpdoors:oak_paper_trapdoor	2361	64932	64
mcwtrpdoors:oak_tropical_trapdoor	2362	64996	64
mcwtrpdoors:oak_swamp_trapdoor	2363	65060	64
mcwtrpdoors:oak_bamboo_trapdoor	2364	65124	64
mcwtrpdoors:spruce_barn_trapdoor	2365	65188	64
mcwtrpdoors:spruce_barred_trapdoor	2366	65252	64
mcwtrpdoors:spruce_beach_trapdoor	2367	65316	64
mcwtrpdoors:spruce_classic_trapdoor	2368	65380	64
mcwtrpdoors:spruce_four_panel_trapdoor	2369	65444	64
mcwtrpdoors:spruce_glass_trapdoor	2370	65508	64
mcwtrpdoors:spruce_mystic_trapdoor	2371	65572	64
mcwtrpdoors:spruce_paper_trapdoor	2372	65636	64
mcwtrpdoors:spruce_tropical_trapdoor	2373	65700	64
mcwtrpdoors:spruce_swamp_trapdoor	2374	65764	64
mcwtrpdoors:spruce_bamboo_trapdoor	2375	65828	64
mcwtrpdoors:birch_barn_trapdoor	2376	65892	64
mcwtrpdoors:birch_barred_trapdoor	2377	65956	64
mcwtrpdoors:birch_beach_trapdoor	2378	66020	64
mcwtrpdoors:birch_classic_trapdoor	2379	66084	64
mcwtrpdoors:birch_cottage_trapdoor	2380	66148	64
mcwtrpdoors:birch_four_panel_trapdoor	2381	66212	64
mcwtrpdoors:birch_glass_trapdoor	2382	66276	64
mcwtrpdoors:birch_mystic_trapdoor	2383	66340	64
mcwtrpdoors:birch_tropical_trapdoor	2384	66404	64
mcwtrpdoors:birch_swamp_trapdoor	2385	66468	64
mcwtrpdoors:birch_bamboo_trapdoor	2386	66532	64
mcwtrpdoors:jungle_barn_trapdoor	2387	66596	64
mcwtrpdoors:jungle_barred_trapdoor	2388	66660	64
mcwtrpdoors:jungle_classic_trapdoor	2389	66724	64
mcwtrpdoors:jungle_cottage_trapdoor	2390	66788	64
mcwtrpdoors:jungle_four_panel_trapdoor	2391	66852	64
mcwtrpdoors:jungle_glass_trapdoor	2392	66916	64
mcwtrpdoors:jungle_mystic_trapdoor	2393	66980	64
mcwtrpdoors:jungle_paper_trapdoor	2394	67044	64
mcwtrpdoors:jungle_tropical_trapdoor	2395	67108	64
mcwtrpdoors:jungle_swamp_trapdoor	2396	67172	64
mcwtrpdoors:jungle_bamboo_trapdoor	2397	67236	64
mcwtrpdoors:acacia_barn_trapdoor	2398	67300	64
mcwtrpdoors:acacia_barred_trapdoor	2399	67364	64
mcwtrpdoors:acacia_beach_trapdoor	2400	67428	64
mcwtrpdoors:acacia_classic_trapdoor	2401	67492	64
mcwtrpdoors:acacia_cottage_trapdoor	2402	67556	64
mcwtrpdoors:acacia_four_panel_trapdoor	2403	67620	64
mcwtrpdoors:acacia_glass_trapdoor	2404	67684	64
mcwtrpdoors:acacia_mystic_trapdoor	2405	67748	64
mcwtrpdoors:acacia_paper_trapdoor	2406	67812	64
mcwtrpdoors:acacia_swamp_trapdoor	2407	67876	64
mcwtrpdoors:acacia_bamboo_trapdoor	2408	67940	64
mcwtrpdoors:dark_oak_barn_trapdoor	2409	68004	64
mcwtrpdoors:dark_oak_barred_trapdoor	2410	68068	64
mcwtrpdoors:dark_oak_beach_trapdoor	2411	68132	64
mcwtrpdoors:dark_oak_classic_trapdoor	2412	68196	64
mcwtrpdoors:dark_oak_cottage_trapdoor	2413	68260	64
mcwtrpdoors:dark_oak_glass_trapdoor	2414	68324	64
mcwtrpdoors:dark_oak_mystic_trapdoor	2415	68388	64
mcwtrpdoors:dark_oak_paper_trapdoor	2416	68452	64
mcwtrpdoors:dark_oak_tropical_trapdoor	2417	68516	64
mcwtrpdoors:dark_oak_swamp_trapdoor	2418	68580	64
mcwtrpdoors:dark_oak_bamboo_trapdoor	2419	68644	64
mcwtrpdoors:crimson_barn_trapdoor	2420	68708	64
mcwtrpdoors:crimson_beach_trapdoor	2421	68772	64
mcwtrpdoors:crimson_classic_trapdoor	2422	68836	64
mcwtrpdoors:crimson_cottage_trapdoor	2423	68900	64
mcwtrpdoors:crimson_four_panel_trapdoor	2424	68964	64
mcwtrpdoors:crimson_glass_trapdoor	2425	69028	64
mcwtrpdoors:crimson_mystic_trapdoor	2426	69092	64
mcwtrpdoors:crimson_paper_trapdoor	2427	69156	64
mcwtrpdoors:crimson_tropical_trapdoor	2428	69220	64
mcwtrpdoors:crimson_swamp_trapdoor	2429	69284	64
mcwtrpdoors:crimson_bamboo_trapdoor	2430	69348	64
mcwtrpdoors:warped_barn_trapdoor	2431	69412	64
mcwtrpdoors:warped_barred_trapdoor	2432	69476	64
mcwtrpdoors:warped_beach_trapdoor	2433	69540	64
mcwtrpdoors:warped_classic_trapdoor	2434	69604	64
mcwtrpdoors:warped_cottage_trapdoor	2435	69668	64
mcwtrpdoors:warped_four_panel_trapdoor	2436	69732	64
mcwtrpdoors:warped_glass_trapdoor	2437	69796	64
mcwtrpdoors:warped_paper_trapdoor	2438	69860	64
mcwtrpdoors:warped_tropical_trapdoor	2439	69924	64
mcwtrpdoors:warped_swamp_trapdoor	2440	69988	64
mcwtrpdoors:warped_bamboo_trapdoor	2441	70052	64
mcwtrpdoors:mangrove_barn_trapdoor	2442	70116	64
mcwtrpdoors:mangrove_barred_trapdoor	2443	70180	64
mcwtrpdoors:mangrove_beach_trapdoor	2444	70244	64
mcwtrpdoors:mangrove_classic_trapdoor	2445	70308	64
mcwtrpdoors:mangrove_cottage_trapdoor	2446	70372	64
mcwtrpdoors:mangrove_four_panel_trapdoor	2447	70436	64
mcwtrpdoors:mangrove_glass_trapdoor	2448	70500	64
mcwtrpdoors:mangrove_paper_trapdoor	2449	70564	64
mcwtrpdoors:mangrove_tropical_trapdoor	2450	70628	64
mcwtrpdoors:mangrove_mystic_trapdoor	2451	70692	64
mcwtrpdoors:mangrove_bamboo_trapdoor	2452	70756	64
mcwtrpdoors:oak_bark_trapdoor	2453	70820	64
mcwtrpdoors:spruce_bark_trapdoor	2454	70884	64
mcwtrpdoors:birch_bark_trapdoor	2455	70948	64
mcwtrpdoors:jungle_bark_trapdoor	2456	71012	64
mcwtrpdoors:acacia_bark_trapdoor	2457	71076	64
mcwtrpdoors:dark_oak_bark_trapdoor	2458	71140	64
mcwtrpdoors:crimson_bark_trapdoor	2459	71204	64
mcwtrpdoors:warped_bark_trapdoor	2460	71268	64
mcwtrpdoors:mangrove_bark_trapdoor	2461	71332	64
mcwtrpdoors:bamboo_barn_trapdoor	2462	71396	64
mcwtrpdoors:bamboo_barred_trapdoor	2463	71460	64
mcwtrpdoors:bamboo_beach_trapdoor	2464	71524	64
mcwtrpdoors:bamboo_classic_trapdoor	2465	71588	64
mcwtrpdoors:bamboo_cottage_trapdoor	2466	71652	64
mcwtrpdoors:bamboo_four_panel_trapdoor	2467	71716	64
mcwtrpdoors:bamboo_glass_trapdoor	2468	71780	64
mcwtrpdoors:bamboo_mystic_trapdoor	2469	71844	64
mcwtrpdoors:bamboo_paper_trapdoor	2470	71908	64
mcwtrpdoors:bamboo_tropical_trapdoor	2471	71972	64
mcwtrpdoors:bamboo_swamp_trapdoor	2472	72036	64
mcwtrpdoors:oak_ranch_trapdoor	2473	72100	64
mcwtrpdoors:spruce_ranch_trapdoor	2474	72164	64
mcwtrpdoors:birch_ranch_trapdoor	2475	72228	64
mcwtrpdoors:jungle_ranch_trapdoor	2476	72292	64
mcwtrpdoors:acacia_ranch_trapdoor	2477	72356	64
mcwtrpdoors:dark_oak_ranch_trapdoor	2478	72420	64
mcwtrpdoors:crimson_ranch_trapdoor	2479	72484	64
mcwtrpdoors:warped_ranch_trapdoor	2480	72548	64
mcwtrpdoors:mangrove_ranch_trapdoor	2481	72612	64
mcwtrpdoors:bamboo_trapdoor	2482	72676	64
mcwtrpdoors:metal_trapdoor	2483	72740	64
mcwtrpdoors:metal_warning_trapdoor	2484	72804	64
mcwtrpdoors:metal_full_trapdoor	2485	72868	64
mcwtrpdoors:cherry_barn_trapdoor	2486	72932	64
mcwtrpdoors:cherry_barred_trapdoor	2487	72996	64
mcwtrpdoors:cherry_beach_trapdoor	2488	73060	64
mcwtrpdoors:cherry_classic_trapdoor	2489	73124	64
mcwtrpdoors:cherry_cottage_trapdoor	2490	73188	64
mcwtrpdoors:cherry_four_panel_trapdoor	2491	73252	64
mcwtrpdoors:cherry_glass_trapdoor	2492	73316	64
mcwtrpdoors:cherry_paper_trapdoor	2493	73380	64
mcwtrpdoors:cherry_tropical_trapdoor	2494	73444	64
mcwtrpdoors:cherry_mystic_trapdoor	2495	73508	64
mcwtrpdoors:cherry_bamboo_trapdoor	2496	73572	64
mcwtrpdoors:cherry_swamp_trapdoor	2497	73636	64
mcwtrpdoors:cherry_ranch_trapdoor	2498	73700	64
mcwtrpdoors:cherry_bark_trapdoor	2499	73764	64
mcwtrpdoors:oak_blossom_trapdoor	2500	73828	64
mcwtrpdoors:spruce_blossom_trapdoor	2501	73892	64
mcwtrpdoors:birch_blossom_trapdoor	2502	73956	64
mcwtrpdoors:jungle_blossom_trapdoor	2503	74020	64
mcwtrpdoors:acacia_blossom_trapdoor	2504	74084	64
mcwtrpdoors:dark_oak_blossom_trapdoor	2505	74148	64
mcwtrpdoors:mangrove_blossom_trapdoor	2506	74212	64
mcwtrpdoors:warped_blossom_trapdoor	2507	74276	64
mcwtrpdoors:crimson_blossom_trapdoor	2508	74340	64
mcwtrpdoors:bamboo_blossom_trapdoor	2509	74404	64
mcwtrpdoors:oak_barrel_trapdoor	2510	74468	64
mcwtrpdoors:spruce_barrel_trapdoor	2511	74532	64
mcwtrpdoors:birch_barrel_trapdoor	2512	74596	64
mcwtrpdoors:jungle_barrel_trapdoor	2513	74660	64
mcwtrpdoors:acacia_barrel_trapdoor	2514	74724	64
mcwtrpdoors:dark_oak_barrel_trapdoor	2515	74788	64
mcwtrpdoors:mangrove_barrel_trapdoor	2516	74852	64
mcwtrpdoors:warped_barrel_trapdoor	2517	74916	64
mcwtrpdoors:crimson_barrel_trapdoor	2518	74980	64
mcwtrpdoors:bamboo_barrel_trapdoor	2519	75044	64
mcwtrpdoors:cherry_barrel_trapdoor	2520	75108	64
mcwtrpdoors:bamboo_bark_trapdoor	2521	75172	64
mcwtrpdoors:oak_whispering_trapdoor	2522	75236	64
mcwtrpdoors:spruce_whispering_trapdoor	2523	75300	64
mcwtrpdoors:birch_whispering_trapdoor	2524	75364	64
mcwtrpdoors:jungle_whispering_trapdoor	2525	75428	64
mcwtrpdoors:acacia_whispering_trapdoor	2526	75492	64
mcwtrpdoors:dark_oak_whispering_trapdoor	2527	75556	64
mcwtrpdoors:mangrove_whispering_trapdoor	2528	75620	64
mcwtrpdoors:warped_whispering_trapdoor	2529	75684	64
mcwtrpdoors:crimson_whispering_trapdoor	2530	75748	64
mcwtrpdoors:bamboo_whispering_trapdoor	2531	75812	64
mcwtrpdoors:cherry_whispering_trapdoor	2532	75876	64
mcwfences:oak_picket_fence	2533	75940	32
mcwfences:spruce_picket_fence	2534	75972	32
mcwfences:birch_picket_fence	2535	76004	32
mcwfences:jungle_picket_fence	2536	76036	32
mcwfences:acacia_picket_fence	2537	76068	32
mcwfences:dark_oak_picket_fence	2538	76100	32
mcwfences:crimson_picket_fence	2539	76132	32
mcwfences:warped_picket_fence	2540	76164	32
mcwfences:mangrove_picket_fence	2541	76196	32
mcwfences:oak_stockade_fence	2542	76228	32
mcwfences:spruce_stockade_fence	2543	76260	32
mcwfences:birch_stockade_fence	2544	76292	32
mcwfences:jungle_stockade_fence	2545	76324	32
mcwfences:acacia_stockade_fence	2546	76356	32
mcwfences:dark_oak_stockade_fence	2547	76388	32
mcwfences:crimson_stockade_fence	2548	76420	32
mcwfences:warped_stockade_fence	2549	76452	32
mcwfences:mangrove_stockade_fence	2550	76484	32
mcwfences:oak_horse_fence	2551	76516	32
mcwfences:spruce_horse_fence	2552	76548	32
mcwfences:birch_horse_fence	2553	76580	32
mcwfences:jungle_horse_fence	2554	76612	32
mcwfences:acacia_horse_fence	2555	76644	32
mcwfences:dark_oak_horse_fence	2556	76676	32
mcwfences:crimson_horse_fence	2557	76708	32
mcwfences:warped_horse_fence	2558	76740	32
mcwfences:mangrove_horse_fence	2559	76772	32
mcwfences:oak_wired_fence	2560	76804	32
mcwfences:spruce_wired_fence	2561	76836	32
mcwfences:birch_wired_fence	2562	76868	32
mcwfences:jungle_wired_fence	2563	76900	32
mcwfences:acacia_wired_fence	2564	76932	32
mcwfences:dark_oak_wired_fence	2565	76964	32
mcwfences:crimson_wired_fence	2566	76996	32
mcwfences:warped_wired_fence	2567	77028	32
mcwfences:mangrove_wired_fence	2568	77060	32
mcwfences:oak_hedge	2569	77092	32
mcwfences:spruce_hedge	2570	77124	32
mcwfences:birch_hedge	2571	77156	32
mcwfences:jungle_hedge	2572	77188	32
mcwfences:acacia_hedge	2573	77220	32
mcwfences:dark_oak_hedge	2574	77252	32
mcwfences:mangrove_hedge	2575	77284	32
mcwfences:azalea_hedge	2576	77316	32
mcwfences:flowering_azalea_hedge	2577	77348	32
mcwfences:bamboo_fence	2578	77380	32
mcwfences:oak_highley_gate	2579	77412	32
mcwfences:spruce_highley_gate	2580	77444	32
mcwfences:birch_highley_gate	2581	77476	32
mcwfences:jungle_highley_gate	2582	77508	32
mcwfences:acacia_highley_gate	2583	77540	32
mcwfences:dark_oak_highley_gate	2584	77572	32
mcwfences:crimson_highley_gate	2585	77604	32
mcwfences:warped_highley_gate	2586	77636	32
mcwfences:mangrove_highley_gate	2587	77668	32
mcwfences:oak_pyramid_gate	2588	77700	32
mcwfences:spruce_pyramid_gate	2589	77732	32
mcwfences:birch_pyramid_gate	2590	77764	32
mcwfences:jungle_pyramid_gate	2591	77796	32
mcwfences:acacia_pyramid_gate	2592	77828	32
mcwfences:dark_oak_pyramid_gate	2593	77860	32
mcwfences:crimson_pyramid_gate	2594	77892	32
mcwfences:warped_pyramid_gate	2595	77924	32
mcwfences:mangrove_pyramid_gate	2596	77956	32
mcwfences:modern_stone_brick_wall	2597	77988	32
mcwfences:modern_andesite_wall	2598	78020	32
mcwfences:modern_diorite_wall	2599	78052	32
mcwfences:modern_granite_wall	2600	78084	32
mcwfences:modern_sandstone_wall	2601	78116	32
mcwfences:modern_red_sandstone_wall	2602	78148	32
mcwfences:modern_blackstone_wall	2603	78180	32
mcwfences:modern_nether_brick_wall	2604	78212	32
mcwfences:modern_end_brick_wall	2605	78244	32
mcwfences:modern_deepslate_wall	2606	78276	32
mcwfences:modern_deepslate_brick_wall	2607	78308	32
mcwfences:modern_quartz_wall	2608	78340	32
mcwfences:modern_mud_brick_wall	2609	78372	32
mcwfences:modern_prismarine_wall	2610	78404	32
mcwfences:railing_stone_brick_wall	2611	78436	32
mcwfences:railing_andesite_wall	2612	78468	32
mcwfences:railing_diorite_wall	2613	78500	32
mcwfences:railing_granite_wall	2614	78532	32
mcwfences:railing_sandstone_wall	2615	78564	32
mcwfences:railing_red_sandstone_wall	2616	78596	32
mcwfences:railing_blackstone_wall	2617	78628	32
mcwfences:railing_nether_brick_wall	2618	78660	32
mcwfences:railing_end_brick_wall	2619	78692	32
mcwfences:railing_deepslate_wall	2620	78724	32
mcwfences:railing_deepslate_brick_wall	2621	78756	32
mcwfences:railing_quartz_wall	2622	78788	32
mcwfences:railing_mud_brick_wall	2623	78820	32
mcwfences:railing_prismarine_wall	2624	78852	32
mcwfences:stone_brick_railing_gate	2625	78884	32
mcwfences:andesite_railing_gate	2626	78916	32
mcwfences:diorite_railing_gate	2627	78948	32
mcwfences:granite_railing_gate	2628	78980	32
mcwfences:sandstone_railing_gate	2629	79012	32
mcwfences:red_sandstone_railing_gate	2630	79044	32
mcwfences:blackstone_railing_gate	2631	79076	32
mcwfences:blackstone_brick_railing_gate	2632	79108	32
mcwfences:nether_brick_railing_gate	2633	79140	32
mcwfences:end_brick_railing_gate	2634	79172	32
mcwfences:deepslate_railing_gate	2635	79204	32
mcwfences:deepslate_brick_railing_gate	2636	79236	32
mcwfences:quartz_railing_gate	2637	79268	32
mcwfences:mud_brick_railing_gate	2638	79300	32
mcwfences:prismarine_railing_gate	2639	79332	32
mcwfences:cherry_picket_fence	2640	79364	32
mcwfences:cherry_stockade_fence	2641	79396	32
mcwfences:cherry_horse_fence	2642	79428	32
mcwfences:cherry_wired_fence	2643	79460	32
mcwfences:cherry_hedge	2644	79492	32
mcwfences:cherry_highley_gate	2645	79524	32
mcwfences:cherry_pyramid_gate	2646	79556	32
mcwfences:bamboo_picket_fence	2647	79588	32
mcwfences:bamboo_stockade_fence	2648	79620	32
mcwfences:bamboo_horse_fence	2649	79652	32
mcwfences:bamboo_wired_fence	2650	79684	32
mcwfences:bamboo_highley_gate	2651	79716	32
mcwfences:bamboo_pyramid_gate	2652	79748	32
mcwfences:stone_pillar_wall	2653	79780	32
mcwfences:andesite_pillar_wall	2654	79812	32
mcwfences:diorite_pillar_wall	2655	79844	32
mcwfences:granite_pillar_wall	2656	79876	32
mcwfences:sandstone_pillar_wall	2657	79908	32
mcwfences:red_sandstone_pillar_wall	2658	79940	32
mcwfences:blackstone_pillar_wall	2659	79972	32
mcwfences:nether_brick_pillar_wall	2660	80004	32
mcwfences:end_brick_pillar_wall	2661	80036	32
mcwfences:deepslate_pillar_wall	2662	80068	32
mcwfences:deepslate_brick_pillar_wall	2663	80100	32
mcwfences:quartz_pillar_wall	2664	80132	32
mcwfences:mud_brick_pillar_wall	2665	80164	32
mcwfences:prismarine_pillar_wall	2666	80196	32
mcwfences:stone_grass_topped_wall	2667	80228	32
mcwfences:andesite_grass_topped_wall	2668	80260	32
mcwfences:diorite_grass_topped_wall	2669	80292	32
mcwfences:granite_grass_topped_wall	2670	80324	32
mcwfences:sandstone_grass_topped_wall	2671	80356	32
mcwfences:red_sandstone_grass_topped_wall	2672	80388	32
mcwfences:blackstone_grass_topped_wall	2673	80420	32
mcwfences:nether_brick_grass_topped_wall	2674	80452	32
mcwfences:end_brick_grass_topped_wall	2675	80484	32
mcwfences:deepslate_grass_topped_wall	2676	80516	32
mcwfences:deepslate_brick_grass_topped_wall	2677	80548	32
mcwfences:quartz_grass_topped_wall	2678	80580	32
mcwfences:mud_brick_grass_topped_wall	2679	80612	32
mcwfences:prismarine_grass_topped_wall	2680	80644	32
mcwfences:wooden_cheval_de_frise	2681	80676	32
mcwfences:iron_cheval_de_frise	2682	80708	32
mcwfences:acorn_metal_fence	2683	80740	32
mcwfences:panelled_metal_fence	2684	80772	32
mcwfences:mesh_metal_fence	2685	80804	32
mcwfences:ornate_metal_fence	2686	80836	32
mcwfences:guardian_metal_fence	2687	80868	32
mcwfences:gothic_metal_fence	2688	80900	48
mcwfences:vintage_metal_fence	2689	80948	48
mcwfences:curved_metal_fence	2690	80996	48
mcwfences:twilight_metal_fence	2691	81044	48
mcwfences:expanded_mesh_metal_fence	2692	81092	48
mcwfences:fortress_metal_fence	2693	81140	48
mcwfences:bastion_metal_fence	2694	81188	48
mcwfences:double_curved_metal_fence	2695	81236	48
mcwfences:cathedral_metal_fence	2696	81284	48
mcwfences:majestic_metal_fence_gate	2697	81332	32
mcwfences:curved_metal_fence_gate	2698	81364	32
mcwfences:mesh_metal_fence_gate	2699	81396	32
mcwfences:panelled_metal_fence_gate	2700	81428	32
mcwfences:bastion_metal_fence_gate	2701	81460	32
mcwfences:oak_curved_gate	2702	81492	32
mcwfences:spruce_curved_gate	2703	81524	32
mcwfences:birch_curved_gate	2704	81556	32
mcwfences:jungle_curved_gate	2705	81588	32
mcwfences:acacia_curved_gate	2706	81620	32
mcwfences:dark_oak_curved_gate	2707	81652	32
mcwfences:crimson_curved_gate	2708	81684	32
mcwfences:warped_curved_gate	2709	81716	32
mcwfences:mangrove_curved_gate	2710	81748	32
mcwfences:cherry_curved_gate	2711	81780	32
mcwfences:bamboo_curved_gate	2712	81812	32
village_taverns:barrel	2713	81844	4
touhou_little_maid:maid_bed	2714	81848	16
touhou_little_maid:altar	2715	81864	1
touhou_little_maid:statue	2716	81865	2
touhou_little_maid:garage_kit	2717	81867	1
touhou_little_maid:maid_beacon	2718	81868	3
touhou_little_maid:model_switcher	2719	81871	4
touhou_little_maid:picnic_mat	2720	81875	8
touhou_little_maid:gomoku	2721	81883	36
touhou_little_maid:cchess	2722	81919	36
touhou_little_maid:wchess	2723	81955	36
touhou_little_maid:keyboard	2724	81991	4
touhou_little_maid:bookshelf	2725	81995	4
touhou_little_maid:computer	2726	81999	4
touhou_little_maid:shrine	2727	82003	4
touhou_little_maid:scarecrow	2728	82007	8
touhou_little_maid:snack_cabinet	2729	82015	12
irons_spellbooks:inscription_table	2730	82027	24
irons_spellbooks:scroll_forge	2731	82051	8
irons_spellbooks:pedestal	2732	82059	2
irons_spellbooks:blood_cauldron	2733	82061	3
irons_spellbooks:arcane_anvil	2734	82064	4
irons_spellbooks:armor_pile	2735	82068	8
irons_spellbooks:alchemist_cauldron	2736	82076	1
irons_spellbooks:firefly_jar	2737	82077	2
irons_spellbooks:portal_frame	2738	82079	8
irons_spellbooks:brazier	2739	82087	8
irons_spellbooks:brazier_soul	2740	82095	8
irons_spellbooks:cinderous_soul_rune	2741	82103	1
irons_spellbooks:mithril_ore	2742	82104	1
irons_spellbooks:deepslate_mithril_ore	2743	82105	1
irons_spellbooks:ice_spider_egg	2744	82106	2
irons_spellbooks:cooked_ice_spider_egg	2745	82108	4
irons_spellbooks:book_stack	2746	82112	4
irons_spellbooks:wisewood_planks	2747	82116	1
irons_spellbooks:wisewood_bookshelf	2748	82117	1
irons_spellbooks:grimy_tiles	2749	82118	1
irons_spellbooks:wisewood_chiseled_bookshelf	2750	82119	256
irons_spellbooks:nether_brick_pillar	2751	82375	3
irons_spellbooks:voidstone	2752	82378	16
irons_spellbooks:pocket_dimension_portal_frame	2753	82394	8
irons_spellbooks:bone_vault	2754	82402	32
irons_spellbooks:cinderous_vault	2755	82434	32
irons_spellbooks:tyros_statue	2756	82466	1024
touhou_little_maid_spell:scarlet_zhuhua	2757	83490	1
touhou_little_maid_spell:potted_scarlet_zhuhua	2758	83491	1
touhou_little_maid_spell:yue_linglan	2759	83492	1
touhou_little_maid_spell:potted_yue_linglan	2760	83493	1
touhou_little_maid_spell:jingxu_youlan	2761	83494	1
touhou_little_maid_spell:potted_jingxu_youlan	2762	83495	1
touhou_little_maid_spell:floating_fox_leaf_trail	2763	83496	1
touhou_little_maid_spell:floating_fox_leaf_trail_big	2764	83497	1
touhou_little_maid_spell:floating_fox_leaf_trail_small	2765	83498	1
touhou_little_maid_spell:molten_fox_leaf_trail	2766	83499	1
touhou_little_maid_spell:molten_fox_leaf_trail_big	2767	83500	1
touhou_little_maid_spell:molten_fox_leaf_trail_small	2768	83501	1
touhou_little_maid_spell:suppression_stone	2769	83502	1
mcwroofs:oak_roof	2770	83503	40
mcwroofs:oak_attic_roof	2771	83543	8
mcwroofs:oak_top_roof	2772	83551	16
mcwroofs:oak_lower_roof	2773	83567	40
mcwroofs:oak_steep_roof	2774	83607	40
mcwroofs:oak_upper_lower_roof	2775	83647	40
mcwroofs:oak_upper_steep_roof	2776	83687	40
mcwroofs:spruce_roof	2777	83727	40
mcwroofs:spruce_attic_roof	2778	83767	8
mcwroofs:spruce_top_roof	2779	83775	16
mcwroofs:spruce_lower_roof	2780	83791	40
mcwroofs:spruce_steep_roof	2781	83831	40
mcwroofs:spruce_upper_lower_roof	2782	83871	40
mcwroofs:spruce_upper_steep_roof	2783	83911	40
mcwroofs:birch_roof	2784	83951	40
mcwroofs:birch_attic_roof	2785	83991	8
mcwroofs:birch_top_roof	2786	83999	16
mcwroofs:birch_lower_roof	2787	84015	40
mcwroofs:birch_steep_roof	2788	84055	40
mcwroofs:birch_upper_lower_roof	2789	84095	40
mcwroofs:birch_upper_steep_roof	2790	84135	40
mcwroofs:jungle_roof	2791	84175	40
mcwroofs:jungle_attic_roof	2792	84215	8
mcwroofs:jungle_top_roof	2793	84223	16
mcwroofs:jungle_lower_roof	2794	84239	40
mcwroofs:jungle_steep_roof	2795	84279	40
mcwroofs:jungle_upper_lower_roof	2796	84319	40
mcwroofs:jungle_upper_steep_roof	2797	84359	40
mcwroofs:acacia_roof	2798	84399	40
mcwroofs:acacia_attic_roof	2799	84439	8
mcwroofs:acacia_top_roof	2800	84447	16
mcwroofs:acacia_lower_roof	2801	84463	40
mcwroofs:acacia_steep_roof	2802	84503	40
mcwroofs:acacia_upper_lower_roof	2803	84543	40
mcwroofs:acacia_upper_steep_roof	2804	84583	40
mcwroofs:dark_oak_roof	2805	84623	40
mcwroofs:dark_oak_attic_roof	2806	84663	8
mcwroofs:dark_oak_top_roof	2807	84671	16
mcwroofs:dark_oak_lower_roof	2808	84687	40
mcwroofs:dark_oak_steep_roof	2809	84727	40
mcwroofs:dark_oak_upper_lower_roof	2810	84767	40
mcwroofs:dark_oak_upper_steep_roof	2811	84807	40
mcwroofs:crimson_roof	2812	84847	40
mcwroofs:crimson_attic_roof	2813	84887	8
mcwroofs:crimson_top_roof	2814	84895	16
mcwroofs:crimson_lower_roof	2815	84911	40
mcwroofs:crimson_steep_roof	2816	84951	40
mcwroofs:crimson_upper_lower_roof	2817	84991	40
mcwroofs:crimson_upper_steep_roof	2818	85031	40
mcwroofs:warped_roof	2819	85071	40
mcwroofs:warped_attic_roof	2820	85111	8
mcwroofs:warped_top_roof	2821	85119	16
mcwroofs:warped_lower_roof	2822	85135	40
mcwroofs:warped_steep_roof	2823	85175	40
mcwroofs:warped_upper_lower_roof	2824	85215	40
mcwroofs:warped_upper_steep_roof	2825	85255	40
mcwroofs:mangrove_roof	2826	85295	40
mcwroofs:mangrove_attic_roof	2827	85335	8
mcwroofs:mangrove_top_roof	2828	85343	16
mcwroofs:mangrove_lower_roof	2829	85359	40
mcwroofs:mangrove_steep_roof	2830	85399	40
mcwroofs:mangrove_upper_lower_roof	2831	85439	40
mcwroofs:mangrove_upper_steep_roof	2832	85479	40
mcwroofs:oak_planks_roof	2833	85519	40
mcwroofs:oak_planks_attic_roof	2834	85559	8
mcwroofs:oak_planks_top_roof	2835	85567	16
mcwroofs:oak_planks_lower_roof	2836	85583	40
mcwroofs:oak_planks_steep_roof	2837	85623	40
mcwroofs:oak_planks_upper_lower_roof	2838	85663	40
mcwroofs:oak_planks_upper_steep_roof	2839	85703	40
mcwroofs:spruce_planks_roof	2840	85743	40
mcwroofs:spruce_planks_attic_roof	2841	85783	8
mcwroofs:spruce_planks_top_roof	2842	85791	16
mcwroofs:spruce_planks_lower_roof	2843	85807	40
mcwroofs:spruce_planks_steep_roof	2844	85847	40
mcwroofs:spruce_planks_upper_lower_roof	2845	85887	40
mcwroofs:spruce_planks_upper_steep_roof	2846	85927	40
mcwroofs:birch_planks_roof	2847	85967	40
mcwroofs:birch_planks_attic_roof	2848	86007	8
mcwroofs:birch_planks_top_roof	2849	86015	16
mcwroofs:birch_planks_lower_roof	2850	86031	40
mcwroofs:birch_planks_steep_roof	2851	86071	40
mcwroofs:birch_planks_upper_lower_roof	2852	86111	40
mcwroofs:birch_planks_upper_steep_roof	2853	86151	40
mcwroofs:jungle_planks_roof	2854	86191	40
mcwroofs:jungle_planks_attic_roof	2855	86231	8
mcwroofs:jungle_planks_top_roof	2856	86239	16
mcwroofs:jungle_planks_lower_roof	2857	86255	40
mcwroofs:jungle_planks_steep_roof	2858	86295	40
mcwroofs:jungle_planks_upper_lower_roof	2859	86335	40
mcwroofs:jungle_planks_upper_steep_roof	2860	86375	40
mcwroofs:acacia_planks_roof	2861	86415	40
mcwroofs:acacia_planks_attic_roof	2862	86455	8
mcwroofs:acacia_planks_top_roof	2863	86463	16
mcwroofs:acacia_planks_lower_roof	2864	86479	40
mcwroofs:acacia_planks_steep_roof	2865	86519	40
mcwroofs:acacia_planks_upper_lower_roof	2866	86559	40
mcwroofs:acacia_planks_upper_steep_roof	2867	86599	40
mcwroofs:dark_oak_planks_roof	2868	86639	40
mcwroofs:dark_oak_planks_attic_roof	2869	86679	8
mcwroofs:dark_oak_planks_top_roof	2870	86687	16
mcwroofs:dark_oak_planks_lower_roof	2871	86703	40
mcwroofs:dark_oak_planks_steep_roof	2872	86743	40
mcwroofs:dark_oak_planks_upper_lower_roof	2873	86783	40
mcwroofs:dark_oak_planks_upper_steep_roof	2874	86823	40
mcwroofs:crimson_planks_roof	2875	86863	40
mcwroofs:crimson_planks_attic_roof	2876	86903	8
mcwroofs:crimson_planks_top_roof	2877	86911	16
mcwroofs:crimson_planks_lower_roof	2878	86927	40
mcwroofs:crimson_planks_steep_roof	2879	86967	40
mcwroofs:crimson_planks_upper_lower_roof	2880	87007	40
mcwroofs:crimson_planks_upper_steep_roof	2881	87047	40
mcwroofs:warped_planks_roof	2882	87087	40
mcwroofs:warped_planks_attic_roof	2883	87127	8
mcwroofs:warped_planks_top_roof	2884	87135	16
mcwroofs:warped_planks_lower_roof	2885	87151	40
mcwroofs:warped_planks_steep_roof	2886	87191	40
mcwroofs:warped_planks_upper_lower_roof	2887	87231	40
mcwroofs:warped_planks_upper_steep_roof	2888	87271	40
mcwroofs:mangrove_planks_roof	2889	87311	40
mcwroofs:mangrove_planks_attic_roof	2890	87351	8
mcwroofs:mangrove_planks_top_roof	2891	87359	16
mcwroofs:mangrove_planks_lower_roof	2892	87375	40
mcwroofs:mangrove_planks_steep_roof	2893	87415	40
mcwroofs:mangrove_planks_upper_lower_roof	2894	87455	40
mcwroofs:mangrove_planks_upper_steep_roof	2895	87495	40
mcwroofs:white_terracotta_roof	2896	87535	40
mcwroofs:white_terracotta_attic_roof	2897	87575	8
mcwroofs:white_terracotta_top_roof	2898	87583	16
mcwroofs:white_terracotta_lower_roof	2899	87599	40
mcwroofs:white_terracotta_steep_roof	2900	87639	40
mcwroofs:white_terracotta_upper_lower_roof	2901	87679	40
mcwroofs:white_terracotta_upper_steep_roof	2902	87719	40
mcwroofs:light_gray_terracotta_roof	2903	87759	40
mcwroofs:light_gray_terracotta_attic_roof	2904	87799	8
mcwroofs:light_gray_terracotta_top_roof	2905	87807	16
mcwroofs:light_gray_terracotta_lower_roof	2906	87823	40
mcwroofs:light_gray_terracotta_steep_roof	2907	87863	40
mcwroofs:light_gray_terracotta_upper_lower_roof	2908	87903	40
mcwroofs:light_gray_terracotta_upper_steep_roof	2909	87943	40
mcwroofs:gray_terracotta_roof	2910	87983	40
mcwroofs:gray_terracotta_attic_roof	2911	88023	8
mcwroofs:gray_terracotta_top_roof	2912	88031	16
mcwroofs:gray_terracotta_lower_roof	2913	88047	40
mcwroofs:gray_terracotta_steep_roof	2914	88087	40
mcwroofs:gray_terracotta_upper_lower_roof	2915	88127	40
mcwroofs:gray_terracotta_upper_steep_roof	2916	88167	40
mcwroofs:black_terracotta_roof	2917	88207	40
mcwroofs:black_terracotta_attic_roof	2918	88247	8
mcwroofs:black_terracotta_top_roof	2919	88255	16
mcwroofs:black_terracotta_lower_roof	2920	88271	40
mcwroofs:black_terracotta_steep_roof	2921	88311	40
mcwroofs:black_terracotta_upper_lower_roof	2922	88351	40
mcwroofs:black_terracotta_upper_steep_roof	2923	88391	40
mcwroofs:blue_terracotta_roof	2924	88431	40
mcwroofs:blue_terracotta_attic_roof	2925	88471	8
mcwroofs:blue_terracotta_top_roof	2926	88479	16
mcwroofs:blue_terracotta_lower_roof	2927	88495	40
mcwroofs:blue_terracotta_steep_roof	2928	88535	40
mcwroofs:blue_terracotta_upper_lower_roof	2929	88575	40
mcwroofs:blue_terracotta_upper_steep_roof	2930	88615	40
mcwroofs:light_blue_terracotta_roof	2931	88655	40
mcwroofs:light_blue_terracotta_attic_roof	2932	88695	8
mcwroofs:light_blue_terracotta_top_roof	2933	88703	16
mcwroofs:light_blue_terracotta_lower_roof	2934	88719	40
mcwroofs:light_blue_terracotta_steep_roof	2935	88759	40
mcwroofs:light_blue_terracotta_upper_lower_roof	2936	88799	40
mcwroofs:light_blue_terracotta_upper_steep_roof	2937	88839	40
mcwroofs:cyan_terracotta_roof	2938	88879	40
mcwroofs:cyan_terracotta_attic_roof	2939	88919	8
mcwroofs:cyan_terracotta_top_roof	2940	88927	16
mcwroofs:cyan_terracotta_lower_roof	2941	88943	40
mcwroofs:cyan_terracotta_steep_roof	2942	88983	40
mcwroofs:cyan_terracotta_upper_lower_roof	2943	89023	40
mcwroofs:cyan_terracotta_upper_steep_roof	2944	89063	40
mcwroofs:lime_terracotta_roof	2945	89103	40
mcwroofs:lime_terracotta_attic_roof	2946	89143	8
mcwroofs:lime_terracotta_top_roof	2947	89151	16
mcwroofs:lime_terracotta_lower_roof	2948	89167	40
mcwroofs:lime_terracotta_steep_roof	2949	89207	40
mcwroofs:lime_terracotta_upper_lower_roof	2950	89247	40
mcwroofs:lime_terracotta_upper_steep_roof	2951	89287	40
mcwroofs:green_terracotta_roof	2952	89327	40
mcwroofs:green_terracotta_attic_roof	2953	89367	8
mcwroofs:green_terracotta_top_roof	2954	89375	16
mcwroofs:green_terracotta_lower_roof	2955	89391	40
mcwroofs:green_terracotta_steep_roof	2956	89431	40
mcwroofs:green_terracotta_upper_lower_roof	2957	89471	40
mcwroofs:green_terracotta_upper_steep_roof	2958	89511	40
mcwroofs:yellow_terracotta_roof	2959	89551	40
mcwroofs:yellow_terracotta_attic_roof	2960	89591	8
mcwroofs:yellow_terracotta_top_roof	2961	89599	16
mcwroofs:yellow_terracotta_lower_roof	2962	89615	40
mcwroofs:yellow_terracotta_steep_roof	2963	89655	40
mcwroofs:yellow_terracotta_upper_lower_roof	2964	89695	40
mcwroofs:yellow_terracotta_upper_steep_roof	2965	89735	40
mcwroofs:brown_terracotta_roof	2966	89775	40
mcwroofs:brown_terracotta_attic_roof	2967	89815	8
mcwroofs:brown_terracotta_top_roof	2968	89823	16
mcwroofs:brown_terracotta_lower_roof	2969	89839	40
mcwroofs:brown_terracotta_steep_roof	2970	89879	40
mcwroofs:brown_terracotta_upper_lower_roof	2971	89919	40
mcwroofs:brown_terracotta_upper_steep_roof	2972	89959	40
mcwroofs:orange_terracotta_roof	2973	89999	40
mcwroofs:orange_terracotta_attic_roof	2974	90039	8
mcwroofs:orange_terracotta_top_roof	2975	90047	16
mcwroofs:orange_terracotta_lower_roof	2976	90063	40
mcwroofs:orange_terracotta_steep_roof	2977	90103	40
mcwroofs:orange_terracotta_upper_lower_roof	2978	90143	40
mcwroofs:orange_terracotta_upper_steep_roof	2979	90183	40
mcwroofs:red_terracotta_roof	2980	90223	40
mcwroofs:red_terracotta_attic_roof	2981	90263	8
mcwroofs:red_terracotta_top_roof	2982	90271	16
mcwroofs:red_terracotta_lower_roof	2983	90287	40
mcwroofs:red_terracotta_steep_roof	2984	90327	40
mcwroofs:red_terracotta_upper_lower_roof	2985	90367	40
mcwroofs:red_terracotta_upper_steep_roof	2986	90407	40
mcwroofs:magenta_terracotta_roof	2987	90447	40
mcwroofs:magenta_terracotta_attic_roof	2988	90487	8
mcwroofs:magenta_terracotta_top_roof	2989	90495	16
mcwroofs:magenta_terracotta_lower_roof	2990	90511	40
mcwroofs:magenta_terracotta_steep_roof	2991	90551	40
mcwroofs:magenta_terracotta_upper_lower_roof	2992	90591	40
mcwroofs:magenta_terracotta_upper_steep_roof	2993	90631	40
mcwroofs:pink_terracotta_roof	2994	90671	40
mcwroofs:pink_terracotta_attic_roof	2995	90711	8
mcwroofs:pink_terracotta_top_roof	2996	90719	16
mcwroofs:pink_terracotta_lower_roof	2997	90735	40
mcwroofs:pink_terracotta_steep_roof	2998	90775	40
mcwroofs:pink_terracotta_upper_lower_roof	2999	90815	40
mcwroofs:pink_terracotta_upper_steep_roof	3000	90855	40
mcwroofs:purple_terracotta_roof	3001	90895	40
mcwroofs:purple_terracotta_attic_roof	3002	90935	8
mcwroofs:purple_terracotta_top_roof	3003	90943	16
mcwroofs:purple_terracotta_lower_roof	3004	90959	40
mcwroofs:purple_terracotta_steep_roof	3005	90999	40
mcwroofs:purple_terracotta_upper_lower_roof	3006	91039	40
mcwroofs:purple_terracotta_upper_steep_roof	3007	91079	40
mcwroofs:white_concrete_roof	3008	91119	40
mcwroofs:white_concrete_attic_roof	3009	91159	8
mcwroofs:white_concrete_top_roof	3010	91167	16
mcwroofs:white_concrete_lower_roof	3011	91183	40
mcwroofs:white_concrete_steep_roof	3012	91223	40
mcwroofs:white_concrete_upper_lower_roof	3013	91263	40
mcwroofs:white_concrete_upper_steep_roof	3014	91303	40
mcwroofs:light_gray_concrete_roof	3015	91343	40
mcwroofs:light_gray_concrete_attic_roof	3016	91383	8
mcwroofs:light_gray_concrete_top_roof	3017	91391	16
mcwroofs:light_gray_concrete_lower_roof	3018	91407	40
mcwroofs:light_gray_concrete_steep_roof	3019	91447	40
mcwroofs:light_gray_concrete_upper_lower_roof	3020	91487	40
mcwroofs:light_gray_concrete_upper_steep_roof	3021	91527	40
mcwroofs:gray_concrete_roof	3022	91567	40
mcwroofs:gray_concrete_attic_roof	3023	91607	8
mcwroofs:gray_concrete_top_roof	3024	91615	16
mcwroofs:gray_concrete_lower_roof	3025	91631	40
mcwroofs:gray_concrete_steep_roof	3026	91671	40
mcwroofs:gray_concrete_upper_lower_roof	3027	91711	40
mcwroofs:gray_concrete_upper_steep_roof	3028	91751	40
mcwroofs:black_concrete_roof	3029	91791	40
mcwroofs:black_concrete_attic_roof	3030	91831	8
mcwroofs:black_concrete_top_roof	3031	91839	16
mcwroofs:black_concrete_lower_roof	3032	91855	40
mcwroofs:black_concrete_steep_roof	3033	91895	40
mcwroofs:black_concrete_upper_lower_roof	3034	91935	40
mcwroofs:black_concrete_upper_steep_roof	3035	91975	40
mcwroofs:blue_concrete_roof	3036	92015	40
mcwroofs:blue_concrete_attic_roof	3037	92055	8
mcwroofs:blue_concrete_top_roof	3038	92063	16
mcwroofs:blue_concrete_lower_roof	3039	92079	40
mcwroofs:blue_concrete_steep_roof	3040	92119	40
mcwroofs:blue_concrete_upper_lower_roof	3041	92159	40
mcwroofs:blue_concrete_upper_steep_roof	3042	92199	40
mcwroofs:light_blue_concrete_roof	3043	92239	40
mcwroofs:light_blue_concrete_attic_roof	3044	92279	8
mcwroofs:light_blue_concrete_top_roof	3045	92287	16
mcwroofs:light_blue_concrete_lower_roof	3046	92303	40
mcwroofs:light_blue_concrete_steep_roof	3047	92343	40
mcwroofs:light_blue_concrete_upper_lower_roof	3048	92383	40
mcwroofs:light_blue_concrete_upper_steep_roof	3049	92423	40
mcwroofs:cyan_concrete_roof	3050	92463	40
mcwroofs:cyan_concrete_attic_roof	3051	92503	8
mcwroofs:cyan_concrete_top_roof	3052	92511	16
mcwroofs:cyan_concrete_lower_roof	3053	92527	40
mcwroofs:cyan_concrete_steep_roof	3054	92567	40
mcwroofs:cyan_concrete_upper_lower_roof	3055	92607	40
mcwroofs:cyan_concrete_upper_steep_roof	3056	92647	40
mcwroofs:lime_concrete_roof	3057	92687	40
mcwroofs:lime_concrete_attic_roof	3058	92727	8
mcwroofs:lime_concrete_top_roof	3059	92735	16
mcwroofs:lime_concrete_lower_roof	3060	92751	40
mcwroofs:lime_concrete_steep_roof	3061	92791	40
mcwroofs:lime_concrete_upper_lower_roof	3062	92831	40
mcwroofs:lime_concrete_upper_steep_roof	3063	92871	40
mcwroofs:green_concrete_roof	3064	92911	40
mcwroofs:green_concrete_attic_roof	3065	92951	8
mcwroofs:green_concrete_top_roof	3066	92959	16
mcwroofs:green_concrete_lower_roof	3067	92975	40
mcwroofs:green_concrete_steep_roof	3068	93015	40
mcwroofs:green_concrete_upper_lower_roof	3069	93055	40
mcwroofs:green_concrete_upper_steep_roof	3070	93095	40
mcwroofs:yellow_concrete_roof	3071	93135	40
mcwroofs:yellow_concrete_attic_roof	3072	93175	8
mcwroofs:yellow_concrete_top_roof	3073	93183	16
mcwroofs:yellow_concrete_lower_roof	3074	93199	40
mcwroofs:yellow_concrete_steep_roof	3075	93239	40
mcwroofs:yellow_concrete_upper_lower_roof	3076	93279	40
mcwroofs:yellow_concrete_upper_steep_roof	3077	93319	40
mcwroofs:brown_concrete_roof	3078	93359	40
mcwroofs:brown_concrete_attic_roof	3079	93399	8
mcwroofs:brown_concrete_top_roof	3080	93407	16
mcwroofs:brown_concrete_lower_roof	3081	93423	40
mcwroofs:brown_concrete_steep_roof	3082	93463	40
mcwroofs:brown_concrete_upper_lower_roof	3083	93503	40
mcwroofs:brown_concrete_upper_steep_roof	3084	93543	40
mcwroofs:orange_concrete_roof	3085	93583	40
mcwroofs:orange_concrete_attic_roof	3086	93623	8
mcwroofs:orange_concrete_top_roof	3087	93631	16
mcwroofs:orange_concrete_lower_roof	3088	93647	40
mcwroofs:orange_concrete_steep_roof	3089	93687	40
mcwroofs:orange_concrete_upper_lower_roof	3090	93727	40
mcwroofs:orange_concrete_upper_steep_roof	3091	93767	40
mcwroofs:red_concrete_roof	3092	93807	40
mcwroofs:red_concrete_attic_roof	3093	93847	8
mcwroofs:red_concrete_top_roof	3094	93855	16
mcwroofs:red_concrete_lower_roof	3095	93871	40
mcwroofs:red_concrete_steep_roof	3096	93911	40
mcwroofs:red_concrete_upper_lower_roof	3097	93951	40
mcwroofs:red_concrete_upper_steep_roof	3098	93991	40
mcwroofs:magenta_concrete_roof	3099	94031	40
mcwroofs:magenta_concrete_attic_roof	3100	94071	8
mcwroofs:magenta_concrete_top_roof	3101	94079	16
mcwroofs:magenta_concrete_lower_roof	3102	94095	40
mcwroofs:magenta_concrete_steep_roof	3103	94135	40
mcwroofs:magenta_concrete_upper_lower_roof	3104	94175	40
mcwroofs:magenta_concrete_upper_steep_roof	3105	94215	40
mcwroofs:pink_concrete_roof	3106	94255	40
mcwroofs:pink_concrete_attic_roof	3107	94295	8
mcwroofs:pink_concrete_top_roof	3108	94303	16
mcwroofs:pink_concrete_lower_roof	3109	94319	40
mcwroofs:pink_concrete_steep_roof	3110	94359	40
mcwroofs:pink_concrete_upper_lower_roof	3111	94399	40
mcwroofs:pink_concrete_upper_steep_roof	3112	94439	40
mcwroofs:purple_concrete_roof	3113	94479	40
mcwroofs:purple_concrete_attic_roof	3114	94519	8
mcwroofs:purple_concrete_top_roof	3115	94527	16
mcwroofs:purple_concrete_lower_roof	3116	94543	40
mcwroofs:purple_concrete_steep_roof	3117	94583	40
mcwroofs:purple_concrete_upper_lower_roof	3118	94623	40
mcwroofs:purple_concrete_upper_steep_roof	3119	94663	40
mcwroofs:white_roof	3120	94703	40
mcwroofs:white_attic_roof	3121	94743	8
mcwroofs:white_top_roof	3122	94751	16
mcwroofs:white_lower_roof	3123	94767	40
mcwroofs:white_steep_roof	3124	94807	40
mcwroofs:white_upper_lower_roof	3125	94847	40
mcwroofs:white_upper_steep_roof	3126	94887	40
mcwroofs:white_roof_block	3127	94927	1
mcwroofs:white_roof_slab	3128	94928	6
mcwroofs:light_gray_roof	3129	94934	40
mcwroofs:light_gray_attic_roof	3130	94974	8
mcwroofs:light_gray_top_roof	3131	94982	16
mcwroofs:light_gray_lower_roof	3132	94998	40
mcwroofs:light_gray_steep_roof	3133	95038	40
mcwroofs:light_gray_upper_lower_roof	3134	95078	40
mcwroofs:light_gray_upper_steep_roof	3135	95118	40
mcwroofs:light_gray_roof_block	3136	95158	1
mcwroofs:light_gray_roof_slab	3137	95159	6
mcwroofs:gray_roof	3138	95165	40
mcwroofs:gray_attic_roof	3139	95205	8
mcwroofs:gray_top_roof	3140	95213	16
mcwroofs:gray_lower_roof	3141	95229	40
mcwroofs:gray_steep_roof	3142	95269	40
mcwroofs:gray_upper_lower_roof	3143	95309	40
mcwroofs:gray_upper_steep_roof	3144	95349	40
mcwroofs:gray_roof_block	3145	95389	1
mcwroofs:gray_roof_slab	3146	95390	6
mcwroofs:black_roof	3147	95396	40
mcwroofs:black_attic_roof	3148	95436	8
mcwroofs:black_top_roof	3149	95444	16
mcwroofs:black_lower_roof	3150	95460	40
mcwroofs:black_steep_roof	3151	95500	40
mcwroofs:black_upper_lower_roof	3152	95540	40
mcwroofs:black_upper_steep_roof	3153	95580	40
mcwroofs:black_roof_block	3154	95620	1
mcwroofs:black_roof_slab	3155	95621	6
mcwroofs:base_roof	3156	95627	40
mcwroofs:base_attic_roof	3157	95667	8
mcwroofs:base_top_roof	3158	95675	16
mcwroofs:base_lower_roof	3159	95691	40
mcwroofs:base_steep_roof	3160	95731	40
mcwroofs:base_upper_lower_roof	3161	95771	40
mcwroofs:base_upper_steep_roof	3162	95811	40
mcwroofs:base_roof_block	3163	95851	1
mcwroofs:base_roof_slab	3164	95852	6
mcwroofs:stone_roof	3165	95858	40
mcwroofs:stone_attic_roof	3166	95898	8
mcwroofs:stone_top_roof	3167	95906	16
mcwroofs:stone_lower_roof	3168	95922	40
mcwroofs:stone_steep_roof	3169	95962	40
mcwroofs:stone_upper_lower_roof	3170	96002	40
mcwroofs:stone_upper_steep_roof	3171	96042	40
mcwroofs:granite_roof	3172	96082	40
mcwroofs:granite_attic_roof	3173	96122	8
mcwroofs:granite_top_roof	3174	96130	16
mcwroofs:granite_lower_roof	3175	96146	40
mcwroofs:granite_steep_roof	3176	96186	40
mcwroofs:granite_upper_lower_roof	3177	96226	40
mcwroofs:granite_upper_steep_roof	3178	96266	40
mcwroofs:diorite_roof	3179	96306	40
mcwroofs:diorite_attic_roof	3180	96346	8
mcwroofs:diorite_top_roof	3181	96354	16
mcwroofs:diorite_lower_roof	3182	96370	40
mcwroofs:diorite_steep_roof	3183	96410	40
mcwroofs:diorite_upper_lower_roof	3184	96450	40
mcwroofs:diorite_upper_steep_roof	3185	96490	40
mcwroofs:andesite_roof	3186	96530	40
mcwroofs:andesite_attic_roof	3187	96570	8
mcwroofs:andesite_top_roof	3188	96578	16
mcwroofs:andesite_lower_roof	3189	96594	40
mcwroofs:andesite_steep_roof	3190	96634	40
mcwroofs:andesite_upper_lower_roof	3191	96674	40
mcwroofs:andesite_upper_steep_roof	3192	96714	40
mcwroofs:cobblestone_roof	3193	96754	40
mcwroofs:cobblestone_attic_roof	3194	96794	8
mcwroofs:cobblestone_top_roof	3195	96802	16
mcwroofs:cobblestone_lower_roof	3196	96818	40
mcwroofs:cobblestone_steep_roof	3197	96858	40
mcwroofs:cobblestone_upper_lower_roof	3198	96898	40
mcwroofs:cobblestone_upper_steep_roof	3199	96938	40
mcwroofs:sandstone_roof	3200	96978	40
mcwroofs:sandstone_attic_roof	3201	97018	8
mcwroofs:sandstone_top_roof	3202	97026	16
mcwroofs:sandstone_lower_roof	3203	97042	40
mcwroofs:sandstone_steep_roof	3204	97082	40
mcwroofs:sandstone_upper_lower_roof	3205	97122	40
mcwroofs:sandstone_upper_steep_roof	3206	97162	40
mcwroofs:red_sandstone_roof	3207	97202	40
mcwroofs:red_sandstone_attic_roof	3208	97242	8
mcwroofs:red_sandstone_top_roof	3209	97250	16
mcwroofs:red_sandstone_lower_roof	3210	97266	40
mcwroofs:red_sandstone_steep_roof	3211	97306	40
mcwroofs:red_sandstone_upper_lower_roof	3212	97346	40
mcwroofs:red_sandstone_upper_steep_roof	3213	97386	40
mcwroofs:bricks_roof	3214	97426	40
mcwroofs:bricks_attic_roof	3215	97466	8
mcwroofs:bricks_top_roof	3216	97474	16
mcwroofs:bricks_lower_roof	3217	97490	40
mcwroofs:bricks_steep_roof	3218	97530	40
mcwroofs:bricks_upper_lower_roof	3219	97570	40
mcwroofs:bricks_upper_steep_roof	3220	97610	40
mcwroofs:blackstone_roof	3221	97650	40
mcwroofs:blackstone_attic_roof	3222	97690	8
mcwroofs:blackstone_top_roof	3223	97698	16
mcwroofs:blackstone_lower_roof	3224	97714	40
mcwroofs:blackstone_steep_roof	3225	97754	40
mcwroofs:blackstone_upper_lower_roof	3226	97794	40
mcwroofs:blackstone_upper_steep_roof	3227	97834	40
mcwroofs:deepslate_roof	3228	97874	40
mcwroofs:deepslate_attic_roof	3229	97914	8
mcwroofs:deepslate_top_roof	3230	97922	16
mcwroofs:deepslate_lower_roof	3231	97938	40
mcwroofs:deepslate_steep_roof	3232	97978	40
mcwroofs:deepslate_upper_lower_roof	3233	98018	40
mcwroofs:deepslate_upper_steep_roof	3234	98058	40
mcwroofs:mud_brick_roof	3235	98098	40
mcwroofs:mud_brick_attic_roof	3236	98138	8
mcwroofs:mud_brick_top_roof	3237	98146	16
mcwroofs:mud_brick_lower_roof	3238	98162	40
mcwroofs:mud_brick_steep_roof	3239	98202	40
mcwroofs:mud_brick_upper_lower_roof	3240	98242	40
mcwroofs:mud_brick_upper_steep_roof	3241	98282	40
mcwroofs:thatch_roof	3242	98322	40
mcwroofs:thatch_attic_roof	3243	98362	8
mcwroofs:thatch_top_roof	3244	98370	16
mcwroofs:thatch_lower_roof	3245	98386	40
mcwroofs:thatch_steep_roof	3246	98426	40
mcwroofs:thatch_upper_lower_roof	3247	98466	40
mcwroofs:thatch_upper_steep_roof	3248	98506	40
mcwroofs:prismarine_brick_roof	3249	98546	40
mcwroofs:prismarine_brick_attic_roof	3250	98586	8
mcwroofs:prismarine_brick_top_roof	3251	98594	16
mcwroofs:prismarine_brick_lower_roof	3252	98610	40
mcwroofs:prismarine_brick_steep_roof	3253	98650	40
mcwroofs:prismarine_brick_upper_lower_roof	3254	98690	40
mcwroofs:prismarine_brick_upper_steep_roof	3255	98730	40
mcwroofs:dark_prismarine_roof	3256	98770	40
mcwroofs:dark_prismarine_attic_roof	3257	98810	8
mcwroofs:dark_prismarine_top_roof	3258	98818	16
mcwroofs:dark_prismarine_lower_roof	3259	98834	40
mcwroofs:dark_prismarine_steep_roof	3260	98874	40
mcwroofs:dark_prismarine_upper_lower_roof	3261	98914	40
mcwroofs:dark_prismarine_upper_steep_roof	3262	98954	40
mcwroofs:black_striped_awning	3263	98994	20
mcwroofs:blue_striped_awning	3264	99014	20
mcwroofs:brown_striped_awning	3265	99034	20
mcwroofs:cyan_striped_awning	3266	99054	20
mcwroofs:gray_striped_awning	3267	99074	20
mcwroofs:green_striped_awning	3268	99094	20
mcwroofs:light_blue_striped_awning	3269	99114	20
mcwroofs:light_gray_striped_awning	3270	99134	20
mcwroofs:lime_striped_awning	3271	99154	20
mcwroofs:magenta_striped_awning	3272	99174	20
mcwroofs:orange_striped_awning	3273	99194	20
mcwroofs:pink_striped_awning	3274	99214	20
mcwroofs:purple_striped_awning	3275	99234	20
mcwroofs:red_striped_awning	3276	99254	20
mcwroofs:yellow_striped_awning	3277	99274	20
mcwroofs:gutter_base_yellow	3278	99294	40
mcwroofs:gutter_base_orange	3279	99334	40
mcwroofs:gutter_base_red	3280	99374	40
mcwroofs:gutter_base_pink	3281	99414	40
mcwroofs:gutter_base_magenta	3282	99454	40
mcwroofs:gutter_base_purple	3283	99494	40
mcwroofs:gutter_base_light_blue	3284	99534	40
mcwroofs:gutter_base_blue	3285	99574	40
mcwroofs:gutter_base_cyan	3286	99614	40
mcwroofs:gutter_base_lime	3287	99654	40
mcwroofs:gutter_base_green	3288	99694	40
mcwroofs:gutter_base_brown	3289	99734	40
mcwroofs:gutter_base	3290	99774	40
mcwroofs:gutter_base_black	3291	99814	40
mcwroofs:gutter_base_gray	3292	99854	40
mcwroofs:gutter_base_light_gray	3293	99894	40
mcwroofs:gutter_base_white	3294	99934	40
mcwroofs:gutter_middle_yellow	3295	99974	32
mcwroofs:gutter_middle_orange	3296	100006	32
mcwroofs:gutter_middle_red	3297	100038	32
mcwroofs:gutter_middle_pink	3298	100070	32
mcwroofs:gutter_middle_magenta	3299	100102	32
mcwroofs:gutter_middle_purple	3300	100134	32
mcwroofs:gutter_middle_light_blue	3301	100166	32
mcwroofs:gutter_middle_blue	3302	100198	32
mcwroofs:gutter_middle_cyan	3303	100230	32
mcwroofs:gutter_middle_lime	3304	100262	32
mcwroofs:gutter_middle_green	3305	100294	32
mcwroofs:gutter_middle_brown	3306	100326	32
mcwroofs:gutter_middle	3307	100358	32
mcwroofs:gutter_middle_black	3308	100390	32
mcwroofs:gutter_middle_gray	3309	100422	32
mcwroofs:gutter_middle_light_gray	3310	100454	32
mcwroofs:gutter_middle_white	3311	100486	32
mcwroofs:nether_bricks_roof	3312	100518	40
mcwroofs:nether_bricks_attic_roof	3313	100558	8
mcwroofs:nether_bricks_top_roof	3314	100566	16
mcwroofs:nether_bricks_lower_roof	3315	100582	40
mcwroofs:nether_bricks_steep_roof	3316	100622	40
mcwroofs:nether_bricks_upper_lower_roof	3317	100662	40
mcwroofs:nether_bricks_upper_steep_roof	3318	100702	40
mcwroofs:red_nether_bricks_roof	3319	100742	40
mcwroofs:red_nether_bricks_attic_roof	3320	100782	8
mcwroofs:red_nether_bricks_top_roof	3321	100790	16
mcwroofs:red_nether_bricks_lower_roof	3322	100806	40
mcwroofs:red_nether_bricks_steep_roof	3323	100846	40
mcwroofs:red_nether_bricks_upper_lower_roof	3324	100886	40
mcwroofs:red_nether_bricks_upper_steep_roof	3325	100926	40
mcwroofs:cherry_roof	3326	100966	40
mcwroofs:cherry_attic_roof	3327	101006	8
mcwroofs:cherry_top_roof	3328	101014	16
mcwroofs:cherry_lower_roof	3329	101030	40
mcwroofs:cherry_steep_roof	3330	101070	40
mcwroofs:cherry_upper_lower_roof	3331	101110	40
mcwroofs:cherry_upper_steep_roof	3332	101150	40
mcwroofs:cherry_planks_roof	3333	101190	40
mcwroofs:cherry_planks_attic_roof	3334	101230	8
mcwroofs:cherry_planks_top_roof	3335	101238	16
mcwroofs:cherry_planks_lower_roof	3336	101254	40
mcwroofs:cherry_planks_steep_roof	3337	101294	40
mcwroofs:cherry_planks_upper_lower_roof	3338	101334	40
mcwroofs:cherry_planks_upper_steep_roof	3339	101374	40
mcwroofs:bamboo_roof	3340	101414	40
mcwroofs:bamboo_attic_roof	3341	101454	8
mcwroofs:bamboo_top_roof	3342	101462	16
mcwroofs:bamboo_lower_roof	3343	101478	40
mcwroofs:bamboo_steep_roof	3344	101518	40
mcwroofs:bamboo_upper_lower_roof	3345	101558	40
mcwroofs:bamboo_upper_steep_roof	3346	101598	40
mcwroofs:bamboo_planks_roof	3347	101638	40
mcwroofs:bamboo_planks_attic_roof	3348	101678	8
mcwroofs:bamboo_planks_top_roof	3349	101686	16
mcwroofs:bamboo_planks_lower_roof	3350	101702	40
mcwroofs:bamboo_planks_steep_roof	3351	101742	40
mcwroofs:bamboo_planks_upper_lower_roof	3352	101782	40
mcwroofs:bamboo_planks_upper_steep_roof	3353	101822	40
mcwroofs:bamboo_mosaic_roof	3354	101862	40
mcwroofs:bamboo_mosaic_attic_roof	3355	101902	8
mcwroofs:bamboo_mosaic_top_roof	3356	101910	16
mcwroofs:bamboo_mosaic_lower_roof	3357	101926	40
mcwroofs:bamboo_mosaic_steep_roof	3358	101966	40
mcwroofs:bamboo_mosaic_upper_lower_roof	3359	102006	40
mcwroofs:bamboo_mosaic_upper_steep_roof	3360	102046	40
mcwroofs:stone_bricks_roof	3361	102086	40
mcwroofs:stone_bricks_attic_roof	3362	102126	8
mcwroofs:stone_bricks_top_roof	3363	102134	16
mcwroofs:stone_bricks_lower_roof	3364	102150	40
mcwroofs:stone_bricks_steep_roof	3365	102190	40
mcwroofs:stone_bricks_upper_lower_roof	3366	102230	40
mcwroofs:stone_bricks_upper_steep_roof	3367	102270	40
mcwroofs:grass_roof	3368	102310	40
mcwroofs:grass_attic_roof	3369	102350	8
mcwroofs:grass_top_roof	3370	102358	16
mcwroofs:grass_lower_roof	3371	102374	40
mcwroofs:grass_steep_roof	3372	102414	40
mcwroofs:grass_upper_lower_roof	3373	102454	40
mcwroofs:grass_upper_steep_roof	3374	102494	40
drones:frame	3375	102534	1
drones:controller	3376	102535	1
drones:wood_rotor	3377	102536	1
drones:iron_rotor	3378	102537	1
drones:ion_thruster	3379	102538	1
drones:drill	3380	102539	1
mcwfurnitures:oak_wardrobe	3381	102540	32
mcwfurnitures:oak_modern_wardrobe	3382	102572	32
mcwfurnitures:oak_double_wardrobe	3383	102604	16
mcwfurnitures:oak_bookshelf	3384	102620	16
mcwfurnitures:oak_bookshelf_cupboard	3385	102636	32
mcwfurnitures:oak_drawer	3386	102668	16
mcwfurnitures:oak_double_drawer	3387	102684	16
mcwfurnitures:oak_bookshelf_drawer	3388	102700	16
mcwfurnitures:oak_lower_bookshelf_drawer	3389	102716	16
mcwfurnitures:oak_large_drawer	3390	102732	16
mcwfurnitures:oak_lower_triple_drawer	3391	102748	16
mcwfurnitures:oak_triple_drawer	3392	102764	16
mcwfurnitures:oak_desk	3393	102780	8
mcwfurnitures:oak_covered_desk	3394	102788	8
mcwfurnitures:oak_modern_desk	3395	102796	8
mcwfurnitures:oak_table	3396	102804	16
mcwfurnitures:oak_end_table	3397	102820	16
mcwfurnitures:oak_coffee_table	3398	102836	2
mcwfurnitures:oak_glass_table	3399	102838	16
mcwfurnitures:oak_chair	3400	102854	4
mcwfurnitures:oak_modern_chair	3401	102858	4
mcwfurnitures:oak_striped_chair	3402	102862	4
mcwfurnitures:oak_stool_chair	3403	102866	1
mcwfurnitures:oak_counter	3404	102867	4
mcwfurnitures:oak_drawer_counter	3405	102871	4
mcwfurnitures:oak_double_drawer_counter	3406	102875	4
mcwfurnitures:oak_cupboard_counter	3407	102879	8
mcwfurnitures:birch_wardrobe	3408	102887	32
mcwfurnitures:birch_modern_wardrobe	3409	102919	32
mcwfurnitures:birch_double_wardrobe	3410	102951	16
mcwfurnitures:birch_bookshelf	3411	102967	16
mcwfurnitures:birch_bookshelf_cupboard	3412	102983	32
mcwfurnitures:birch_drawer	3413	103015	16
mcwfurnitures:birch_double_drawer	3414	103031	16
mcwfurnitures:birch_bookshelf_drawer	3415	103047	16
mcwfurnitures:birch_lower_bookshelf_drawer	3416	103063	16
mcwfurnitures:birch_large_drawer	3417	103079	16
mcwfurnitures:birch_lower_triple_drawer	3418	103095	16
mcwfurnitures:birch_triple_drawer	3419	103111	16
mcwfurnitures:birch_desk	3420	103127	8
mcwfurnitures:birch_covered_desk	3421	103135	8
mcwfurnitures:birch_modern_desk	3422	103143	8
mcwfurnitures:birch_table	3423	103151	16
mcwfurnitures:birch_end_table	3424	103167	16
mcwfurnitures:birch_coffee_table	3425	103183	2
mcwfurnitures:birch_glass_table	3426	103185	16
mcwfurnitures:birch_chair	3427	103201	4
mcwfurnitures:birch_modern_chair	3428	103205	4
mcwfurnitures:birch_striped_chair	3429	103209	4
mcwfurnitures:birch_stool_chair	3430	103213	1
mcwfurnitures:birch_counter	3431	103214	4
mcwfurnitures:birch_drawer_counter	3432	103218	4
mcwfurnitures:birch_double_drawer_counter	3433	103222	4
mcwfurnitures:birch_cupboard_counter	3434	103226	8
mcwfurnitures:spruce_wardrobe	3435	103234	32
mcwfurnitures:spruce_modern_wardrobe	3436	103266	32
mcwfurnitures:spruce_double_wardrobe	3437	103298	16
mcwfurnitures:spruce_bookshelf	3438	103314	16
mcwfurnitures:spruce_bookshelf_cupboard	3439	103330	32
mcwfurnitures:spruce_drawer	3440	103362	16
mcwfurnitures:spruce_double_drawer	3441	103378	16
mcwfurnitures:spruce_bookshelf_drawer	3442	103394	16
mcwfurnitures:spruce_lower_bookshelf_drawer	3443	103410	16
mcwfurnitures:spruce_large_drawer	3444	103426	16
mcwfurnitures:spruce_lower_triple_drawer	3445	103442	16
mcwfurnitures:spruce_triple_drawer	3446	103458	16
mcwfurnitures:spruce_desk	3447	103474	8
mcwfurnitures:spruce_covered_desk	3448	103482	8
mcwfurnitures:spruce_modern_desk	3449	103490	8
mcwfurnitures:spruce_table	3450	103498	16
mcwfurnitures:spruce_end_table	3451	103514	16
mcwfurnitures:spruce_coffee_table	3452	103530	2
mcwfurnitures:spruce_glass_table	3453	103532	16
mcwfurnitures:spruce_chair	3454	103548	4
mcwfurnitures:spruce_modern_chair	3455	103552	4
mcwfurnitures:spruce_striped_chair	3456	103556	4
mcwfurnitures:spruce_stool_chair	3457	103560	1
mcwfurnitures:spruce_counter	3458	103561	4
mcwfurnitures:spruce_drawer_counter	3459	103565	4
mcwfurnitures:spruce_double_drawer_counter	3460	103569	4
mcwfurnitures:spruce_cupboard_counter	3461	103573	8
mcwfurnitures:jungle_wardrobe	3462	103581	32
mcwfurnitures:jungle_modern_wardrobe	3463	103613	32
mcwfurnitures:jungle_double_wardrobe	3464	103645	16
mcwfurnitures:jungle_bookshelf	3465	103661	16
mcwfurnitures:jungle_bookshelf_cupboard	3466	103677	32
mcwfurnitures:jungle_drawer	3467	103709	16
mcwfurnitures:jungle_double_drawer	3468	103725	16
mcwfurnitures:jungle_bookshelf_drawer	3469	103741	16
mcwfurnitures:jungle_lower_bookshelf_drawer	3470	103757	16
mcwfurnitures:jungle_large_drawer	3471	103773	16
mcwfurnitures:jungle_lower_triple_drawer	3472	103789	16
mcwfurnitures:jungle_triple_drawer	3473	103805	16
mcwfurnitures:jungle_desk	3474	103821	8
mcwfurnitures:jungle_covered_desk	3475	103829	8
mcwfurnitures:jungle_modern_desk	3476	103837	8
mcwfurnitures:jungle_table	3477	103845	16
mcwfurnitures:jungle_end_table	3478	103861	16
mcwfurnitures:jungle_coffee_table	3479	103877	2
mcwfurnitures:jungle_glass_table	3480	103879	16
mcwfurnitures:jungle_chair	3481	103895	4
mcwfurnitures:jungle_modern_chair	3482	103899	4
mcwfurnitures:jungle_striped_chair	3483	103903	4
mcwfurnitures:jungle_stool_chair	3484	103907	1
mcwfurnitures:jungle_counter	3485	103908	4
mcwfurnitures:jungle_drawer_counter	3486	103912	4
mcwfurnitures:jungle_double_drawer_counter	3487	103916	4
mcwfurnitures:jungle_cupboard_counter	3488	103920	8
mcwfurnitures:acacia_wardrobe	3489	103928	32
mcwfurnitures:acacia_modern_wardrobe	3490	103960	32
mcwfurnitures:acacia_double_wardrobe	3491	103992	16
mcwfurnitures:acacia_bookshelf	3492	104008	16
mcwfurnitures:acacia_bookshelf_cupboard	3493	104024	32
mcwfurnitures:acacia_drawer	3494	104056	16
mcwfurnitures:acacia_double_drawer	3495	104072	16
mcwfurnitures:acacia_bookshelf_drawer	3496	104088	16
mcwfurnitures:acacia_lower_bookshelf_drawer	3497	104104	16
mcwfurnitures:acacia_large_drawer	3498	104120	16
mcwfurnitures:acacia_lower_triple_drawer	3499	104136	16
mcwfurnitures:acacia_triple_drawer	3500	104152	16
mcwfurnitures:acacia_desk	3501	104168	8
mcwfurnitures:acacia_covered_desk	3502	104176	8
mcwfurnitures:acacia_modern_desk	3503	104184	8
mcwfurnitures:acacia_table	3504	104192	16
mcwfurnitures:acacia_end_table	3505	104208	16
mcwfurnitures:acacia_coffee_table	3506	104224	2
mcwfurnitures:acacia_glass_table	3507	104226	16
mcwfurnitures:acacia_chair	3508	104242	4
mcwfurnitures:acacia_modern_chair	3509	104246	4
mcwfurnitures:acacia_striped_chair	3510	104250	4
mcwfurnitures:acacia_stool_chair	3511	104254	1
mcwfurnitures:acacia_counter	3512	104255	4
mcwfurnitures:acacia_drawer_counter	3513	104259	4
mcwfurnitures:acacia_double_drawer_counter	3514	104263	4
mcwfurnitures:acacia_cupboard_counter	3515	104267	8
mcwfurnitures:dark_oak_wardrobe	3516	104275	32
mcwfurnitures:dark_oak_modern_wardrobe	3517	104307	32
mcwfurnitures:dark_oak_double_wardrobe	3518	104339	16
mcwfurnitures:dark_oak_bookshelf	3519	104355	16
mcwfurnitures:dark_oak_bookshelf_cupboard	3520	104371	32
mcwfurnitures:dark_oak_drawer	3521	104403	16
mcwfurnitures:dark_oak_double_drawer	3522	104419	16
mcwfurnitures:dark_oak_bookshelf_drawer	3523	104435	16
mcwfurnitures:dark_oak_lower_bookshelf_drawer	3524	104451	16
mcwfurnitures:dark_oak_large_drawer	3525	104467	16
mcwfurnitures:dark_oak_lower_triple_drawer	3526	104483	16
mcwfurnitures:dark_oak_triple_drawer	3527	104499	16
mcwfurnitures:dark_oak_desk	3528	104515	8
mcwfurnitures:dark_oak_covered_desk	3529	104523	8
mcwfurnitures:dark_oak_modern_desk	3530	104531	8
mcwfurnitures:dark_oak_table	3531	104539	16
mcwfurnitures:dark_oak_end_table	3532	104555	16
mcwfurnitures:dark_oak_coffee_table	3533	104571	2
mcwfurnitures:dark_oak_glass_table	3534	104573	16
mcwfurnitures:dark_oak_chair	3535	104589	4
mcwfurnitures:dark_oak_modern_chair	3536	104593	4
mcwfurnitures:dark_oak_striped_chair	3537	104597	4
mcwfurnitures:dark_oak_stool_chair	3538	104601	1
mcwfurnitures:dark_oak_counter	3539	104602	4
mcwfurnitures:dark_oak_drawer_counter	3540	104606	4
mcwfurnitures:dark_oak_double_drawer_counter	3541	104610	4
mcwfurnitures:dark_oak_cupboard_counter	3542	104614	8
mcwfurnitures:crimson_wardrobe	3543	104622	32
mcwfurnitures:crimson_modern_wardrobe	3544	104654	32
mcwfurnitures:crimson_double_wardrobe	3545	104686	16
mcwfurnitures:crimson_bookshelf	3546	104702	16
mcwfurnitures:crimson_bookshelf_cupboard	3547	104718	32
mcwfurnitures:crimson_drawer	3548	104750	16
mcwfurnitures:crimson_double_drawer	3549	104766	16
mcwfurnitures:crimson_bookshelf_drawer	3550	104782	16
mcwfurnitures:crimson_lower_bookshelf_drawer	3551	104798	16
mcwfurnitures:crimson_large_drawer	3552	104814	16
mcwfurnitures:crimson_lower_triple_drawer	3553	104830	16
mcwfurnitures:crimson_triple_drawer	3554	104846	16
mcwfurnitures:crimson_desk	3555	104862	8
mcwfurnitures:crimson_covered_desk	3556	104870	8
mcwfurnitures:crimson_modern_desk	3557	104878	8
mcwfurnitures:crimson_table	3558	104886	16
mcwfurnitures:crimson_end_table	3559	104902	16
mcwfurnitures:crimson_coffee_table	3560	104918	2
mcwfurnitures:crimson_glass_table	3561	104920	16
mcwfurnitures:crimson_chair	3562	104936	4
mcwfurnitures:crimson_modern_chair	3563	104940	4
mcwfurnitures:crimson_striped_chair	3564	104944	4
mcwfurnitures:crimson_stool_chair	3565	104948	1
mcwfurnitures:crimson_counter	3566	104949	4
mcwfurnitures:crimson_drawer_counter	3567	104953	4
mcwfurnitures:crimson_double_drawer_counter	3568	104957	4
mcwfurnitures:crimson_cupboard_counter	3569	104961	8
mcwfurnitures:warped_wardrobe	3570	104969	32
mcwfurnitures:warped_modern_wardrobe	3571	105001	32
mcwfurnitures:warped_double_wardrobe	3572	105033	16
mcwfurnitures:warped_bookshelf	3573	105049	16
mcwfurnitures:warped_bookshelf_cupboard	3574	105065	32
mcwfurnitures:warped_drawer	3575	105097	16
mcwfurnitures:warped_double_drawer	3576	105113	16
mcwfurnitures:warped_bookshelf_drawer	3577	105129	16
mcwfurnitures:warped_lower_bookshelf_drawer	3578	105145	16
mcwfurnitures:warped_large_drawer	3579	105161	16
mcwfurnitures:warped_lower_triple_drawer	3580	105177	16
mcwfurnitures:warped_triple_drawer	3581	105193	16
mcwfurnitures:warped_desk	3582	105209	8
mcwfurnitures:warped_covered_desk	3583	105217	8
mcwfurnitures:warped_modern_desk	3584	105225	8
mcwfurnitures:warped_table	3585	105233	16
mcwfurnitures:warped_end_table	3586	105249	16
mcwfurnitures:warped_coffee_table	3587	105265	2
mcwfurnitures:warped_glass_table	3588	105267	16
mcwfurnitures:warped_chair	3589	105283	4
mcwfurnitures:warped_modern_chair	3590	105287	4
mcwfurnitures:warped_striped_chair	3591	105291	4
mcwfurnitures:warped_stool_chair	3592	105295	1
mcwfurnitures:warped_counter	3593	105296	4
mcwfurnitures:warped_drawer_counter	3594	105300	4
mcwfurnitures:warped_double_drawer_counter	3595	105304	4
mcwfurnitures:warped_cupboard_counter	3596	105308	8
mcwfurnitures:mangrove_wardrobe	3597	105316	32
mcwfurnitures:mangrove_modern_wardrobe	3598	105348	32
mcwfurnitures:mangrove_double_wardrobe	3599	105380	16
mcwfurnitures:mangrove_bookshelf	3600	105396	16
mcwfurnitures:mangrove_bookshelf_cupboard	3601	105412	32
mcwfurnitures:mangrove_drawer	3602	105444	16
mcwfurnitures:mangrove_double_drawer	3603	105460	16
mcwfurnitures:mangrove_bookshelf_drawer	3604	105476	16
mcwfurnitures:mangrove_lower_bookshelf_drawer	3605	105492	16
mcwfurnitures:mangrove_large_drawer	3606	105508	16
mcwfurnitures:mangrove_lower_triple_drawer	3607	105524	16
mcwfurnitures:mangrove_triple_drawer	3608	105540	16
mcwfurnitures:mangrove_desk	3609	105556	8
mcwfurnitures:mangrove_covered_desk	3610	105564	8
mcwfurnitures:mangrove_modern_desk	3611	105572	8
mcwfurnitures:mangrove_table	3612	105580	16
mcwfurnitures:mangrove_end_table	3613	105596	16
mcwfurnitures:mangrove_coffee_table	3614	105612	2
mcwfurnitures:mangrove_glass_table	3615	105614	16
mcwfurnitures:mangrove_chair	3616	105630	4
mcwfurnitures:mangrove_modern_chair	3617	105634	4
mcwfurnitures:mangrove_striped_chair	3618	105638	4
mcwfurnitures:mangrove_stool_chair	3619	105642	1
mcwfurnitures:mangrove_counter	3620	105643	4
mcwfurnitures:mangrove_drawer_counter	3621	105647	4
mcwfurnitures:mangrove_double_drawer_counter	3622	105651	4
mcwfurnitures:mangrove_cupboard_counter	3623	105655	8
mcwfurnitures:stripped_oak_wardrobe	3624	105663	32
mcwfurnitures:stripped_oak_modern_wardrobe	3625	105695	32
mcwfurnitures:stripped_oak_double_wardrobe	3626	105727	16
mcwfurnitures:stripped_oak_bookshelf	3627	105743	16
mcwfurnitures:stripped_oak_bookshelf_cupboard	3628	105759	32
mcwfurnitures:stripped_oak_drawer	3629	105791	16
mcwfurnitures:stripped_oak_double_drawer	3630	105807	16
mcwfurnitures:stripped_oak_bookshelf_drawer	3631	105823	16
mcwfurnitures:stripped_oak_lower_bookshelf_drawer	3632	105839	16
mcwfurnitures:stripped_oak_large_drawer	3633	105855	16
mcwfurnitures:stripped_oak_lower_triple_drawer	3634	105871	16
mcwfurnitures:stripped_oak_triple_drawer	3635	105887	16
mcwfurnitures:stripped_oak_desk	3636	105903	8
mcwfurnitures:stripped_oak_covered_desk	3637	105911	8
mcwfurnitures:stripped_oak_modern_desk	3638	105919	8
mcwfurnitures:stripped_oak_table	3639	105927	16
mcwfurnitures:stripped_oak_end_table	3640	105943	16
mcwfurnitures:stripped_oak_coffee_table	3641	105959	2
mcwfurnitures:stripped_oak_glass_table	3642	105961	16
mcwfurnitures:stripped_oak_chair	3643	105977	4
mcwfurnitures:stripped_oak_modern_chair	3644	105981	4
mcwfurnitures:stripped_oak_striped_chair	3645	105985	4
mcwfurnitures:stripped_oak_stool_chair	3646	105989	1
mcwfurnitures:stripped_oak_counter	3647	105990	4
mcwfurnitures:stripped_oak_drawer_counter	3648	105994	4
mcwfurnitures:stripped_oak_double_drawer_counter	3649	105998	4
mcwfurnitures:stripped_oak_cupboard_counter	3650	106002	8
mcwfurnitures:stripped_birch_wardrobe	3651	106010	32
mcwfurnitures:stripped_birch_modern_wardrobe	3652	106042	32
mcwfurnitures:stripped_birch_double_wardrobe	3653	106074	16
mcwfurnitures:stripped_birch_bookshelf	3654	106090	16
mcwfurnitures:stripped_birch_bookshelf_cupboard	3655	106106	32
mcwfurnitures:stripped_birch_drawer	3656	106138	16
mcwfurnitures:stripped_birch_double_drawer	3657	106154	16
mcwfurnitures:stripped_birch_bookshelf_drawer	3658	106170	16
mcwfurnitures:stripped_birch_lower_bookshelf_drawer	3659	106186	16
mcwfurnitures:stripped_birch_large_drawer	3660	106202	16
mcwfurnitures:stripped_birch_lower_triple_drawer	3661	106218	16
mcwfurnitures:stripped_birch_triple_drawer	3662	106234	16
mcwfurnitures:stripped_birch_desk	3663	106250	8
mcwfurnitures:stripped_birch_covered_desk	3664	106258	8
mcwfurnitures:stripped_birch_modern_desk	3665	106266	8
mcwfurnitures:stripped_birch_table	3666	106274	16
mcwfurnitures:stripped_birch_end_table	3667	106290	16
mcwfurnitures:stripped_birch_coffee_table	3668	106306	2
mcwfurnitures:stripped_birch_glass_table	3669	106308	16
mcwfurnitures:stripped_birch_chair	3670	106324	4
mcwfurnitures:stripped_birch_modern_chair	3671	106328	4
mcwfurnitures:stripped_birch_striped_chair	3672	106332	4
mcwfurnitures:stripped_birch_stool_chair	3673	106336	1
mcwfurnitures:stripped_birch_counter	3674	106337	4
mcwfurnitures:stripped_birch_drawer_counter	3675	106341	4
mcwfurnitures:stripped_birch_double_drawer_counter	3676	106345	4
mcwfurnitures:stripped_birch_cupboard_counter	3677	106349	8
mcwfurnitures:stripped_spruce_wardrobe	3678	106357	32
mcwfurnitures:stripped_spruce_modern_wardrobe	3679	106389	32
mcwfurnitures:stripped_spruce_double_wardrobe	3680	106421	16
mcwfurnitures:stripped_spruce_bookshelf	3681	106437	16
mcwfurnitures:stripped_spruce_bookshelf_cupboard	3682	106453	32
mcwfurnitures:stripped_spruce_drawer	3683	106485	16
mcwfurnitures:stripped_spruce_double_drawer	3684	106501	16
mcwfurnitures:stripped_spruce_bookshelf_drawer	3685	106517	16
mcwfurnitures:stripped_spruce_lower_bookshelf_drawer	3686	106533	16
mcwfurnitures:stripped_spruce_large_drawer	3687	106549	16
mcwfurnitures:stripped_spruce_lower_triple_drawer	3688	106565	16
mcwfurnitures:stripped_spruce_triple_drawer	3689	106581	16
mcwfurnitures:stripped_spruce_desk	3690	106597	8
mcwfurnitures:stripped_spruce_covered_desk	3691	106605	8
mcwfurnitures:stripped_spruce_modern_desk	3692	106613	8
mcwfurnitures:stripped_spruce_table	3693	106621	16
mcwfurnitures:stripped_spruce_end_table	3694	106637	16
mcwfurnitures:stripped_spruce_coffee_table	3695	106653	2
mcwfurnitures:stripped_spruce_glass_table	3696	106655	16
mcwfurnitures:stripped_spruce_chair	3697	106671	4
mcwfurnitures:stripped_spruce_modern_chair	3698	106675	4
mcwfurnitures:stripped_spruce_striped_chair	3699	106679	4
mcwfurnitures:stripped_spruce_stool_chair	3700	106683	1
mcwfurnitures:stripped_spruce_counter	3701	106684	4
mcwfurnitures:stripped_spruce_drawer_counter	3702	106688	4
mcwfurnitures:stripped_spruce_double_drawer_counter	3703	106692	4
mcwfurnitures:stripped_spruce_cupboard_counter	3704	106696	8
mcwfurnitures:stripped_jungle_wardrobe	3705	106704	32
mcwfurnitures:stripped_jungle_modern_wardrobe	3706	106736	32
mcwfurnitures:stripped_jungle_double_wardrobe	3707	106768	16
mcwfurnitures:stripped_jungle_bookshelf	3708	106784	16
mcwfurnitures:stripped_jungle_bookshelf_cupboard	3709	106800	32
mcwfurnitures:stripped_jungle_drawer	3710	106832	16
mcwfurnitures:stripped_jungle_double_drawer	3711	106848	16
mcwfurnitures:stripped_jungle_bookshelf_drawer	3712	106864	16
mcwfurnitures:stripped_jungle_lower_bookshelf_drawer	3713	106880	16
mcwfurnitures:stripped_jungle_large_drawer	3714	106896	16
mcwfurnitures:stripped_jungle_lower_triple_drawer	3715	106912	16
mcwfurnitures:stripped_jungle_triple_drawer	3716	106928	16
mcwfurnitures:stripped_jungle_desk	3717	106944	8
mcwfurnitures:stripped_jungle_covered_desk	3718	106952	8
mcwfurnitures:stripped_jungle_modern_desk	3719	106960	8
mcwfurnitures:stripped_jungle_table	3720	106968	16
mcwfurnitures:stripped_jungle_end_table	3721	106984	16
mcwfurnitures:stripped_jungle_coffee_table	3722	107000	2
mcwfurnitures:stripped_jungle_glass_table	3723	107002	16
mcwfurnitures:stripped_jungle_chair	3724	107018	4
mcwfurnitures:stripped_jungle_modern_chair	3725	107022	4
mcwfurnitures:stripped_jungle_striped_chair	3726	107026	4
mcwfurnitures:stripped_jungle_stool_chair	3727	107030	1
mcwfurnitures:stripped_jungle_counter	3728	107031	4
mcwfurnitures:stripped_jungle_drawer_counter	3729	107035	4
mcwfurnitures:stripped_jungle_double_drawer_counter	3730	107039	4
mcwfurnitures:stripped_jungle_cupboard_counter	3731	107043	8
mcwfurnitures:stripped_acacia_wardrobe	3732	107051	32
mcwfurnitures:stripped_acacia_modern_wardrobe	3733	107083	32
mcwfurnitures:stripped_acacia_double_wardrobe	3734	107115	16
mcwfurnitures:stripped_acacia_bookshelf	3735	107131	16
mcwfurnitures:stripped_acacia_bookshelf_cupboard	3736	107147	32
mcwfurnitures:stripped_acacia_drawer	3737	107179	16
mcwfurnitures:stripped_acacia_double_drawer	3738	107195	16
mcwfurnitures:stripped_acacia_bookshelf_drawer	3739	107211	16
mcwfurnitures:stripped_acacia_lower_bookshelf_drawer	3740	107227	16
mcwfurnitures:stripped_acacia_large_drawer	3741	107243	16
mcwfurnitures:stripped_acacia_lower_triple_drawer	3742	107259	16
mcwfurnitures:stripped_acacia_triple_drawer	3743	107275	16
mcwfurnitures:stripped_acacia_desk	3744	107291	8
mcwfurnitures:stripped_acacia_covered_desk	3745	107299	8
mcwfurnitures:stripped_acacia_modern_desk	3746	107307	8
mcwfurnitures:stripped_acacia_table	3747	107315	16
mcwfurnitures:stripped_acacia_end_table	3748	107331	16
mcwfurnitures:stripped_acacia_coffee_table	3749	107347	2
mcwfurnitures:stripped_acacia_glass_table	3750	107349	16
mcwfurnitures:stripped_acacia_chair	3751	107365	4
mcwfurnitures:stripped_acacia_modern_chair	3752	107369	4
mcwfurnitures:stripped_acacia_striped_chair	3753	107373	4
mcwfurnitures:stripped_acacia_stool_chair	3754	107377	1
mcwfurnitures:stripped_acacia_counter	3755	107378	4
mcwfurnitures:stripped_acacia_drawer_counter	3756	107382	4
mcwfurnitures:stripped_acacia_double_drawer_counter	3757	107386	4
mcwfurnitures:stripped_acacia_cupboard_counter	3758	107390	8
mcwfurnitures:stripped_dark_oak_wardrobe	3759	107398	32
mcwfurnitures:stripped_dark_oak_modern_wardrobe	3760	107430	32
mcwfurnitures:stripped_dark_oak_double_wardrobe	3761	107462	16
mcwfurnitures:stripped_dark_oak_bookshelf	3762	107478	16
mcwfurnitures:stripped_dark_oak_bookshelf_cupboard	3763	107494	32
mcwfurnitures:stripped_dark_oak_drawer	3764	107526	16
mcwfurnitures:stripped_dark_oak_double_drawer	3765	107542	16
mcwfurnitures:stripped_dark_oak_bookshelf_drawer	3766	107558	16
mcwfurnitures:stripped_dark_oak_lower_bookshelf_drawer	3767	107574	16
mcwfurnitures:stripped_dark_oak_large_drawer	3768	107590	16
mcwfurnitures:stripped_dark_oak_lower_triple_drawer	3769	107606	16
mcwfurnitures:stripped_dark_oak_triple_drawer	3770	107622	16
mcwfurnitures:stripped_dark_oak_desk	3771	107638	8
mcwfurnitures:stripped_dark_oak_covered_desk	3772	107646	8
mcwfurnitures:stripped_dark_oak_modern_desk	3773	107654	8
mcwfurnitures:stripped_dark_oak_table	3774	107662	16
mcwfurnitures:stripped_dark_oak_end_table	3775	107678	16
mcwfurnitures:stripped_dark_oak_coffee_table	3776	107694	2
mcwfurnitures:stripped_dark_oak_glass_table	3777	107696	16
mcwfurnitures:stripped_dark_oak_chair	3778	107712	4
mcwfurnitures:stripped_dark_oak_modern_chair	3779	107716	4
mcwfurnitures:stripped_dark_oak_striped_chair	3780	107720	4
mcwfurnitures:stripped_dark_oak_stool_chair	3781	107724	1
mcwfurnitures:stripped_dark_oak_counter	3782	107725	4
mcwfurnitures:stripped_dark_oak_drawer_counter	3783	107729	4
mcwfurnitures:stripped_dark_oak_double_drawer_counter	3784	107733	4
mcwfurnitures:stripped_dark_oak_cupboard_counter	3785	107737	8
mcwfurnitures:stripped_crimson_wardrobe	3786	107745	32
mcwfurnitures:stripped_crimson_modern_wardrobe	3787	107777	32
mcwfurnitures:stripped_crimson_double_wardrobe	3788	107809	16
mcwfurnitures:stripped_crimson_bookshelf	3789	107825	16
mcwfurnitures:stripped_crimson_bookshelf_cupboard	3790	107841	32
mcwfurnitures:stripped_crimson_drawer	3791	107873	16
mcwfurnitures:stripped_crimson_double_drawer	3792	107889	16
mcwfurnitures:stripped_crimson_bookshelf_drawer	3793	107905	16
mcwfurnitures:stripped_crimson_lower_bookshelf_drawer	3794	107921	16
mcwfurnitures:stripped_crimson_large_drawer	3795	107937	16
mcwfurnitures:stripped_crimson_lower_triple_drawer	3796	107953	16
mcwfurnitures:stripped_crimson_triple_drawer	3797	107969	16
mcwfurnitures:stripped_crimson_desk	3798	107985	8
mcwfurnitures:stripped_crimson_covered_desk	3799	107993	8
mcwfurnitures:stripped_crimson_modern_desk	3800	108001	8
mcwfurnitures:stripped_crimson_table	3801	108009	16
mcwfurnitures:stripped_crimson_end_table	3802	108025	16
mcwfurnitures:stripped_crimson_coffee_table	3803	108041	2
mcwfurnitures:stripped_crimson_glass_table	3804	108043	16
mcwfurnitures:stripped_crimson_chair	3805	108059	4
mcwfurnitures:stripped_crimson_modern_chair	3806	108063	4
mcwfurnitures:stripped_crimson_striped_chair	3807	108067	4
mcwfurnitures:stripped_crimson_stool_chair	3808	108071	1
mcwfurnitures:stripped_crimson_counter	3809	108072	4
mcwfurnitures:stripped_crimson_drawer_counter	3810	108076	4
mcwfurnitures:stripped_crimson_double_drawer_counter	3811	108080	4
mcwfurnitures:stripped_crimson_cupboard_counter	3812	108084	8
mcwfurnitures:stripped_warped_wardrobe	3813	108092	32
mcwfurnitures:stripped_warped_modern_wardrobe	3814	108124	32
mcwfurnitures:stripped_warped_double_wardrobe	3815	108156	16
mcwfurnitures:stripped_warped_bookshelf	3816	108172	16
mcwfurnitures:stripped_warped_bookshelf_cupboard	3817	108188	32
mcwfurnitures:stripped_warped_drawer	3818	108220	16
mcwfurnitures:stripped_warped_double_drawer	3819	108236	16
mcwfurnitures:stripped_warped_bookshelf_drawer	3820	108252	16
mcwfurnitures:stripped_warped_lower_bookshelf_drawer	3821	108268	16
mcwfurnitures:stripped_warped_large_drawer	3822	108284	16
mcwfurnitures:stripped_warped_lower_triple_drawer	3823	108300	16
mcwfurnitures:stripped_warped_triple_drawer	3824	108316	16
mcwfurnitures:stripped_warped_desk	3825	108332	8
mcwfurnitures:stripped_warped_covered_desk	3826	108340	8
mcwfurnitures:stripped_warped_modern_desk	3827	108348	8
mcwfurnitures:stripped_warped_table	3828	108356	16
mcwfurnitures:stripped_warped_end_table	3829	108372	16
mcwfurnitures:stripped_warped_coffee_table	3830	108388	2
mcwfurnitures:stripped_warped_glass_table	3831	108390	16
mcwfurnitures:stripped_warped_chair	3832	108406	4
mcwfurnitures:stripped_warped_modern_chair	3833	108410	4
mcwfurnitures:stripped_warped_striped_chair	3834	108414	4
mcwfurnitures:stripped_warped_stool_chair	3835	108418	1
mcwfurnitures:stripped_warped_counter	3836	108419	4
mcwfurnitures:stripped_warped_drawer_counter	3837	108423	4
mcwfurnitures:stripped_warped_double_drawer_counter	3838	108427	4
mcwfurnitures:stripped_warped_cupboard_counter	3839	108431	8
mcwfurnitures:stripped_mangrove_wardrobe	3840	108439	32
mcwfurnitures:stripped_mangrove_modern_wardrobe	3841	108471	32
mcwfurnitures:stripped_mangrove_double_wardrobe	3842	108503	16
mcwfurnitures:stripped_mangrove_bookshelf	3843	108519	16
mcwfurnitures:stripped_mangrove_bookshelf_cupboard	3844	108535	32
mcwfurnitures:stripped_mangrove_drawer	3845	108567	16
mcwfurnitures:stripped_mangrove_double_drawer	3846	108583	16
mcwfurnitures:stripped_mangrove_bookshelf_drawer	3847	108599	16
mcwfurnitures:stripped_mangrove_lower_bookshelf_drawer	3848	108615	16
mcwfurnitures:stripped_mangrove_large_drawer	3849	108631	16
mcwfurnitures:stripped_mangrove_lower_triple_drawer	3850	108647	16
mcwfurnitures:stripped_mangrove_triple_drawer	3851	108663	16
mcwfurnitures:stripped_mangrove_desk	3852	108679	8
mcwfurnitures:stripped_mangrove_covered_desk	3853	108687	8
mcwfurnitures:stripped_mangrove_modern_desk	3854	108695	8
mcwfurnitures:stripped_mangrove_table	3855	108703	16
mcwfurnitures:stripped_mangrove_end_table	3856	108719	16
mcwfurnitures:stripped_mangrove_coffee_table	3857	108735	2
mcwfurnitures:stripped_mangrove_glass_table	3858	108737	16
mcwfurnitures:stripped_mangrove_chair	3859	108753	4
mcwfurnitures:stripped_mangrove_modern_chair	3860	108757	4
mcwfurnitures:stripped_mangrove_striped_chair	3861	108761	4
mcwfurnitures:stripped_mangrove_stool_chair	3862	108765	1
mcwfurnitures:stripped_mangrove_counter	3863	108766	4
mcwfurnitures:stripped_mangrove_drawer_counter	3864	108770	4
mcwfurnitures:stripped_mangrove_double_drawer_counter	3865	108774	4
mcwfurnitures:stripped_mangrove_cupboard_counter	3866	108778	8
mcwfurnitures:cherry_wardrobe	3867	108786	32
mcwfurnitures:cherry_modern_wardrobe	3868	108818	32
mcwfurnitures:cherry_double_wardrobe	3869	108850	16
mcwfurnitures:cherry_bookshelf	3870	108866	16
mcwfurnitures:cherry_bookshelf_cupboard	3871	108882	32
mcwfurnitures:cherry_drawer	3872	108914	16
mcwfurnitures:cherry_double_drawer	3873	108930	16
mcwfurnitures:cherry_bookshelf_drawer	3874	108946	16
mcwfurnitures:cherry_lower_bookshelf_drawer	3875	108962	16
mcwfurnitures:cherry_large_drawer	3876	108978	16
mcwfurnitures:cherry_lower_triple_drawer	3877	108994	16
mcwfurnitures:cherry_triple_drawer	3878	109010	16
mcwfurnitures:cherry_desk	3879	109026	8
mcwfurnitures:cherry_covered_desk	3880	109034	8
mcwfurnitures:cherry_modern_desk	3881	109042	8
mcwfurnitures:cherry_table	3882	109050	16
mcwfurnitures:cherry_end_table	3883	109066	16
mcwfurnitures:cherry_coffee_table	3884	109082	2
mcwfurnitures:cherry_glass_table	3885	109084	16
mcwfurnitures:cherry_chair	3886	109100	4
mcwfurnitures:cherry_modern_chair	3887	109104	4
mcwfurnitures:cherry_striped_chair	3888	109108	4
mcwfurnitures:cherry_stool_chair	3889	109112	1
mcwfurnitures:cherry_counter	3890	109113	4
mcwfurnitures:cherry_drawer_counter	3891	109117	4
mcwfurnitures:cherry_double_drawer_counter	3892	109121	4
mcwfurnitures:cherry_cupboard_counter	3893	109125	8
mcwfurnitures:stripped_cherry_wardrobe	3894	109133	32
mcwfurnitures:stripped_cherry_modern_wardrobe	3895	109165	32
mcwfurnitures:stripped_cherry_double_wardrobe	3896	109197	16
mcwfurnitures:stripped_cherry_bookshelf	3897	109213	16
mcwfurnitures:stripped_cherry_bookshelf_cupboard	3898	109229	32
mcwfurnitures:stripped_cherry_drawer	3899	109261	16
mcwfurnitures:stripped_cherry_double_drawer	3900	109277	16
mcwfurnitures:stripped_cherry_bookshelf_drawer	3901	109293	16
mcwfurnitures:stripped_cherry_lower_bookshelf_drawer	3902	109309	16
mcwfurnitures:stripped_cherry_large_drawer	3903	109325	16
mcwfurnitures:stripped_cherry_lower_triple_drawer	3904	109341	16
mcwfurnitures:stripped_cherry_triple_drawer	3905	109357	16
mcwfurnitures:stripped_cherry_desk	3906	109373	8
mcwfurnitures:stripped_cherry_covered_desk	3907	109381	8
mcwfurnitures:stripped_cherry_modern_desk	3908	109389	8
mcwfurnitures:stripped_cherry_table	3909	109397	16
mcwfurnitures:stripped_cherry_end_table	3910	109413	16
mcwfurnitures:stripped_cherry_coffee_table	3911	109429	2
mcwfurnitures:stripped_cherry_glass_table	3912	109431	16
mcwfurnitures:stripped_cherry_chair	3913	109447	4
mcwfurnitures:stripped_cherry_modern_chair	3914	109451	4
mcwfurnitures:stripped_cherry_striped_chair	3915	109455	4
mcwfurnitures:stripped_cherry_stool_chair	3916	109459	1
mcwfurnitures:stripped_cherry_counter	3917	109460	4
mcwfurnitures:stripped_cherry_drawer_counter	3918	109464	4
mcwfurnitures:stripped_cherry_double_drawer_counter	3919	109468	4
mcwfurnitures:stripped_cherry_cupboard_counter	3920	109472	8
mcwfurnitures:oak_kitchen_cabinet	3921	109480	8
mcwfurnitures:oak_double_kitchen_cabinet	3922	109488	4
mcwfurnitures:oak_glass_kitchen_cabinet	3923	109492	4
mcwfurnitures:stripped_oak_kitchen_cabinet	3924	109496	8
mcwfurnitures:stripped_oak_double_kitchen_cabinet	3925	109504	4
mcwfurnitures:stripped_oak_glass_kitchen_cabinet	3926	109508	4
mcwfurnitures:birch_kitchen_cabinet	3927	109512	8
mcwfurnitures:birch_double_kitchen_cabinet	3928	109520	4
mcwfurnitures:birch_glass_kitchen_cabinet	3929	109524	4
mcwfurnitures:stripped_birch_kitchen_cabinet	3930	109528	8
mcwfurnitures:stripped_birch_double_kitchen_cabinet	3931	109536	4
mcwfurnitures:stripped_birch_glass_kitchen_cabinet	3932	109540	4
mcwfurnitures:spruce_kitchen_cabinet	3933	109544	8
mcwfurnitures:spruce_double_kitchen_cabinet	3934	109552	4
mcwfurnitures:spruce_glass_kitchen_cabinet	3935	109556	4
mcwfurnitures:stripped_spruce_kitchen_cabinet	3936	109560	8
mcwfurnitures:stripped_spruce_double_kitchen_cabinet	3937	109568	4
mcwfurnitures:stripped_spruce_glass_kitchen_cabinet	3938	109572	4
mcwfurnitures:jungle_kitchen_cabinet	3939	109576	8
mcwfurnitures:jungle_double_kitchen_cabinet	3940	109584	4
mcwfurnitures:jungle_glass_kitchen_cabinet	3941	109588	4
mcwfurnitures:stripped_jungle_kitchen_cabinet	3942	109592	8
mcwfurnitures:stripped_jungle_double_kitchen_cabinet	3943	109600	4
mcwfurnitures:stripped_jungle_glass_kitchen_cabinet	3944	109604	4
mcwfurnitures:acacia_kitchen_cabinet	3945	109608	8
mcwfurnitures:acacia_double_kitchen_cabinet	3946	109616	4
mcwfurnitures:acacia_glass_kitchen_cabinet	3947	109620	4
mcwfurnitures:stripped_acacia_kitchen_cabinet	3948	109624	8
mcwfurnitures:stripped_acacia_double_kitchen_cabinet	3949	109632	4
mcwfurnitures:stripped_acacia_glass_kitchen_cabinet	3950	109636	4
mcwfurnitures:dark_oak_kitchen_cabinet	3951	109640	8
mcwfurnitures:dark_oak_double_kitchen_cabinet	3952	109648	4
mcwfurnitures:dark_oak_glass_kitchen_cabinet	3953	109652	4
mcwfurnitures:stripped_dark_oak_kitchen_cabinet	3954	109656	8
mcwfurnitures:stripped_dark_oak_double_kitchen_cabinet	3955	109664	4
mcwfurnitures:stripped_dark_oak_glass_kitchen_cabinet	3956	109668	4
mcwfurnitures:warped_kitchen_cabinet	3957	109672	8
mcwfurnitures:warped_double_kitchen_cabinet	3958	109680	4
mcwfurnitures:warped_glass_kitchen_cabinet	3959	109684	4
mcwfurnitures:stripped_warped_kitchen_cabinet	3960	109688	8
mcwfurnitures:stripped_warped_double_kitchen_cabinet	3961	109696	4
mcwfurnitures:stripped_warped_glass_kitchen_cabinet	3962	109700	4
mcwfurnitures:crimson_kitchen_cabinet	3963	109704	8
mcwfurnitures:crimson_double_kitchen_cabinet	3964	109712	4
mcwfurnitures:crimson_glass_kitchen_cabinet	3965	109716	4
mcwfurnitures:stripped_crimson_kitchen_cabinet	3966	109720	8
mcwfurnitures:stripped_crimson_double_kitchen_cabinet	3967	109728	4
mcwfurnitures:stripped_crimson_glass_kitchen_cabinet	3968	109732	4
mcwfurnitures:mangrove_kitchen_cabinet	3969	109736	8
mcwfurnitures:mangrove_double_kitchen_cabinet	3970	109744	4
mcwfurnitures:mangrove_glass_kitchen_cabinet	3971	109748	4
mcwfurnitures:stripped_mangrove_kitchen_cabinet	3972	109752	8
mcwfurnitures:stripped_mangrove_double_kitchen_cabinet	3973	109760	4
mcwfurnitures:stripped_mangrove_glass_kitchen_cabinet	3974	109764	4
mcwfurnitures:cherry_kitchen_cabinet	3975	109768	8
mcwfurnitures:cherry_double_kitchen_cabinet	3976	109776	4
mcwfurnitures:cherry_glass_kitchen_cabinet	3977	109780	4
mcwfurnitures:stripped_cherry_kitchen_cabinet	3978	109784	8
mcwfurnitures:stripped_cherry_double_kitchen_cabinet	3979	109792	4
mcwfurnitures:stripped_cherry_glass_kitchen_cabinet	3980	109796	4
mcwfurnitures:oak_kitchen_sink	3981	109800	8
mcwfurnitures:stripped_oak_kitchen_sink	3982	109808	8
mcwfurnitures:birch_kitchen_sink	3983	109816	8
mcwfurnitures:stripped_birch_kitchen_sink	3984	109824	8
mcwfurnitures:spruce_kitchen_sink	3985	109832	8
mcwfurnitures:stripped_spruce_kitchen_sink	3986	109840	8
mcwfurnitures:jungle_kitchen_sink	3987	109848	8
mcwfurnitures:stripped_jungle_kitchen_sink	3988	109856	8
mcwfurnitures:acacia_kitchen_sink	3989	109864	8
mcwfurnitures:stripped_acacia_kitchen_sink	3990	109872	8
mcwfurnitures:dark_oak_kitchen_sink	3991	109880	8
mcwfurnitures:stripped_dark_oak_kitchen_sink	3992	109888	8
mcwfurnitures:crimson_kitchen_sink	3993	109896	8
mcwfurnitures:stripped_crimson_kitchen_sink	3994	109904	8
mcwfurnitures:warped_kitchen_sink	3995	109912	8
mcwfurnitures:stripped_warped_kitchen_sink	3996	109920	8
mcwfurnitures:mangrove_kitchen_sink	3997	109928	8
mcwfurnitures:stripped_mangrove_kitchen_sink	3998	109936	8
mcwfurnitures:cherry_kitchen_sink	3999	109944	8
mcwfurnitures:stripped_cherry_kitchen_sink	4000	109952	8
mcwfurnitures:white_couch	4001	109960	24
mcwfurnitures:white_chaise	4002	109984	1
mcwfurnitures:light_gray_couch	4003	109985	24
mcwfurnitures:light_gray_chaise	4004	110009	1
mcwfurnitures:gray_couch	4005	110010	24
mcwfurnitures:gray_chaise	4006	110034	1
mcwfurnitures:black_couch	4007	110035	24
mcwfurnitures:black_chaise	4008	110059	1
mcwfurnitures:brown_couch	4009	110060	24
mcwfurnitures:brown_chaise	4010	110084	1
mcwfurnitures:red_couch	4011	110085	24
mcwfurnitures:red_chaise	4012	110109	1
mcwfurnitures:orange_couch	4013	110110	24
mcwfurnitures:orange_chaise	4014	110134	1
mcwfurnitures:yellow_couch	4015	110135	24
mcwfurnitures:yellow_chaise	4016	110159	1
mcwfurnitures:lime_couch	4017	110160	24
mcwfurnitures:lime_chaise	4018	110184	1
mcwfurnitures:green_couch	4019	110185	24
mcwfurnitures:green_chaise	4020	110209	1
mcwfurnitures:cyan_couch	4021	110210	24
mcwfurnitures:cyan_chaise	4022	110234	1
mcwfurnitures:light_blue_couch	4023	110235	24
mcwfurnitures:light_blue_chaise	4024	110259	1
mcwfurnitures:blue_couch	4025	110260	24
mcwfurnitures:blue_chaise	4026	110284	1
mcwfurnitures:purple_couch	4027	110285	24
mcwfurnitures:purple_chaise	4028	110309	1
mcwfurnitures:magenta_couch	4029	110310	24
mcwfurnitures:magenta_chaise	4030	110334	1
mcwfurnitures:pink_couch	4031	110335	24
mcwfurnitures:pink_chaise	4032	110359	1
spawn:snail_eggs	4033	110360	64
spawn:snail_shell	4034	110424	8
spawn:big_snail_shell	4035	110432	4
spawn:snail_shell_tiles	4036	110436	1
spawn:snail_shell_tile_stairs	4037	110437	80
spawn:snail_shell_tile_slab	4038	110517	6
spawn:potted_sweet_berry_bush	4039	110523	16
spawn:mucus	4040	110539	32
spawn:mucus_block	4041	110571	14
spawn:ghostly_mucus_block	4042	110585	14
spawn:hamster_wheel	4043	110599	8
spawn:dried_hamster	4044	110607	8
spawn:sunflower	4045	110615	16
spawn:sunflower_plant	4046	110631	4
spawn:ant_mound	4047	110635	4
spawn:anthill	4048	110639	24
spawn:rotten_log_anthill	4049	110663	24
spawn:ant_farm	4050	110687	24
spawn:stripped_rotten_log	4051	110711	3
spawn:stripped_rotten_wood	4052	110714	3
spawn:rotten_log	4053	110717	3
spawn:rotten_wood	4054	110720	3
spawn:cracked_rotten_planks	4055	110723	1
spawn:rotten_planks	4056	110724	1
spawn:rotten_stairs	4057	110725	80
spawn:rotten_slab	4058	110805	6
spawn:rotten_fence	4059	110811	32
spawn:rotten_fence_gate	4060	110843	32
spawn:rotten_door	4061	110875	64
spawn:rotten_trapdoor	4062	110939	64
spawn:rotten_pressure_plate	4063	111003	2
spawn:rotten_button	4064	111005	24
spawn:rotten_sign	4065	111029	32
spawn:rotten_wall_sign	4066	111061	8
spawn:rotten_hanging_sign	4067	111069	64
spawn:rotten_wall_hanging_sign	4068	111133	8
spawn:fallen_leaves	4069	111141	8
spawn:algal_sand	4070	111149	1
spawn:big_sea_pickle	4071	111150	12
spawn:trimmed_seagrass	4072	111162	1
spawn:pigment_shifter	4073	111163	2
spawn:clam_case_purple	4074	111165	16
spawn:clam_case_red	4075	111181	16
spawn:clam_case_yellow	4076	111197	16
spawn:clam_case_white	4077	111213	16
spawn:octoduct	4078	111229	4
spawn:short_windswept_grass	4079	111233	1
spawn:tall_windswept_grass	4080	111234	2
spawn:red_algae_block	4081	111236	1
spawn:hazy_algae_block	4082	111237	1
spawn:red_algae_carpet	4083	111238	2
spawn:red_algae	4084	111240	2
spawn:reefstone	4085	111242	1
spawn:moray_crevice	4086	111243	64
spawn:barnacle_cluster	4087	111307	2
spawn:barnacle	4088	111309	96
spawn:reefstone_stairs	4089	111405	80
spawn:reefstone_slab	4090	111485	6
spawn:reefstone_wall	4091	111491	324
spawn:algal_reefstone	4092	111815	1
spawn:algal_reefstone_stairs	4093	111816	80
spawn:algal_reefstone_slab	4094	111896	6
spawn:algal_reefstone_wall	4095	111902	324
spawn:reefstone_tiles	4096	112226	1
spawn:reefstone_tile_stairs	4097	112227	80
spawn:reefstone_tile_slab	4098	112307	6
spawn:reefstone_tile_wall	4099	112313	324
spawn:dead_sea_star	4100	112637	12
spawn:dead_sea_urchin	4101	112649	12
spawn:sea_urchin	4102	112661	12
spawn:sea_star	4103	112673	12
spawn:sea_bunny	4104	112685	12
spawn:dead_wax_coral_block	4105	112697	1
spawn:dead_wax_coral	4106	112698	2
spawn:dead_wax_coral_fan	4107	112700	2
spawn:dead_wax_coral_wall_fan	4108	112702	8
spawn:wax_coral_block	4109	112710	1
spawn:wax_coral	4110	112711	2
spawn:wax_coral_fan	4111	112713	2
spawn:wax_coral_wall_fan	4112	112715	8
spawn:dead_thorn_coral_block	4113	112723	1
spawn:dead_thorn_coral	4114	112724	2
spawn:dead_thorn_coral_fan	4115	112726	2
spawn:dead_thorn_coral_wall_fan	4116	112728	8
spawn:thorn_coral_block	4117	112736	1
spawn:thorn_coral	4118	112737	2
spawn:thorn_coral_fan	4119	112739	2
spawn:thorn_coral_wall_fan	4120	112741	8
spawn:dead_spike_coral_block	4121	112749	1
spawn:dead_spike_coral	4122	112750	2
spawn:dead_spike_coral_fan	4123	112752	2
spawn:dead_spike_coral_wall_fan	4124	112754	8
spawn:spike_coral_block	4125	112762	1
spawn:spike_coral	4126	112763	2
spawn:spike_coral_fan	4127	112765	2
spawn:spike_coral_wall_fan	4128	112767	8
spawn:dead_heart_coral_block	4129	112775	1
spawn:dead_heart_coral	4130	112776	2
spawn:dead_heart_coral_fan	4131	112778	2
spawn:dead_heart_coral_wall_fan	4132	112780	8
spawn:heart_coral_block	4133	112788	1
spawn:heart_coral	4134	112789	2
spawn:heart_coral_fan	4135	112791	2
spawn:heart_coral_wall_fan	4136	112793	8
spawn:dead_reed_coral_block	4137	112801	1
spawn:dead_reed_coral	4138	112802	2
spawn:dead_reed_coral_fan	4139	112804	2
spawn:dead_reed_coral_wall_fan	4140	112806	8
spawn:reed_coral_block	4141	112814	1
spawn:reed_coral	4142	112815	2
spawn:reed_coral_fan	4143	112817	2
spawn:reed_coral_wall_fan	4144	112819	8
spawn:spring_dragon_reeds	4145	112827	4
spawn:summer_dragon_reeds	4146	112831	4
spawn:fall_dragon_reeds	4147	112835	4
spawn:winter_dragon_reeds	4148	112839	4
spawn:item_in_a_bottle	4149	112843	2
spawn:broad_grass	4150	112845	1
spawn:tropical_wildflowers	4151	112846	32
spawn:stripped_date_log	4152	112878	64
spawn:date_log	4153	112942	64
spawn:date_planks	4154	113006	1
spawn:date_stairs	4155	113007	80
spawn:date_slab	4156	113087	6
spawn:date_fence	4157	113093	32
spawn:date_fence_gate	4158	113125	32
spawn:date_door	4159	113157	64
spawn:date_trapdoor	4160	113221	64
spawn:date_pressure_plate	4161	113285	2
spawn:date_button	4162	113287	24
spawn:date_sign	4163	113311	32
spawn:date_wall_sign	4164	113343	8
spawn:date_hanging_sign	4165	113351	64
spawn:date_wall_hanging_sign	4166	113415	8
spawn:date_leaves	4167	113423	28
spawn:dangling_date_leaves	4168	113451	2
spawn:date_bunch	4169	113453	4
spawn:date_sapling	4170	113457	3
spawn:potted_date_sapling	4171	113460	1
spawn:heart_of_the_sun	4172	113461	2
spawn:heliostone	4173	113463	2
spawn:heliostone_stairs	4174	113465	80
spawn:heliostone_slab	4175	113545	6
spawn:heliostone_wall	4176	113551	324
spawn:unstable_heliostone	4177	113875	2
spawn:magmatic_splatter	4178	113877	256
spawn:sunstone	4179	114133	12
spawn:moonstone	4180	114145	12
spawn:blasted_sand	4181	114157	1
spawn:blasted_sandstone	4182	114158	1
spawn:blasted_sandstone_stairs	4183	114159	80
spawn:blasted_sandstone_slab	4184	114239	6
spawn:blasted_sandstone_wall	4185	114245	324
spawn:chiseled_blasted_sandstone	4186	114569	1
spawn:cut_blasted_sandstone	4187	114570	1
spawn:cut_blasted_sandstone_slab	4188	114571	6
spawn:smooth_blasted_sandstone	4189	114577	1
spawn:smooth_blasted_sandstone_stairs	4190	114578	80
spawn:smooth_blasted_sandstone_slab	4191	114658	6
spawn:crab_boil_block	4192	114664	16
spawn:iguana_egg	4193	114680	24
spawn:marine_iguana_egg	4194	114704	24
spawn:zombified_flower	4195	114728	2
mcwlights:white_lamp	4196	114730	16
mcwlights:orange_lamp	4197	114746	16
mcwlights:magenta_lamp	4198	114762	16
mcwlights:light_blue_lamp	4199	114778	16
mcwlights:yellow_lamp	4200	114794	16
mcwlights:lime_lamp	4201	114810	16
mcwlights:pink_lamp	4202	114826	16
mcwlights:gray_lamp	4203	114842	16
mcwlights:light_gray_lamp	4204	114858	16
mcwlights:cyan_lamp	4205	114874	16
mcwlights:purple_lamp	4206	114890	16
mcwlights:blue_lamp	4207	114906	16
mcwlights:brown_lamp	4208	114922	16
mcwlights:green_lamp	4209	114938	16
mcwlights:red_lamp	4210	114954	16
mcwlights:black_lamp	4211	114970	16
mcwlights:oak_tiki_torch	4212	114986	16
mcwlights:spruce_tiki_torch	4213	115002	16
mcwlights:birch_tiki_torch	4214	115018	16
mcwlights:jungle_tiki_torch	4215	115034	16
mcwlights:acacia_tiki_torch	4216	115050	16
mcwlights:dark_oak_tiki_torch	4217	115066	16
mcwlights:crimson_tiki_torch	4218	115082	16
mcwlights:warped_tiki_torch	4219	115098	16
mcwlights:mangrove_tiki_torch	4220	115114	16
mcwlights:bamboo_tiki_torch	4221	115130	16
mcwlights:soul_oak_tiki_torch	4222	115146	16
mcwlights:soul_spruce_tiki_torch	4223	115162	16
mcwlights:soul_birch_tiki_torch	4224	115178	16
mcwlights:soul_jungle_tiki_torch	4225	115194	16
mcwlights:soul_acacia_tiki_torch	4226	115210	16
mcwlights:soul_dark_oak_tiki_torch	4227	115226	16
mcwlights:soul_crimson_tiki_torch	4228	115242	16
mcwlights:soul_warped_tiki_torch	4229	115258	16
mcwlights:soul_mangrove_tiki_torch	4230	115274	16
mcwlights:soul_bamboo_tiki_torch	4231	115290	16
mcwlights:white_ceiling_light	4232	115306	16
mcwlights:orange_ceiling_light	4233	115322	16
mcwlights:magenta_ceiling_light	4234	115338	16
mcwlights:light_blue_ceiling_light	4235	115354	16
mcwlights:yellow_ceiling_light	4236	115370	16
mcwlights:lime_ceiling_light	4237	115386	16
mcwlights:pink_ceiling_light	4238	115402	16
mcwlights:gray_ceiling_light	4239	115418	16
mcwlights:light_gray_ceiling_light	4240	115434	16
mcwlights:cyan_ceiling_light	4241	115450	16
mcwlights:purple_ceiling_light	4242	115466	16
mcwlights:blue_ceiling_light	4243	115482	16
mcwlights:brown_ceiling_light	4244	115498	16
mcwlights:green_ceiling_light	4245	115514	16
mcwlights:red_ceiling_light	4246	115530	16
mcwlights:black_ceiling_light	4247	115546	16
mcwlights:classic_street_lamp	4248	115562	16
mcwlights:double_street_lamp	4249	115578	64
mcwlights:soul_classic_street_lamp	4250	115642	16
mcwlights:soul_double_street_lamp	4251	115658	64
mcwlights:lava_lamp	4252	115722	4
mcwlights:garden_light	4253	115726	4
mcwlights:white_paper_lamp	4254	115730	4
mcwlights:light_gray_paper_lamp	4255	115734	4
mcwlights:gray_paper_lamp	4256	115738	4
mcwlights:black_paper_lamp	4257	115742	4
mcwlights:brown_paper_lamp	4258	115746	4
mcwlights:red_paper_lamp	4259	115750	4
mcwlights:orange_paper_lamp	4260	115754	4
mcwlights:yellow_paper_lamp	4261	115758	4
mcwlights:lime_paper_lamp	4262	115762	4
mcwlights:green_paper_lamp	4263	115766	4
mcwlights:cyan_paper_lamp	4264	115770	4
mcwlights:light_blue_paper_lamp	4265	115774	4
mcwlights:blue_paper_lamp	4266	115778	4
mcwlights:purple_paper_lamp	4267	115782	4
mcwlights:magenta_paper_lamp	4268	115786	4
mcwlights:pink_paper_lamp	4269	115790	4
mcwlights:striped_lantern	4270	115794	4
mcwlights:covered_lantern	4271	115798	4
mcwlights:chain_lantern	4272	115802	4
mcwlights:tavern_lantern	4273	115806	4
mcwlights:festive_lantern	4274	115810	4
mcwlights:cross_lantern	4275	115814	4
mcwlights:bell_lantern	4276	115818	4
mcwlights:wall_lantern	4277	115822	4
mcwlights:striped_wall_lantern	4278	115826	4
mcwlights:covered_wall_lantern	4279	115830	4
mcwlights:chain_wall_lantern	4280	115834	4
mcwlights:tavern_wall_lantern	4281	115838	4
mcwlights:festive_wall_lantern	4282	115842	4
mcwlights:cross_wall_lantern	4283	115846	4
mcwlights:bell_wall_lantern	4284	115850	4
mcwlights:wall_lamp	4285	115854	256
mcwlights:square_wall_lamp	4286	116110	256
mcwlights:framed_torch	4287	116366	12
mcwlights:iron_framed_torch	4288	116378	12
mcwlights:reinforced_torch	4289	116390	12
mcwlights:rustic_torch	4290	116402	12
mcwlights:upgraded_torch	4291	116414	12
mcwlights:redstone_lamp_slab	4292	116426	6
mcwlights:glowstone_slab	4293	116432	6
mcwlights:shroomlight_slab	4294	116438	6
mcwlights:sea_lantern_slab	4295	116444	6
mcwlights:cherry_tiki_torch	4296	116450	16
mcwlights:soul_cherry_tiki_torch	4297	116466	16
mcwlights:oak_ceiling_fan_light	4298	116482	4
mcwlights:spruce_ceiling_fan_light	4299	116486	4
mcwlights:birch_ceiling_fan_light	4300	116490	4
mcwlights:jungle_ceiling_fan_light	4301	116494	4
mcwlights:acacia_ceiling_fan_light	4302	116498	4
mcwlights:dark_oak_ceiling_fan_light	4303	116502	4
mcwlights:crimson_ceiling_fan_light	4304	116506	4
mcwlights:warped_ceiling_fan_light	4305	116510	4
mcwlights:mangrove_ceiling_fan_light	4306	116514	4
mcwlights:cherry_ceiling_fan_light	4307	116518	4
mcwlights:golden_low_candle_holder	4308	116522	2
mcwlights:golden_candle_holder	4309	116524	2
mcwlights:golden_wall_candle_holder	4310	116526	8
mcwlights:golden_double_candle_holder	4311	116534	8
mcwlights:golden_triple_candle_holder	4312	116542	8
mcwlights:golden_small_chandelier	4313	116550	2
mcwlights:golden_chandelier	4314	116552	2
mcwlights:copper_low_candle_holder	4315	116554	2
mcwlights:copper_candle_holder	4316	116556	2
mcwlights:copper_wall_candle_holder	4317	116558	8
mcwlights:copper_double_candle_holder	4318	116566	8
mcwlights:copper_triple_candle_holder	4319	116574	8
mcwlights:copper_small_chandelier	4320	116582	2
mcwlights:copper_chandelier	4321	116584	2
mcwlights:iron_low_candle_holder	4322	116586	2
mcwlights:iron_candle_holder	4323	116588	2
mcwlights:iron_wall_candle_holder	4324	116590	8
mcwlights:iron_double_candle_holder	4325	116598	8
mcwlights:iron_triple_candle_holder	4326	116606	8
mcwlights:iron_small_chandelier	4327	116614	2
mcwlights:iron_chandelier	4328	116616	2
mcwlights:golden_chain	4329	116618	6
mcwlights:copper_chain	4330	116624	6
mcwlights:thin_garden_light	4331	116630	4
mcwlights:tower_garden_light	4332	116634	4
mcwlights:covered_garden_light	4333	116638	4
mcwlights:round_garden_light	4334	116642	4
mcwlights:striped_garden_light	4335	116646	4
