minecraft:air	0
minecraft:stone	1
minecraft:granite	2
minecraft:polished_granite	3
minecraft:diorite	4
minecraft:polished_diorite	5
minecraft:andesite	6
minecraft:polished_andesite	7
minecraft:deepslate	8
minecraft:cobbled_deepslate	9
minecraft:polished_deepslate	10
minecraft:calcite	11
minecraft:tuff	12
minecraft:tuff_slab	13
minecraft:tuff_stairs	14
minecraft:tuff_wall	15
minecraft:chiseled_tuff	16
minecraft:polished_tuff	17
minecraft:polished_tuff_slab	18
minecraft:polished_tuff_stairs	19
minecraft:polished_tuff_wall	20
minecraft:tuff_bricks	21
minecraft:tuff_brick_slab	22
minecraft:tuff_brick_stairs	23
minecraft:tuff_brick_wall	24
minecraft:chiseled_tuff_bricks	25
minecraft:dripstone_block	26
minecraft:grass_block	27
minecraft:dirt	28
minecraft:coarse_dirt	29
minecraft:podzol	30
minecraft:rooted_dirt	31
minecraft:mud	32
minecraft:crimson_nylium	33
minecraft:warped_nylium	34
minecraft:cobblestone	35
minecraft:oak_planks	36
minecraft:spruce_planks	37
minecraft:birch_planks	38
minecraft:jungle_planks	39
minecraft:acacia_planks	40
minecraft:cherry_planks	41
minecraft:dark_oak_planks	42
minecraft:mangrove_planks	43
minecraft:bamboo_planks	44
minecraft:crimson_planks	45
minecraft:warped_planks	46
minecraft:bamboo_mosaic	47
minecraft:oak_sapling	48
minecraft:spruce_sapling	49
minecraft:birch_sapling	50
minecraft:jungle_sapling	51
minecraft:acacia_sapling	52
minecraft:cherry_sapling	53
minecraft:dark_oak_sapling	54
minecraft:mangrove_propagule	55
minecraft:bedrock	56
minecraft:sand	57
minecraft:suspicious_sand	58
minecraft:suspicious_gravel	59
minecraft:red_sand	60
minecraft:gravel	61
minecraft:coal_ore	62
minecraft:deepslate_coal_ore	63
minecraft:iron_ore	64
minecraft:deepslate_iron_ore	65
minecraft:copper_ore	66
minecraft:deepslate_copper_ore	67
minecraft:gold_ore	68
minecraft:deepslate_gold_ore	69
minecraft:redstone_ore	70
minecraft:deepslate_redstone_ore	71
minecraft:emerald_ore	72
minecraft:deepslate_emerald_ore	73
minecraft:lapis_ore	74
minecraft:deepslate_lapis_ore	75
minecraft:diamond_ore	76
minecraft:deepslate_diamond_ore	77
minecraft:nether_gold_ore	78
minecraft:nether_quartz_ore	79
minecraft:ancient_debris	80
minecraft:coal_block	81
minecraft:raw_iron_block	82
minecraft:raw_copper_block	83
minecraft:raw_gold_block	84
minecraft:heavy_core	85
minecraft:amethyst_block	86
minecraft:budding_amethyst	87
minecraft:iron_block	88
minecraft:copper_block	89
minecraft:gold_block	90
minecraft:diamond_block	91
minecraft:netherite_block	92
minecraft:exposed_copper	93
minecraft:weathered_copper	94
minecraft:oxidized_copper	95
minecraft:chiseled_copper	96
minecraft:exposed_chiseled_copper	97
minecraft:weathered_chiseled_copper	98
minecraft:oxidized_chiseled_copper	99
minecraft:cut_copper	100
minecraft:exposed_cut_copper	101
minecraft:weathered_cut_copper	102
minecraft:oxidized_cut_copper	103
minecraft:cut_copper_stairs	104
minecraft:exposed_cut_copper_stairs	105
minecraft:weathered_cut_copper_stairs	106
minecraft:oxidized_cut_copper_stairs	107
minecraft:cut_copper_slab	108
minecraft:exposed_cut_copper_slab	109
minecraft:weathered_cut_copper_slab	110
minecraft:oxidized_cut_copper_slab	111
minecraft:waxed_copper_block	112
minecraft:waxed_exposed_copper	113
minecraft:waxed_weathered_copper	114
minecraft:waxed_oxidized_copper	115
minecraft:waxed_chiseled_copper	116
minecraft:waxed_exposed_chiseled_copper	117
minecraft:waxed_weathered_chiseled_copper	118
minecraft:waxed_oxidized_chiseled_copper	119
minecraft:waxed_cut_copper	120
minecraft:waxed_exposed_cut_copper	121
minecraft:waxed_weathered_cut_copper	122
minecraft:waxed_oxidized_cut_copper	123
minecraft:waxed_cut_copper_stairs	124
minecraft:waxed_exposed_cut_copper_stairs	125
minecraft:waxed_weathered_cut_copper_stairs	126
minecraft:waxed_oxidized_cut_copper_stairs	127
minecraft:waxed_cut_copper_slab	128
minecraft:waxed_exposed_cut_copper_slab	129
minecraft:waxed_weathered_cut_copper_slab	130
minecraft:waxed_oxidized_cut_copper_slab	131
minecraft:oak_log	132
minecraft:spruce_log	133
minecraft:birch_log	134
minecraft:jungle_log	135
minecraft:acacia_log	136
minecraft:cherry_log	137
minecraft:dark_oak_log	138
minecraft:mangrove_log	139
minecraft:mangrove_roots	140
minecraft:muddy_mangrove_roots	141
minecraft:crimson_stem	142
minecraft:warped_stem	143
minecraft:bamboo_block	144
minecraft:stripped_oak_log	145
minecraft:stripped_spruce_log	146
minecraft:stripped_birch_log	147
minecraft:stripped_jungle_log	148
minecraft:stripped_acacia_log	149
minecraft:stripped_cherry_log	150
minecraft:stripped_dark_oak_log	151
minecraft:stripped_mangrove_log	152
minecraft:stripped_crimson_stem	153
minecraft:stripped_warped_stem	154
minecraft:stripped_oak_wood	155
minecraft:stripped_spruce_wood	156
minecraft:stripped_birch_wood	157
minecraft:stripped_jungle_wood	158
minecraft:stripped_acacia_wood	159
minecraft:stripped_cherry_wood	160
minecraft:stripped_dark_oak_wood	161
minecraft:stripped_mangrove_wood	162
minecraft:stripped_crimson_hyphae	163
minecraft:stripped_warped_hyphae	164
minecraft:stripped_bamboo_block	165
minecraft:oak_wood	166
minecraft:spruce_wood	167
minecraft:birch_wood	168
minecraft:jungle_wood	169
minecraft:acacia_wood	170
minecraft:cherry_wood	171
minecraft:dark_oak_wood	172
minecraft:mangrove_wood	173
minecraft:crimson_hyphae	174
minecraft:warped_hyphae	175
minecraft:oak_leaves	176
minecraft:spruce_leaves	177
minecraft:birch_leaves	178
minecraft:jungle_leaves	179
minecraft:acacia_leaves	180
minecraft:cherry_leaves	181
minecraft:dark_oak_leaves	182
minecraft:mangrove_leaves	183
minecraft:azalea_leaves	184
minecraft:flowering_azalea_leaves	185
minecraft:sponge	186
minecraft:wet_sponge	187
minecraft:glass	188
minecraft:tinted_glass	189
minecraft:lapis_block	190
minecraft:sandstone	191
minecraft:chiseled_sandstone	192
minecraft:cut_sandstone	193
minecraft:cobweb	194
minecraft:short_grass	195
minecraft:fern	196
minecraft:azalea	197
minecraft:flowering_azalea	198
minecraft:dead_bush	199
minecraft:seagrass	200
minecraft:sea_pickle	201
minecraft:white_wool	202
minecraft:orange_wool	203
minecraft:magenta_wool	204
minecraft:light_blue_wool	205
minecraft:yellow_wool	206
minecraft:lime_wool	207
minecraft:pink_wool	208
minecraft:gray_wool	209
minecraft:light_gray_wool	210
minecraft:cyan_wool	211
minecraft:purple_wool	212
minecraft:blue_wool	213
minecraft:brown_wool	214
minecraft:green_wool	215
minecraft:red_wool	216
minecraft:black_wool	217
minecraft:dandelion	218
minecraft:poppy	219
minecraft:blue_orchid	220
minecraft:allium	221
minecraft:azure_bluet	222
minecraft:red_tulip	223
minecraft:orange_tulip	224
minecraft:white_tulip	225
minecraft:pink_tulip	226
minecraft:oxeye_daisy	227
minecraft:cornflower	228
minecraft:lily_of_the_valley	229
minecraft:wither_rose	230
minecraft:torchflower	231
minecraft:pitcher_plant	232
minecraft:spore_blossom	233
minecraft:brown_mushroom	234
minecraft:red_mushroom	235
minecraft:crimson_fungus	236
minecraft:warped_fungus	237
minecraft:crimson_roots	238
minecraft:warped_roots	239
minecraft:nether_sprouts	240
minecraft:weeping_vines	241
minecraft:twisting_vines	242
minecraft:sugar_cane	243
minecraft:kelp	244
minecraft:moss_carpet	245
minecraft:pink_petals	246
minecraft:moss_block	247
minecraft:hanging_roots	248
minecraft:big_dripleaf	249
minecraft:small_dripleaf	250
minecraft:bamboo	251
minecraft:oak_slab	252
minecraft:spruce_slab	253
minecraft:birch_slab	254
minecraft:jungle_slab	255
minecraft:acacia_slab	256
minecraft:cherry_slab	257
minecraft:dark_oak_slab	258
minecraft:mangrove_slab	259
minecraft:bamboo_slab	260
minecraft:bamboo_mosaic_slab	261
minecraft:crimson_slab	262
minecraft:warped_slab	263
minecraft:stone_slab	264
minecraft:smooth_stone_slab	265
minecraft:sandstone_slab	266
minecraft:cut_sandstone_slab	267
minecraft:petrified_oak_slab	268
minecraft:cobblestone_slab	269
minecraft:brick_slab	270
minecraft:stone_brick_slab	271
minecraft:mud_brick_slab	272
minecraft:nether_brick_slab	273
minecraft:quartz_slab	274
minecraft:red_sandstone_slab	275
minecraft:cut_red_sandstone_slab	276
minecraft:purpur_slab	277
minecraft:prismarine_slab	278
minecraft:prismarine_brick_slab	279
minecraft:dark_prismarine_slab	280
minecraft:smooth_quartz	281
minecraft:smooth_red_sandstone	282
minecraft:smooth_sandstone	283
minecraft:smooth_stone	284
minecraft:bricks	285
minecraft:bookshelf	286
minecraft:chiseled_bookshelf	287
minecraft:decorated_pot	288
minecraft:mossy_cobblestone	289
minecraft:obsidian	290
minecraft:torch	291
minecraft:end_rod	292
minecraft:chorus_plant	293
minecraft:chorus_flower	294
minecraft:purpur_block	295
minecraft:purpur_pillar	296
minecraft:purpur_stairs	297
minecraft:spawner	298
minecraft:chest	299
minecraft:crafting_table	300
minecraft:farmland	301
minecraft:furnace	302
minecraft:ladder	303
minecraft:cobblestone_stairs	304
minecraft:snow	305
minecraft:ice	306
minecraft:snow_block	307
minecraft:cactus	308
minecraft:clay	309
minecraft:jukebox	310
minecraft:oak_fence	311
minecraft:spruce_fence	312
minecraft:birch_fence	313
minecraft:jungle_fence	314
minecraft:acacia_fence	315
minecraft:cherry_fence	316
minecraft:dark_oak_fence	317
minecraft:mangrove_fence	318
minecraft:bamboo_fence	319
minecraft:crimson_fence	320
minecraft:warped_fence	321
minecraft:pumpkin	322
minecraft:carved_pumpkin	323
minecraft:jack_o_lantern	324
minecraft:netherrack	325
minecraft:soul_sand	326
minecraft:soul_soil	327
minecraft:basalt	328
minecraft:polished_basalt	329
minecraft:smooth_basalt	330
minecraft:soul_torch	331
minecraft:glowstone	332
minecraft:infested_stone	333
minecraft:infested_cobblestone	334
minecraft:infested_stone_bricks	335
minecraft:infested_mossy_stone_bricks	336
minecraft:infested_cracked_stone_bricks	337
minecraft:infested_chiseled_stone_bricks	338
minecraft:infested_deepslate	339
minecraft:stone_bricks	340
minecraft:mossy_stone_bricks	341
minecraft:cracked_stone_bricks	342
minecraft:chiseled_stone_bricks	343
minecraft:packed_mud	344
minecraft:mud_bricks	345
minecraft:deepslate_bricks	346
minecraft:cracked_deepslate_bricks	347
minecraft:deepslate_tiles	348
minecraft:cracked_deepslate_tiles	349
minecraft:chiseled_deepslate	350
minecraft:reinforced_deepslate	351
minecraft:brown_mushroom_block	352
minecraft:red_mushroom_block	353
minecraft:mushroom_stem	354
minecraft:iron_bars	355
minecraft:chain	356
minecraft:glass_pane	357
minecraft:melon	358
minecraft:vine	359
minecraft:glow_lichen	360
minecraft:brick_stairs	361
minecraft:stone_brick_stairs	362
minecraft:mud_brick_stairs	363
minecraft:mycelium	364
minecraft:lily_pad	365
minecraft:nether_bricks	366
minecraft:cracked_nether_bricks	367
minecraft:chiseled_nether_bricks	368
minecraft:nether_brick_fence	369
minecraft:nether_brick_stairs	370
minecraft:sculk	371
minecraft:sculk_vein	372
minecraft:sculk_catalyst	373
minecraft:sculk_shrieker	374
minecraft:enchanting_table	375
minecraft:end_portal_frame	376
minecraft:end_stone	377
minecraft:end_stone_bricks	378
minecraft:dragon_egg	379
minecraft:sandstone_stairs	380
minecraft:ender_chest	381
minecraft:emerald_block	382
minecraft:oak_stairs	383
minecraft:spruce_stairs	384
minecraft:birch_stairs	385
minecraft:jungle_stairs	386
minecraft:acacia_stairs	387
minecraft:cherry_stairs	388
minecraft:dark_oak_stairs	389
minecraft:mangrove_stairs	390
minecraft:bamboo_stairs	391
minecraft:bamboo_mosaic_stairs	392
minecraft:crimson_stairs	393
minecraft:warped_stairs	394
minecraft:command_block	395
minecraft:beacon	396
minecraft:cobblestone_wall	397
minecraft:mossy_cobblestone_wall	398
minecraft:brick_wall	399
minecraft:prismarine_wall	400
minecraft:red_sandstone_wall	401
minecraft:mossy_stone_brick_wall	402
minecraft:granite_wall	403
minecraft:stone_brick_wall	404
minecraft:mud_brick_wall	405
minecraft:nether_brick_wall	406
minecraft:andesite_wall	407
minecraft:red_nether_brick_wall	408
minecraft:sandstone_wall	409
minecraft:end_stone_brick_wall	410
minecraft:diorite_wall	411
minecraft:blackstone_wall	412
minecraft:polished_blackstone_wall	413
minecraft:polished_blackstone_brick_wall	414
minecraft:cobbled_deepslate_wall	415
minecraft:polished_deepslate_wall	416
minecraft:deepslate_brick_wall	417
minecraft:deepslate_tile_wall	418
minecraft:anvil	419
minecraft:chipped_anvil	420
minecraft:damaged_anvil	421
minecraft:chiseled_quartz_block	422
minecraft:quartz_block	423
minecraft:quartz_bricks	424
minecraft:quartz_pillar	425
minecraft:quartz_stairs	426
minecraft:white_terracotta	427
minecraft:orange_terracotta	428
minecraft:magenta_terracotta	429
minecraft:light_blue_terracotta	430
minecraft:yellow_terracotta	431
minecraft:lime_terracotta	432
minecraft:pink_terracotta	433
minecraft:gray_terracotta	434
minecraft:light_gray_terracotta	435
minecraft:cyan_terracotta	436
minecraft:purple_terracotta	437
minecraft:blue_terracotta	438
minecraft:brown_terracotta	439
minecraft:green_terracotta	440
minecraft:red_terracotta	441
minecraft:black_terracotta	442
minecraft:barrier	443
minecraft:light	444
minecraft:hay_block	445
minecraft:white_carpet	446
minecraft:orange_carpet	447
minecraft:magenta_carpet	448
minecraft:light_blue_carpet	449
minecraft:yellow_carpet	450
minecraft:lime_carpet	451
minecraft:pink_carpet	452
minecraft:gray_carpet	453
minecraft:light_gray_carpet	454
minecraft:cyan_carpet	455
minecraft:purple_carpet	456
minecraft:blue_carpet	457
minecraft:brown_carpet	458
minecraft:green_carpet	459
minecraft:red_carpet	460
minecraft:black_carpet	461
minecraft:terracotta	462
minecraft:packed_ice	463
minecraft:dirt_path	464
minecraft:sunflower	465
minecraft:lilac	466
minecraft:rose_bush	467
minecraft:peony	468
minecraft:tall_grass	469
minecraft:large_fern	470
minecraft:white_stained_glass	471
minecraft:orange_stained_glass	472
minecraft:magenta_stained_glass	473
minecraft:light_blue_stained_glass	474
minecraft:yellow_stained_glass	475
minecraft:lime_stained_glass	476
minecraft:pink_stained_glass	477
minecraft:gray_stained_glass	478
minecraft:light_gray_stained_glass	479
minecraft:cyan_stained_glass	480
minecraft:purple_stained_glass	481
minecraft:blue_stained_glass	482
minecraft:brown_stained_glass	483
minecraft:green_stained_glass	484
minecraft:red_stained_glass	485
minecraft:black_stained_glass	486
minecraft:white_stained_glass_pane	487
minecraft:orange_stained_glass_pane	488
minecraft:magenta_stained_glass_pane	489
minecraft:light_blue_stained_glass_pane	490
minecraft:yellow_stained_glass_pane	491
minecraft:lime_stained_glass_pane	492
minecraft:pink_stained_glass_pane	493
minecraft:gray_stained_glass_pane	494
minecraft:light_gray_stained_glass_pane	495
minecraft:cyan_stained_glass_pane	496
minecraft:purple_stained_glass_pane	497
minecraft:blue_stained_glass_pane	498
minecraft:brown_stained_glass_pane	499
minecraft:green_stained_glass_pane	500
minecraft:red_stained_glass_pane	501
minecraft:black_stained_glass_pane	502
minecraft:prismarine	503
minecraft:prismarine_bricks	504
minecraft:dark_prismarine	505
minecraft:prismarine_stairs	506
minecraft:prismarine_brick_stairs	507
minecraft:dark_prismarine_stairs	508
minecraft:sea_lantern	509
minecraft:red_sandstone	510
minecraft:chiseled_red_sandstone	511
minecraft:cut_red_sandstone	512
minecraft:red_sandstone_stairs	513
minecraft:repeating_command_block	514
minecraft:chain_command_block	515
minecraft:magma_block	516
minecraft:nether_wart_block	517
minecraft:warped_wart_block	518
minecraft:red_nether_bricks	519
minecraft:bone_block	520
minecraft:structure_void	521
minecraft:shulker_box	522
minecraft:white_shulker_box	523
minecraft:orange_shulker_box	524
minecraft:magenta_shulker_box	525
minecraft:light_blue_shulker_box	526
minecraft:yellow_shulker_box	527
minecraft:lime_shulker_box	528
minecraft:pink_shulker_box	529
minecraft:gray_shulker_box	530
minecraft:light_gray_shulker_box	531
minecraft:cyan_shulker_box	532
minecraft:purple_shulker_box	533
minecraft:blue_shulker_box	534
minecraft:brown_shulker_box	535
minecraft:green_shulker_box	536
minecraft:red_shulker_box	537
minecraft:black_shulker_box	538
minecraft:white_glazed_terracotta	539
minecraft:orange_glazed_terracotta	540
minecraft:magenta_glazed_terracotta	541
minecraft:light_blue_glazed_terracotta	542
minecraft:yellow_glazed_terracotta	543
minecraft:lime_glazed_terracotta	544
minecraft:pink_glazed_terracotta	545
minecraft:gray_glazed_terracotta	546
minecraft:light_gray_glazed_terracotta	547
minecraft:cyan_glazed_terracotta	548
minecraft:purple_glazed_terracotta	549
minecraft:blue_glazed_terracotta	550
minecraft:brown_glazed_terracotta	551
minecraft:green_glazed_terracotta	552
minecraft:red_glazed_terracotta	553
minecraft:black_glazed_terracotta	554
minecraft:white_concrete	555
minecraft:orange_concrete	556
minecraft:magenta_concrete	557
minecraft:light_blue_concrete	558
minecraft:yellow_concrete	559
minecraft:lime_concrete	560
minecraft:pink_concrete	561
minecraft:gray_concrete	562
minecraft:light_gray_concrete	563
minecraft:cyan_concrete	564
minecraft:purple_concrete	565
minecraft:blue_concrete	566
minecraft:brown_concrete	567
minecraft:green_concrete	568
minecraft:red_concrete	569
minecraft:black_concrete	570
minecraft:white_concrete_powder	571
minecraft:orange_concrete_powder	572
minecraft:magenta_concrete_powder	573
minecraft:light_blue_concrete_powder	574
minecraft:yellow_concrete_powder	575
minecraft:lime_concrete_powder	576
minecraft:pink_concrete_powder	577
minecraft:gray_concrete_powder	578
minecraft:light_gray_concrete_powder	579
minecraft:cyan_concrete_powder	580
minecraft:purple_concrete_powder	581
minecraft:blue_concrete_powder	582
minecraft:brown_concrete_powder	583
minecraft:green_concrete_powder	584
minecraft:red_concrete_powder	585
minecraft:black_concrete_powder	586
minecraft:turtle_egg	587
minecraft:sniffer_egg	588
minecraft:dead_tube_coral_block	589
minecraft:dead_brain_coral_block	590
minecraft:dead_bubble_coral_block	591
minecraft:dead_fire_coral_block	592
minecraft:dead_horn_coral_block	593
minecraft:tube_coral_block	594
minecraft:brain_coral_block	595
minecraft:bubble_coral_block	596
minecraft:fire_coral_block	597
minecraft:horn_coral_block	598
minecraft:tube_coral	599
minecraft:brain_coral	600
minecraft:bubble_coral	601
minecraft:fire_coral	602
minecraft:horn_coral	603
minecraft:dead_brain_coral	604
minecraft:dead_bubble_coral	605
minecraft:dead_fire_coral	606
minecraft:dead_horn_coral	607
minecraft:dead_tube_coral	608
minecraft:tube_coral_fan	609
minecraft:brain_coral_fan	610
minecraft:bubble_coral_fan	611
minecraft:fire_coral_fan	612
minecraft:horn_coral_fan	613
minecraft:dead_tube_coral_fan	614
minecraft:dead_brain_coral_fan	615
minecraft:dead_bubble_coral_fan	616
minecraft:dead_fire_coral_fan	617
minecraft:dead_horn_coral_fan	618
minecraft:blue_ice	619
minecraft:conduit	620
minecraft:polished_granite_stairs	621
minecraft:smooth_red_sandstone_stairs	622
minecraft:mossy_stone_brick_stairs	623
minecraft:polished_diorite_stairs	624
minecraft:mossy_cobblestone_stairs	625
minecraft:end_stone_brick_stairs	626
minecraft:stone_stairs	627
minecraft:smooth_sandstone_stairs	628
minecraft:smooth_quartz_stairs	629
minecraft:granite_stairs	630
minecraft:andesite_stairs	631
minecraft:red_nether_brick_stairs	632
minecraft:polished_andesite_stairs	633
minecraft:diorite_stairs	634
minecraft:cobbled_deepslate_stairs	635
minecraft:polished_deepslate_stairs	636
minecraft:deepslate_brick_stairs	637
minecraft:deepslate_tile_stairs	638
minecraft:polished_granite_slab	639
minecraft:smooth_red_sandstone_slab	640
minecraft:mossy_stone_brick_slab	641
minecraft:polished_diorite_slab	642
minecraft:mossy_cobblestone_slab	643
minecraft:end_stone_brick_slab	644
minecraft:smooth_sandstone_slab	645
minecraft:smooth_quartz_slab	646
minecraft:granite_slab	647
minecraft:andesite_slab	648
minecraft:red_nether_brick_slab	649
minecraft:polished_andesite_slab	650
minecraft:diorite_slab	651
minecraft:cobbled_deepslate_slab	652
minecraft:polished_deepslate_slab	653
minecraft:deepslate_brick_slab	654
minecraft:deepslate_tile_slab	655
minecraft:scaffolding	656
minecraft:redstone	657
minecraft:redstone_torch	658
minecraft:redstone_block	659
minecraft:repeater	660
minecraft:comparator	661
minecraft:piston	662
minecraft:sticky_piston	663
minecraft:slime_block	664
minecraft:honey_block	665
minecraft:observer	666
minecraft:hopper	667
minecraft:dispenser	668
minecraft:dropper	669
minecraft:lectern	670
minecraft:target	671
minecraft:lever	672
minecraft:lightning_rod	673
minecraft:daylight_detector	674
minecraft:sculk_sensor	675
minecraft:calibrated_sculk_sensor	676
minecraft:tripwire_hook	677
minecraft:trapped_chest	678
minecraft:tnt	679
minecraft:redstone_lamp	680
minecraft:note_block	681
minecraft:stone_button	682
minecraft:polished_blackstone_button	683
minecraft:oak_button	684
minecraft:spruce_button	685
minecraft:birch_button	686
minecraft:jungle_button	687
minecraft:acacia_button	688
minecraft:cherry_button	689
minecraft:dark_oak_button	690
minecraft:mangrove_button	691
minecraft:bamboo_button	692
minecraft:crimson_button	693
minecraft:warped_button	694
minecraft:stone_pressure_plate	695
minecraft:polished_blackstone_pressure_plate	696
minecraft:light_weighted_pressure_plate	697
minecraft:heavy_weighted_pressure_plate	698
minecraft:oak_pressure_plate	699
minecraft:spruce_pressure_plate	700
minecraft:birch_pressure_plate	701
minecraft:jungle_pressure_plate	702
minecraft:acacia_pressure_plate	703
minecraft:cherry_pressure_plate	704
minecraft:dark_oak_pressure_plate	705
minecraft:mangrove_pressure_plate	706
minecraft:bamboo_pressure_plate	707
minecraft:crimson_pressure_plate	708
minecraft:warped_pressure_plate	709
minecraft:iron_door	710
minecraft:oak_door	711
minecraft:spruce_door	712
minecraft:birch_door	713
minecraft:jungle_door	714
minecraft:acacia_door	715
minecraft:cherry_door	716
minecraft:dark_oak_door	717
minecraft:mangrove_door	718
minecraft:bamboo_door	719
minecraft:crimson_door	720
minecraft:warped_door	721
minecraft:copper_door	722
minecraft:exposed_copper_door	723
minecraft:weathered_copper_door	724
minecraft:oxidized_copper_door	725
minecraft:waxed_copper_door	726
minecraft:waxed_exposed_copper_door	727
minecraft:waxed_weathered_copper_door	728
minecraft:waxed_oxidized_copper_door	729
minecraft:iron_trapdoor	730
minecraft:oak_trapdoor	731
minecraft:spruce_trapdoor	732
minecraft:birch_trapdoor	733
minecraft:jungle_trapdoor	734
minecraft:acacia_trapdoor	735
minecraft:cherry_trapdoor	736
minecraft:dark_oak_trapdoor	737
minecraft:mangrove_trapdoor	738
minecraft:bamboo_trapdoor	739
minecraft:crimson_trapdoor	740
minecraft:warped_trapdoor	741
minecraft:copper_trapdoor	742
minecraft:exposed_copper_trapdoor	743
minecraft:weathered_copper_trapdoor	744
minecraft:oxidized_copper_trapdoor	745
minecraft:waxed_copper_trapdoor	746
minecraft:waxed_exposed_copper_trapdoor	747
minecraft:waxed_weathered_copper_trapdoor	748
minecraft:waxed_oxidized_copper_trapdoor	749
minecraft:oak_fence_gate	750
minecraft:spruce_fence_gate	751
minecraft:birch_fence_gate	752
minecraft:jungle_fence_gate	753
minecraft:acacia_fence_gate	754
minecraft:cherry_fence_gate	755
minecraft:dark_oak_fence_gate	756
minecraft:mangrove_fence_gate	757
minecraft:bamboo_fence_gate	758
minecraft:crimson_fence_gate	759
minecraft:warped_fence_gate	760
minecraft:powered_rail	761
minecraft:detector_rail	762
minecraft:rail	763
minecraft:activator_rail	764
minecraft:saddle	765
minecraft:minecart	766
minecraft:chest_minecart	767
minecraft:furnace_minecart	768
minecraft:tnt_minecart	769
minecraft:hopper_minecart	770
minecraft:carrot_on_a_stick	771
minecraft:warped_fungus_on_a_stick	772
minecraft:elytra	773
minecraft:oak_boat	774
minecraft:oak_chest_boat	775
minecraft:spruce_boat	776
minecraft:spruce_chest_boat	777
minecraft:birch_boat	778
minecraft:birch_chest_boat	779
minecraft:jungle_boat	780
minecraft:jungle_chest_boat	781
minecraft:acacia_boat	782
minecraft:acacia_chest_boat	783
minecraft:cherry_boat	784
minecraft:cherry_chest_boat	785
minecraft:dark_oak_boat	786
minecraft:dark_oak_chest_boat	787
minecraft:mangrove_boat	788
minecraft:mangrove_chest_boat	789
minecraft:bamboo_raft	790
minecraft:bamboo_chest_raft	791
minecraft:structure_block	792
minecraft:jigsaw	793
minecraft:turtle_helmet	794
minecraft:turtle_scute	795
minecraft:armadillo_scute	796
minecraft:wolf_armor	797
minecraft:flint_and_steel	798
minecraft:bowl	799
minecraft:apple	800
minecraft:bow	801
minecraft:arrow	802
minecraft:coal	803
minecraft:charcoal	804
minecraft:diamond	805
minecraft:emerald	806
minecraft:lapis_lazuli	807
minecraft:quartz	808
minecraft:amethyst_shard	809
minecraft:raw_iron	810
minecraft:iron_ingot	811
minecraft:raw_copper	812
minecraft:copper_ingot	813
minecraft:raw_gold	814
minecraft:gold_ingot	815
minecraft:netherite_ingot	816
minecraft:netherite_scrap	817
minecraft:wooden_sword	818
minecraft:wooden_shovel	819
minecraft:wooden_pickaxe	820
minecraft:wooden_axe	821
minecraft:wooden_hoe	822
minecraft:stone_sword	823
minecraft:stone_shovel	824
minecraft:stone_pickaxe	825
minecraft:stone_axe	826
minecraft:stone_hoe	827
minecraft:golden_sword	828
minecraft:golden_shovel	829
minecraft:golden_pickaxe	830
minecraft:golden_axe	831
minecraft:golden_hoe	832
minecraft:iron_sword	833
minecraft:iron_shovel	834
minecraft:iron_pickaxe	835
minecraft:iron_axe	836
minecraft:iron_hoe	837
minecraft:diamond_sword	838
minecraft:diamond_shovel	839
minecraft:diamond_pickaxe	840
minecraft:diamond_axe	841
minecraft:diamond_hoe	842
minecraft:netherite_sword	843
minecraft:netherite_shovel	844
minecraft:netherite_pickaxe	845
minecraft:netherite_axe	846
minecraft:netherite_hoe	847
minecraft:stick	848
minecraft:mushroom_stew	849
minecraft:string	850
minecraft:feather	851
minecraft:gunpowder	852
minecraft:wheat_seeds	853
minecraft:wheat	854
minecraft:bread	855
minecraft:leather_helmet	856
minecraft:leather_chestplate	857
minecraft:leather_leggings	858
minecraft:leather_boots	859
minecraft:chainmail_helmet	860
minecraft:chainmail_chestplate	861
minecraft:chainmail_leggings	862
minecraft:chainmail_boots	863
minecraft:iron_helmet	864
minecraft:iron_chestplate	865
minecraft:iron_leggings	866
minecraft:iron_boots	867
minecraft:diamond_helmet	868
minecraft:diamond_chestplate	869
minecraft:diamond_leggings	870
minecraft:diamond_boots	871
minecraft:golden_helmet	872
minecraft:golden_chestplate	873
minecraft:golden_leggings	874
minecraft:golden_boots	875
minecraft:netherite_helmet	876
minecraft:netherite_chestplate	877
minecraft:netherite_leggings	878
minecraft:netherite_boots	879
minecraft:flint	880
minecraft:porkchop	881
minecraft:cooked_porkchop	882
minecraft:painting	883
minecraft:golden_apple	884
minecraft:enchanted_golden_apple	885
minecraft:oak_sign	886
minecraft:spruce_sign	887
minecraft:birch_sign	888
minecraft:jungle_sign	889
minecraft:acacia_sign	890
minecraft:cherry_sign	891
minecraft:dark_oak_sign	892
minecraft:mangrove_sign	893
minecraft:bamboo_sign	894
minecraft:crimson_sign	895
minecraft:warped_sign	896
minecraft:oak_hanging_sign	897
minecraft:spruce_hanging_sign	898
minecraft:birch_hanging_sign	899
minecraft:jungle_hanging_sign	900
minecraft:acacia_hanging_sign	901
minecraft:cherry_hanging_sign	902
minecraft:dark_oak_hanging_sign	903
minecraft:mangrove_hanging_sign	904
minecraft:bamboo_hanging_sign	905
minecraft:crimson_hanging_sign	906
minecraft:warped_hanging_sign	907
minecraft:bucket	908
minecraft:water_bucket	909
minecraft:lava_bucket	910
minecraft:powder_snow_bucket	911
minecraft:snowball	912
minecraft:leather	913
minecraft:milk_bucket	914
minecraft:pufferfish_bucket	915
minecraft:salmon_bucket	916
minecraft:cod_bucket	917
minecraft:tropical_fish_bucket	918
minecraft:axolotl_bucket	919
minecraft:tadpole_bucket	920
minecraft:brick	921
minecraft:clay_ball	922
minecraft:dried_kelp_block	923
minecraft:paper	924
minecraft:book	925
minecraft:slime_ball	926
minecraft:egg	927
minecraft:compass	928
minecraft:recovery_compass	929
minecraft:bundle	930
minecraft:fishing_rod	931
minecraft:clock	932
minecraft:spyglass	933
minecraft:glowstone_dust	934
minecraft:cod	935
minecraft:salmon	936
minecraft:tropical_fish	937
minecraft:pufferfish	938
minecraft:cooked_cod	939
minecraft:cooked_salmon	940
minecraft:ink_sac	941
minecraft:glow_ink_sac	942
minecraft:cocoa_beans	943
minecraft:white_dye	944
minecraft:orange_dye	945
minecraft:magenta_dye	946
minecraft:light_blue_dye	947
minecraft:yellow_dye	948
minecraft:lime_dye	949
minecraft:pink_dye	950
minecraft:gray_dye	951
minecraft:light_gray_dye	952
minecraft:cyan_dye	953
minecraft:purple_dye	954
minecraft:blue_dye	955
minecraft:brown_dye	956
minecraft:green_dye	957
minecraft:red_dye	958
minecraft:black_dye	959
minecraft:bone_meal	960
minecraft:bone	961
minecraft:sugar	962
minecraft:cake	963
minecraft:white_bed	964
minecraft:orange_bed	965
minecraft:magenta_bed	966
minecraft:light_blue_bed	967
minecraft:yellow_bed	968
minecraft:lime_bed	969
minecraft:pink_bed	970
minecraft:gray_bed	971
minecraft:light_gray_bed	972
minecraft:cyan_bed	973
minecraft:purple_bed	974
minecraft:blue_bed	975
minecraft:brown_bed	976
minecraft:green_bed	977
minecraft:red_bed	978
minecraft:black_bed	979
minecraft:cookie	980
minecraft:crafter	981
minecraft:filled_map	982
minecraft:shears	983
minecraft:melon_slice	984
minecraft:dried_kelp	985
minecraft:pumpkin_seeds	986
minecraft:melon_seeds	987
minecraft:beef	988
minecraft:cooked_beef	989
minecraft:chicken	990
minecraft:cooked_chicken	991
minecraft:rotten_flesh	992
minecraft:ender_pearl	993
minecraft:blaze_rod	994
minecraft:ghast_tear	995
minecraft:gold_nugget	996
minecraft:nether_wart	997
minecraft:potion	998
minecraft:glass_bottle	999
minecraft:spider_eye	1000
minecraft:fermented_spider_eye	1001
minecraft:blaze_powder	1002
minecraft:magma_cream	1003
minecraft:brewing_stand	1004
minecraft:cauldron	1005
minecraft:ender_eye	1006
minecraft:glistering_melon_slice	1007
minecraft:armadillo_spawn_egg	1008
minecraft:allay_spawn_egg	1009
minecraft:axolotl_spawn_egg	1010
minecraft:bat_spawn_egg	1011
minecraft:bee_spawn_egg	1012
minecraft:blaze_spawn_egg	1013
minecraft:bogged_spawn_egg	1014
minecraft:breeze_spawn_egg	1015
minecraft:cat_spawn_egg	1016
minecraft:camel_spawn_egg	1017
minecraft:cave_spider_spawn_egg	1018
minecraft:chicken_spawn_egg	1019
minecraft:cod_spawn_egg	1020
minecraft:cow_spawn_egg	1021
minecraft:creeper_spawn_egg	1022
minecraft:dolphin_spawn_egg	1023
minecraft:donkey_spawn_egg	1024
minecraft:drowned_spawn_egg	1025
minecraft:elder_guardian_spawn_egg	1026
minecraft:ender_dragon_spawn_egg	1027
minecraft:enderman_spawn_egg	1028
minecraft:endermite_spawn_egg	1029
minecraft:evoker_spawn_egg	1030
minecraft:fox_spawn_egg	1031
minecraft:frog_spawn_egg	1032
minecraft:ghast_spawn_egg	1033
minecraft:glow_squid_spawn_egg	1034
minecraft:goat_spawn_egg	1035
minecraft:guardian_spawn_egg	1036
minecraft:hoglin_spawn_egg	1037
minecraft:horse_spawn_egg	1038
minecraft:husk_spawn_egg	1039
minecraft:iron_golem_spawn_egg	1040
minecraft:llama_spawn_egg	1041
minecraft:magma_cube_spawn_egg	1042
minecraft:mooshroom_spawn_egg	1043
minecraft:mule_spawn_egg	1044
minecraft:ocelot_spawn_egg	1045
minecraft:panda_spawn_egg	1046
minecraft:parrot_spawn_egg	1047
minecraft:phantom_spawn_egg	1048
minecraft:pig_spawn_egg	1049
minecraft:piglin_spawn_egg	1050
minecraft:piglin_brute_spawn_egg	1051
minecraft:pillager_spawn_egg	1052
minecraft:polar_bear_spawn_egg	1053
minecraft:pufferfish_spawn_egg	1054
minecraft:rabbit_spawn_egg	1055
minecraft:ravager_spawn_egg	1056
minecraft:salmon_spawn_egg	1057
minecraft:sheep_spawn_egg	1058
minecraft:shulker_spawn_egg	1059
minecraft:silverfish_spawn_egg	1060
minecraft:skeleton_spawn_egg	1061
minecraft:skeleton_horse_spawn_egg	1062
minecraft:slime_spawn_egg	1063
minecraft:sniffer_spawn_egg	1064
minecraft:snow_golem_spawn_egg	1065
minecraft:spider_spawn_egg	1066
minecraft:squid_spawn_egg	1067
minecraft:stray_spawn_egg	1068
minecraft:strider_spawn_egg	1069
minecraft:tadpole_spawn_egg	1070
minecraft:trader_llama_spawn_egg	1071
minecraft:tropical_fish_spawn_egg	1072
minecraft:turtle_spawn_egg	1073
minecraft:vex_spawn_egg	1074
minecraft:villager_spawn_egg	1075
minecraft:vindicator_spawn_egg	1076
minecraft:wandering_trader_spawn_egg	1077
minecraft:warden_spawn_egg	1078
minecraft:witch_spawn_egg	1079
minecraft:wither_spawn_egg	1080
minecraft:wither_skeleton_spawn_egg	1081
minecraft:wolf_spawn_egg	1082
minecraft:zoglin_spawn_egg	1083
minecraft:zombie_spawn_egg	1084
minecraft:zombie_horse_spawn_egg	1085
minecraft:zombie_villager_spawn_egg	1086
minecraft:zombified_piglin_spawn_egg	1087
minecraft:experience_bottle	1088
minecraft:fire_charge	1089
minecraft:wind_charge	1090
minecraft:writable_book	1091
minecraft:written_book	1092
minecraft:mace	1093
minecraft:item_frame	1094
minecraft:glow_item_frame	1095
minecraft:flower_pot	1096
minecraft:carrot	1097
minecraft:potato	1098
minecraft:baked_potato	1099
minecraft:poisonous_potato	1100
minecraft:map	1101
minecraft:golden_carrot	1102
minecraft:skeleton_skull	1103
minecraft:wither_skeleton_skull	1104
minecraft:player_head	1105
minecraft:zombie_head	1106
minecraft:creeper_head	1107
minecraft:dragon_head	1108
minecraft:piglin_head	1109
minecraft:nether_star	1110
minecraft:pumpkin_pie	1111
minecraft:firework_rocket	1112
minecraft:firework_star	1113
minecraft:enchanted_book	1114
minecraft:nether_brick	1115
minecraft:prismarine_shard	1116
minecraft:prismarine_crystals	1117
minecraft:rabbit	1118
minecraft:cooked_rabbit	1119
minecraft:rabbit_stew	1120
minecraft:rabbit_foot	1121
minecraft:rabbit_hide	1122
minecraft:armor_stand	1123
minecraft:iron_horse_armor	1124
minecraft:golden_horse_armor	1125
minecraft:diamond_horse_armor	1126
minecraft:leather_horse_armor	1127
minecraft:lead	1128
minecraft:name_tag	1129
minecraft:command_block_minecart	1130
minecraft:mutton	1131
minecraft:cooked_mutton	1132
minecraft:white_banner	1133
minecraft:orange_banner	1134
minecraft:magenta_banner	1135
minecraft:light_blue_banner	1136
minecraft:yellow_banner	1137
minecraft:lime_banner	1138
minecraft:pink_banner	1139
minecraft:gray_banner	1140
minecraft:light_gray_banner	1141
minecraft:cyan_banner	1142
minecraft:purple_banner	1143
minecraft:blue_banner	1144
minecraft:brown_banner	1145
minecraft:green_banner	1146
minecraft:red_banner	1147
minecraft:black_banner	1148
minecraft:end_crystal	1149
minecraft:chorus_fruit	1150
minecraft:popped_chorus_fruit	1151
minecraft:torchflower_seeds	1152
minecraft:pitcher_pod	1153
minecraft:beetroot	1154
minecraft:beetroot_seeds	1155
minecraft:beetroot_soup	1156
minecraft:dragon_breath	1157
minecraft:splash_potion	1158
minecraft:spectral_arrow	1159
minecraft:tipped_arrow	1160
minecraft:lingering_potion	1161
minecraft:shield	1162
minecraft:totem_of_undying	1163
minecraft:shulker_shell	1164
minecraft:iron_nugget	1165
minecraft:knowledge_book	1166
minecraft:debug_stick	1167
minecraft:music_disc_13	1168
minecraft:music_disc_cat	1169
minecraft:music_disc_blocks	1170
minecraft:music_disc_chirp	1171
minecraft:music_disc_creator	1172
minecraft:music_disc_creator_music_box	1173
minecraft:music_disc_far	1174
minecraft:music_disc_mall	1175
minecraft:music_disc_mellohi	1176
minecraft:music_disc_stal	1177
minecraft:music_disc_strad	1178
minecraft:music_disc_ward	1179
minecraft:music_disc_11	1180
minecraft:music_disc_wait	1181
minecraft:music_disc_otherside	1182
minecraft:music_disc_relic	1183
minecraft:music_disc_5	1184
minecraft:music_disc_pigstep	1185
minecraft:music_disc_precipice	1186
minecraft:disc_fragment_5	1187
minecraft:trident	1188
minecraft:phantom_membrane	1189
minecraft:nautilus_shell	1190
minecraft:heart_of_the_sea	1191
minecraft:crossbow	1192
minecraft:suspicious_stew	1193
minecraft:loom	1194
minecraft:flower_banner_pattern	1195
minecraft:creeper_banner_pattern	1196
minecraft:skull_banner_pattern	1197
minecraft:mojang_banner_pattern	1198
minecraft:globe_banner_pattern	1199
minecraft:piglin_banner_pattern	1200
minecraft:flow_banner_pattern	1201
minecraft:guster_banner_pattern	1202
minecraft:goat_horn	1203
minecraft:composter	1204
minecraft:barrel	1205
minecraft:smoker	1206
minecraft:blast_furnace	1207
minecraft:cartography_table	1208
minecraft:fletching_table	1209
minecraft:grindstone	1210
minecraft:smithing_table	1211
minecraft:stonecutter	1212
minecraft:bell	1213
minecraft:lantern	1214
minecraft:soul_lantern	1215
minecraft:sweet_berries	1216
minecraft:glow_berries	1217
minecraft:campfire	1218
minecraft:soul_campfire	1219
minecraft:shroomlight	1220
minecraft:honeycomb	1221
minecraft:bee_nest	1222
minecraft:beehive	1223
minecraft:honey_bottle	1224
minecraft:honeycomb_block	1225
minecraft:lodestone	1226
minecraft:crying_obsidian	1227
minecraft:blackstone	1228
minecraft:blackstone_slab	1229
minecraft:blackstone_stairs	1230
minecraft:gilded_blackstone	1231
minecraft:polished_blackstone	1232
minecraft:polished_blackstone_slab	1233
minecraft:polished_blackstone_stairs	1234
minecraft:chiseled_polished_blackstone	1235
minecraft:polished_blackstone_bricks	1236
minecraft:polished_blackstone_brick_slab	1237
minecraft:polished_blackstone_brick_stairs	1238
minecraft:cracked_polished_blackstone_bricks	1239
minecraft:respawn_anchor	1240
minecraft:candle	1241
minecraft:white_candle	1242
minecraft:orange_candle	1243
minecraft:magenta_candle	1244
minecraft:light_blue_candle	1245
minecraft:yellow_candle	1246
minecraft:lime_candle	1247
minecraft:pink_candle	1248
minecraft:gray_candle	1249
minecraft:light_gray_candle	1250
minecraft:cyan_candle	1251
minecraft:purple_candle	1252
minecraft:blue_candle	1253
minecraft:brown_candle	1254
minecraft:green_candle	1255
minecraft:red_candle	1256
minecraft:black_candle	1257
minecraft:small_amethyst_bud	1258
minecraft:medium_amethyst_bud	1259
minecraft:large_amethyst_bud	1260
minecraft:amethyst_cluster	1261
minecraft:pointed_dripstone	1262
minecraft:ochre_froglight	1263
minecraft:verdant_froglight	1264
minecraft:pearlescent_froglight	1265
minecraft:frogspawn	1266
minecraft:echo_shard	1267
minecraft:brush	1268
minecraft:netherite_upgrade_smithing_template	1269
minecraft:sentry_armor_trim_smithing_template	1270
minecraft:dune_armor_trim_smithing_template	1271
minecraft:coast_armor_trim_smithing_template	1272
minecraft:wild_armor_trim_smithing_template	1273
minecraft:ward_armor_trim_smithing_template	1274
minecraft:eye_armor_trim_smithing_template	1275
minecraft:vex_armor_trim_smithing_template	1276
minecraft:tide_armor_trim_smithing_template	1277
minecraft:snout_armor_trim_smithing_template	1278
minecraft:rib_armor_trim_smithing_template	1279
minecraft:spire_armor_trim_smithing_template	1280
minecraft:wayfinder_armor_trim_smithing_template	1281
minecraft:shaper_armor_trim_smithing_template	1282
minecraft:silence_armor_trim_smithing_template	1283
minecraft:raiser_armor_trim_smithing_template	1284
minecraft:host_armor_trim_smithing_template	1285
minecraft:flow_armor_trim_smithing_template	1286
minecraft:bolt_armor_trim_smithing_template	1287
minecraft:angler_pottery_sherd	1288
minecraft:archer_pottery_sherd	1289
minecraft:arms_up_pottery_sherd	1290
minecraft:blade_pottery_sherd	1291
minecraft:brewer_pottery_sherd	1292
minecraft:burn_pottery_sherd	1293
minecraft:danger_pottery_sherd	1294
minecraft:explorer_pottery_sherd	1295
minecraft:flow_pottery_sherd	1296
minecraft:friend_pottery_sherd	1297
minecraft:guster_pottery_sherd	1298
minecraft:heart_pottery_sherd	1299
minecraft:heartbreak_pottery_sherd	1300
minecraft:howl_pottery_sherd	1301
minecraft:miner_pottery_sherd	1302
minecraft:mourner_pottery_sherd	1303
minecraft:plenty_pottery_sherd	1304
minecraft:prize_pottery_sherd	1305
minecraft:scrape_pottery_sherd	1306
minecraft:sheaf_pottery_sherd	1307
minecraft:shelter_pottery_sherd	1308
minecraft:skull_pottery_sherd	1309
minecraft:snort_pottery_sherd	1310
minecraft:copper_grate	1311
minecraft:exposed_copper_grate	1312
minecraft:weathered_copper_grate	1313
minecraft:oxidized_copper_grate	1314
minecraft:waxed_copper_grate	1315
minecraft:waxed_exposed_copper_grate	1316
minecraft:waxed_weathered_copper_grate	1317
minecraft:waxed_oxidized_copper_grate	1318
minecraft:copper_bulb	1319
minecraft:exposed_copper_bulb	1320
minecraft:weathered_copper_bulb	1321
minecraft:oxidized_copper_bulb	1322
minecraft:waxed_copper_bulb	1323
minecraft:waxed_exposed_copper_bulb	1324
minecraft:waxed_weathered_copper_bulb	1325
minecraft:waxed_oxidized_copper_bulb	1326
minecraft:trial_spawner	1327
minecraft:trial_key	1328
minecraft:ominous_trial_key	1329
minecraft:vault	1330
minecraft:ominous_bottle	1331
minecraft:breeze_rod	1332
village_taverns:barrel	1333
prefab:item_logo	1334
prefab:item_pile_of_bricks	1335
prefab:item_pallet_of_bricks	1336
prefab:item_bundle_of_timber	1337
prefab:item_heap_of_timber	1338
prefab:item_ton_of_timber	1339
prefab:item_string_of_lanterns	1340
prefab:item_coil_of_lanterns	1341
prefab:item_compressed_chest	1342
prefab:item_upgrade	1343
prefab:item_swift_blade_wood	1344
prefab:item_swift_blade_stone	1345
prefab:item_swift_blade_iron	1346
prefab:item_swift_blade_diamond	1347
prefab:item_swift_blade_gold	1348
prefab:item_swift_blade_copper	1349
prefab:item_swift_blade_osmium	1350
prefab:item_swift_blade_bronze	1351
prefab:item_swift_blade_steel	1352
prefab:item_swift_blade_obsidian	1353
prefab:item_swift_blade_netherite	1354
prefab:item_sickle_wood	1355
prefab:item_sickle_stone	1356
prefab:item_sickle_gold	1357
prefab:item_sickle_iron	1358
prefab:item_sickle_diamond	1359
prefab:item_sickle_netherite	1360
prefab:item_wooden_crate	1361
prefab:item_clutch_of_eggs	1362
prefab:item_carton_of_eggs	1363
prefab:item_bunch_of_potatoes	1364
prefab:item_crate_of_potatoes	1365
prefab:item_bunch_of_carrots	1366
prefab:item_crate_of_carrots	1367
prefab:item_bunch_of_beets	1368
prefab:item_crate_of_beets	1369
prefab:item_house	1370
prefab:item_instant_bridge	1371
prefab:item_house_improved	1372
prefab:item_house_advanced	1373
prefab:item_bulldozer	1374
prefab:item_creative_bulldozer	1375
prefab:item_machinery_tower	1376
prefab:item_defense_bunker	1377
prefab:item_mineshaft_entrance	1378
prefab:item_ender_gateway	1379
prefab:item_aqua_base	1380
prefab:item_grassy_plain	1381
prefab:item_magic_temple	1382
prefab:item_watch_tower	1383
prefab:item_welcome_center	1384
prefab:item_jail	1385
prefab:item_saloon	1386
prefab:item_ski_lodge	1387
prefab:item_wind_mill	1388
prefab:item_town_hall	1389
prefab:item_nether_gate	1390
prefab:item_aqua_base_improved	1391
prefab:item_warehouse	1392
prefab:item_warehouse_improved	1393
prefab:item_villager_houses	1394
prefab:item_modern_buildings	1395
prefab:item_modern_buildings_improved	1396
prefab:item_modern_buildings_advanced	1397
prefab:item_farm	1398
prefab:item_farm_improved	1399
prefab:item_farm_advanced	1400
prefab:block_compressed_stone	1401
prefab:block_double_compressed_stone	1402
prefab:block_triple_compressed_stone	1403
prefab:block_compressed_dirt	1404
prefab:block_double_compressed_dirt	1405
prefab:block_compressed_glowstone	1406
prefab:block_double_compressed_glowstone	1407
prefab:block_compressed_quartz_crete	1408
prefab:block_double_compressed_quartz_crete	1409
prefab:block_compressed_obsidian	1410
prefab:block_double_compressed_obsidian	1411
prefab:block_glass_slab	1412
prefab:block_glass_stairs	1413
prefab:block_paper_lantern	1414
prefab:block_phasic	1415
prefab:block_boundary	1416
prefab:block_grass_slab	1417
prefab:block_grass_stairs	1418
prefab:block_grass_wall	1419
prefab:block_dirt_wall	1420
prefab:block_dirt_stairs	1421
prefab:block_dirt_slab	1422
prefab:block_light_switch	1423
prefab:block_dark_lamp	1424
prefab:block_quartz_crete	1425
prefab:block_quartz_crete_wall	1426
prefab:block_quartz_crete_bricks	1427
prefab:block_quartz_crete_chiseled	1428
prefab:block_quartz_crete_pillar	1429
prefab:block_quartz_crete_stairs	1430
prefab:block_quartz_crete_slab	1431
prefab:block_quartz_crete_smooth	1432
prefab:block_quartz_crete_smooth_wall	1433
prefab:block_quartz_crete_smooth_stairs	1434
prefab:block_quartz_crete_smooth_slab	1435
irons_lib:player_statue	1436
irons_lib:transmog_table	1437
mcwwindows:window_base	1438
mcwwindows:window_half_bar_base	1439
mcwwindows:window_centre_bar_base	1440
mcwwindows:hammer	1441
mcwwindows:key	1442
mcwwindows:oak_window	1443
mcwwindows:oak_window2	1444
mcwwindows:oak_four_window	1445
mcwwindows:stripped_oak_log_window	1446
mcwwindows:stripped_oak_log_window2	1447
mcwwindows:stripped_oak_log_four_window	1448
mcwwindows:oak_plank_window	1449
mcwwindows:oak_plank_window2	1450
mcwwindows:oak_plank_four_window	1451
mcwwindows:spruce_window	1452
mcwwindows:spruce_window2	1453
mcwwindows:spruce_four_window	1454
mcwwindows:stripped_spruce_log_window	1455
mcwwindows:stripped_spruce_log_window2	1456
mcwwindows:stripped_spruce_log_four_window	1457
mcwwindows:spruce_plank_window	1458
mcwwindows:spruce_plank_window2	1459
mcwwindows:spruce_plank_four_window	1460
mcwwindows:birch_window	1461
mcwwindows:birch_window2	1462
mcwwindows:birch_four_window	1463
mcwwindows:stripped_birch_log_window	1464
mcwwindows:stripped_birch_log_window2	1465
mcwwindows:stripped_birch_log_four_window	1466
mcwwindows:birch_plank_window	1467
mcwwindows:birch_plank_window2	1468
mcwwindows:birch_plank_four_window	1469
mcwwindows:jungle_window	1470
mcwwindows:jungle_window2	1471
mcwwindows:jungle_four_window	1472
mcwwindows:stripped_jungle_log_window	1473
mcwwindows:stripped_jungle_log_window2	1474
mcwwindows:stripped_jungle_log_four_window	1475
mcwwindows:jungle_plank_window	1476
mcwwindows:jungle_plank_window2	1477
mcwwindows:jungle_plank_four_window	1478
mcwwindows:acacia_window	1479
mcwwindows:acacia_window2	1480
mcwwindows:acacia_four_window	1481
mcwwindows:stripped_acacia_log_window	1482
mcwwindows:stripped_acacia_log_window2	1483
mcwwindows:stripped_acacia_log_four_window	1484
mcwwindows:acacia_plank_window	1485
mcwwindows:acacia_plank_window2	1486
mcwwindows:acacia_plank_four_window	1487
mcwwindows:dark_oak_window	1488
mcwwindows:dark_oak_window2	1489
mcwwindows:dark_oak_four_window	1490
mcwwindows:stripped_dark_oak_log_window	1491
mcwwindows:stripped_dark_oak_log_window2	1492
mcwwindows:stripped_dark_oak_log_four_window	1493
mcwwindows:dark_oak_plank_window	1494
mcwwindows:dark_oak_plank_window2	1495
mcwwindows:dark_oak_plank_four_window	1496
mcwwindows:mangrove_window	1497
mcwwindows:mangrove_window2	1498
mcwwindows:mangrove_four_window	1499
mcwwindows:stripped_mangrove_log_window	1500
mcwwindows:stripped_mangrove_log_window2	1501
mcwwindows:stripped_mangrove_log_four_window	1502
mcwwindows:mangrove_plank_window	1503
mcwwindows:mangrove_plank_window2	1504
mcwwindows:mangrove_plank_four_window	1505
mcwwindows:crimson_stem_window	1506
mcwwindows:crimson_stem_window2	1507
mcwwindows:crimson_stem_four_window	1508
mcwwindows:stripped_crimson_stem_window	1509
mcwwindows:stripped_crimson_stem_window2	1510
mcwwindows:stripped_crimson_stem_four_window	1511
mcwwindows:crimson_planks_window	1512
mcwwindows:crimson_planks_window2	1513
mcwwindows:crimson_planks_four_window	1514
mcwwindows:warped_stem_window	1515
mcwwindows:warped_stem_window2	1516
mcwwindows:warped_stem_four_window	1517
mcwwindows:stripped_warped_stem_window	1518
mcwwindows:stripped_warped_stem_window2	1519
mcwwindows:stripped_warped_stem_four_window	1520
mcwwindows:warped_planks_window	1521
mcwwindows:warped_planks_window2	1522
mcwwindows:warped_planks_four_window	1523
mcwwindows:andesite_window	1524
mcwwindows:andesite_window2	1525
mcwwindows:andesite_four_window	1526
mcwwindows:diorite_window	1527
mcwwindows:diorite_window2	1528
mcwwindows:diorite_four_window	1529
mcwwindows:granite_window	1530
mcwwindows:granite_window2	1531
mcwwindows:granite_four_window	1532
mcwwindows:stone_window	1533
mcwwindows:stone_window2	1534
mcwwindows:stone_four_window	1535
mcwwindows:blackstone_window	1536
mcwwindows:blackstone_window2	1537
mcwwindows:blackstone_four_window	1538
mcwwindows:prismarine_window	1539
mcwwindows:prismarine_window2	1540
mcwwindows:prismarine_four_window	1541
mcwwindows:dark_prismarine_window	1542
mcwwindows:dark_prismarine_window2	1543
mcwwindows:dark_prismarine_four_window	1544
mcwwindows:oak_log_parapet	1545
mcwwindows:spruce_log_parapet	1546
mcwwindows:birch_log_parapet	1547
mcwwindows:jungle_log_parapet	1548
mcwwindows:acacia_log_parapet	1549
mcwwindows:dark_oak_log_parapet	1550
mcwwindows:crimson_stem_parapet	1551
mcwwindows:warped_stem_parapet	1552
mcwwindows:mangrove_log_parapet	1553
mcwwindows:oak_plank_parapet	1554
mcwwindows:spruce_plank_parapet	1555
mcwwindows:birch_plank_parapet	1556
mcwwindows:jungle_plank_parapet	1557
mcwwindows:acacia_plank_parapet	1558
mcwwindows:dark_oak_plank_parapet	1559
mcwwindows:crimson_plank_parapet	1560
mcwwindows:warped_plank_parapet	1561
mcwwindows:mangrove_plank_parapet	1562
mcwwindows:andesite_parapet	1563
mcwwindows:diorite_parapet	1564
mcwwindows:granite_parapet	1565
mcwwindows:blackstone_parapet	1566
mcwwindows:prismarine_parapet	1567
mcwwindows:dark_prismarine_parapet	1568
mcwwindows:stone_brick_gothic	1569
mcwwindows:end_brick_gothic	1570
mcwwindows:nether_brick_gothic	1571
mcwwindows:prismarine_brick_gothic	1572
mcwwindows:mud_brick_gothic	1573
mcwwindows:dark_prismarine_brick_gothic	1574
mcwwindows:blackstone_brick_gothic	1575
mcwwindows:stone_brick_arrow_slit	1576
mcwwindows:cobblestone_arrow_slit	1577
mcwwindows:nether_brick_arrow_slit	1578
mcwwindows:ender_brick_arrow_slit	1579
mcwwindows:mud_brick_arrow_slit	1580
mcwwindows:blackstone_brick_arrow_slit	1581
mcwwindows:prismarine_brick_arrow_slit	1582
mcwwindows:dark_prismarine_brick_arrow_slit	1583
mcwwindows:oak_blinds	1584
mcwwindows:spruce_blinds	1585
mcwwindows:birch_blinds	1586
mcwwindows:jungle_blinds	1587
mcwwindows:acacia_blinds	1588
mcwwindows:dark_oak_blinds	1589
mcwwindows:crimson_blinds	1590
mcwwindows:warped_blinds	1591
mcwwindows:mangrove_blinds	1592
mcwwindows:white_mosaic_glass	1593
mcwwindows:orange_mosaic_glass	1594
mcwwindows:magenta_mosaic_glass	1595
mcwwindows:light_blue_mosaic_glass	1596
mcwwindows:yellow_mosaic_glass	1597
mcwwindows:lime_mosaic_glass	1598
mcwwindows:pink_mosaic_glass	1599
mcwwindows:gray_mosaic_glass	1600
mcwwindows:light_gray_mosaic_glass	1601
mcwwindows:cyan_mosaic_glass	1602
mcwwindows:purple_mosaic_glass	1603
mcwwindows:blue_mosaic_glass	1604
mcwwindows:brown_mosaic_glass	1605
mcwwindows:green_mosaic_glass	1606
mcwwindows:red_mosaic_glass	1607
mcwwindows:black_mosaic_glass	1608
mcwwindows:white_mosaic_glass_pane	1609
mcwwindows:orange_mosaic_glass_pane	1610
mcwwindows:magenta_mosaic_glass_pane	1611
mcwwindows:light_blue_mosaic_glass_pane	1612
mcwwindows:yellow_mosaic_glass_pane	1613
mcwwindows:lime_mosaic_glass_pane	1614
mcwwindows:pink_mosaic_glass_pane	1615
mcwwindows:gray_mosaic_glass_pane	1616
mcwwindows:light_gray_mosaic_glass_pane	1617
mcwwindows:cyan_mosaic_glass_pane	1618
mcwwindows:purple_mosaic_glass_pane	1619
mcwwindows:blue_mosaic_glass_pane	1620
mcwwindows:brown_mosaic_glass_pane	1621
mcwwindows:green_mosaic_glass_pane	1622
mcwwindows:red_mosaic_glass_pane	1623
mcwwindows:black_mosaic_glass_pane	1624
mcwwindows:oak_shutter	1625
mcwwindows:spruce_shutter	1626
mcwwindows:birch_shutter	1627
mcwwindows:jungle_shutter	1628
mcwwindows:acacia_shutter	1629
mcwwindows:dark_oak_shutter	1630
mcwwindows:crimson_shutter	1631
mcwwindows:warped_shutter	1632
mcwwindows:mangrove_shutter	1633
mcwwindows:bamboo_shutter	1634
mcwwindows:iron_shutter	1635
mcwwindows:oak_louvered_shutter	1636
mcwwindows:spruce_louvered_shutter	1637
mcwwindows:birch_louvered_shutter	1638
mcwwindows:jungle_louvered_shutter	1639
mcwwindows:acacia_louvered_shutter	1640
mcwwindows:dark_oak_louvered_shutter	1641
mcwwindows:crimson_louvered_shutter	1642
mcwwindows:warped_louvered_shutter	1643
mcwwindows:mangrove_louvered_shutter	1644
mcwwindows:diorite_louvered_shutter	1645
mcwwindows:andesite_louvered_shutter	1646
mcwwindows:granite_louvered_shutter	1647
mcwwindows:white_curtain	1648
mcwwindows:orange_curtain	1649
mcwwindows:magenta_curtain	1650
mcwwindows:light_blue_curtain	1651
mcwwindows:yellow_curtain	1652
mcwwindows:lime_curtain	1653
mcwwindows:pink_curtain	1654
mcwwindows:gray_curtain	1655
mcwwindows:light_gray_curtain	1656
mcwwindows:cyan_curtain	1657
mcwwindows:purple_curtain	1658
mcwwindows:blue_curtain	1659
mcwwindows:brown_curtain	1660
mcwwindows:green_curtain	1661
mcwwindows:red_curtain	1662
mcwwindows:black_curtain	1663
mcwwindows:oak_pane_window	1664
mcwwindows:stripped_oak_pane_window	1665
mcwwindows:oak_plank_pane_window	1666
mcwwindows:birch_pane_window	1667
mcwwindows:stripped_birch_pane_window	1668
mcwwindows:birch_plank_pane_window	1669
mcwwindows:spruce_pane_window	1670
mcwwindows:stripped_spruce_pane_window	1671
mcwwindows:spruce_plank_pane_window	1672
mcwwindows:jungle_pane_window	1673
mcwwindows:stripped_jungle_pane_window	1674
mcwwindows:jungle_plank_pane_window	1675
mcwwindows:acacia_pane_window	1676
mcwwindows:stripped_acacia_pane_window	1677
mcwwindows:acacia_plank_pane_window	1678
mcwwindows:dark_oak_pane_window	1679
mcwwindows:stripped_dark_oak_pane_window	1680
mcwwindows:dark_oak_plank_pane_window	1681
mcwwindows:crimson_pane_window	1682
mcwwindows:stripped_crimson_pane_window	1683
mcwwindows:crimson_plank_pane_window	1684
mcwwindows:warped_pane_window	1685
mcwwindows:stripped_warped_pane_window	1686
mcwwindows:warped_plank_pane_window	1687
mcwwindows:mangrove_pane_window	1688
mcwwindows:stripped_mangrove_pane_window	1689
mcwwindows:mangrove_plank_pane_window	1690
mcwwindows:andesite_pane_window	1691
mcwwindows:diorite_pane_window	1692
mcwwindows:granite_pane_window	1693
mcwwindows:stone_pane_window	1694
mcwwindows:blackstone_pane_window	1695
mcwwindows:prismarine_pane_window	1696
mcwwindows:dark_prismarine_pane_window	1697
mcwwindows:cherry_window	1698
mcwwindows:cherry_window2	1699
mcwwindows:cherry_four_window	1700
mcwwindows:stripped_cherry_log_window	1701
mcwwindows:stripped_cherry_log_window2	1702
mcwwindows:stripped_cherry_log_four_window	1703
mcwwindows:cherry_plank_window	1704
mcwwindows:cherry_plank_window2	1705
mcwwindows:cherry_plank_four_window	1706
mcwwindows:cherry_log_parapet	1707
mcwwindows:cherry_plank_parapet	1708
mcwwindows:cherry_blinds	1709
mcwwindows:cherry_shutter	1710
mcwwindows:cherry_louvered_shutter	1711
mcwwindows:cherry_pane_window	1712
mcwwindows:stripped_cherry_pane_window	1713
mcwwindows:cherry_plank_pane_window	1714
mcwwindows:one_way_glass	1715
mcwwindows:one_way_glass_pane	1716
mcwwindows:deepslate_window	1717
mcwwindows:deepslate_window2	1718
mcwwindows:deepslate_four_window	1719
mcwwindows:deepslate_pane_window	1720
mcwwindows:sandstone_window	1721
mcwwindows:sandstone_window2	1722
mcwwindows:sandstone_four_window	1723
mcwwindows:sandstone_pane_window	1724
mcwwindows:red_sandstone_window	1725
mcwwindows:red_sandstone_window2	1726
mcwwindows:red_sandstone_four_window	1727
mcwwindows:red_sandstone_pane_window	1728
mcwwindows:bricks_window	1729
mcwwindows:bricks_window2	1730
mcwwindows:bricks_four_window	1731
mcwwindows:bricks_pane_window	1732
mcwwindows:quartz_window	1733
mcwwindows:quartz_window2	1734
mcwwindows:quartz_four_window	1735
mcwwindows:quartz_pane_window	1736
mcwwindows:metal_window	1737
mcwwindows:metal_window2	1738
mcwwindows:metal_four_window	1739
mcwwindows:metal_pane_window	1740
mcwwindows:oak_curtain_rod	1741
mcwwindows:spruce_curtain_rod	1742
mcwwindows:birch_curtain_rod	1743
mcwwindows:jungle_curtain_rod	1744
mcwwindows:acacia_curtain_rod	1745
mcwwindows:dark_oak_curtain_rod	1746
mcwwindows:crimson_curtain_rod	1747
mcwwindows:warped_curtain_rod	1748
mcwwindows:mangrove_curtain_rod	1749
mcwwindows:cherry_curtain_rod	1750
mcwwindows:metal_curtain_rod	1751
mcwwindows:golden_curtain_rod	1752
immersive_aircraft:hull	1753
immersive_aircraft:engine	1754
immersive_aircraft:sail	1755
immersive_aircraft:propeller	1756
immersive_aircraft:boiler	1757
immersive_aircraft:airship	1758
immersive_aircraft:cargo_airship	1759
immersive_aircraft:warship	1760
immersive_aircraft:biplane	1761
immersive_aircraft:gyrodyne	1762
immersive_aircraft:quadrocopter	1763
immersive_aircraft:bamboo_hopper	1764
immersive_aircraft:rotary_cannon	1765
immersive_aircraft:heavy_crossbow	1766
immersive_aircraft:telescope	1767
immersive_aircraft:bomb_bay	1768
immersive_aircraft:enhanced_propeller	1769
immersive_aircraft:eco_engine	1770
immersive_aircraft:nether_engine	1771
immersive_aircraft:steel_boiler	1772
immersive_aircraft:industrial_gears	1773
immersive_aircraft:sturdy_pipes	1774
immersive_aircraft:gyroscope	1775
immersive_aircraft:gyroscope_hud	1776
immersive_aircraft:gyroscope_dials	1777
immersive_aircraft:hull_reinforcement	1778
immersive_aircraft:improved_landing_gear	1779
sophisticatedcore:xp_bucket	1780
teallib:mannequin	1781
mcwstairs:oak_terrace_stairs	1782
mcwstairs:spruce_terrace_stairs	1783
mcwstairs:birch_terrace_stairs	1784
mcwstairs:jungle_terrace_stairs	1785
mcwstairs:acacia_terrace_stairs	1786
mcwstairs:dark_oak_terrace_stairs	1787
mcwstairs:crimson_terrace_stairs	1788
mcwstairs:warped_terrace_stairs	1789
mcwstairs:mangrove_terrace_stairs	1790
mcwstairs:cherry_terrace_stairs	1791
mcwstairs:cobblestone_terrace_stairs	1792
mcwstairs:stone_brick_terrace_stairs	1793
mcwstairs:mossy_cobblestone_terrace_stairs	1794
mcwstairs:mossy_stone_brick_terrace_stairs	1795
mcwstairs:granite_terrace_stairs	1796
mcwstairs:diorite_terrace_stairs	1797
mcwstairs:andesite_terrace_stairs	1798
mcwstairs:cobbled_deepslate_terrace_stairs	1799
mcwstairs:deepslate_brick_terrace_stairs	1800
mcwstairs:brick_terrace_stairs	1801
mcwstairs:mud_brick_terrace_stairs	1802
mcwstairs:sandstone_terrace_stairs	1803
mcwstairs:red_sandstone_terrace_stairs	1804
mcwstairs:prismarine_terrace_stairs	1805
mcwstairs:nether_brick_terrace_stairs	1806
mcwstairs:red_nether_brick_terrace_stairs	1807
mcwstairs:blackstone_terrace_stairs	1808
mcwstairs:quartz_terrace_stairs	1809
mcwstairs:oak_skyline_stairs	1810
mcwstairs:spruce_skyline_stairs	1811
mcwstairs:birch_skyline_stairs	1812
mcwstairs:jungle_skyline_stairs	1813
mcwstairs:acacia_skyline_stairs	1814
mcwstairs:dark_oak_skyline_stairs	1815
mcwstairs:crimson_skyline_stairs	1816
mcwstairs:warped_skyline_stairs	1817
mcwstairs:mangrove_skyline_stairs	1818
mcwstairs:cherry_skyline_stairs	1819
mcwstairs:cobblestone_skyline_stairs	1820
mcwstairs:stone_brick_skyline_stairs	1821
mcwstairs:mossy_cobblestone_skyline_stairs	1822
mcwstairs:mossy_stone_brick_skyline_stairs	1823
mcwstairs:granite_skyline_stairs	1824
mcwstairs:diorite_skyline_stairs	1825
mcwstairs:andesite_skyline_stairs	1826
mcwstairs:cobbled_deepslate_skyline_stairs	1827
mcwstairs:deepslate_brick_skyline_stairs	1828
mcwstairs:brick_skyline_stairs	1829
mcwstairs:mud_brick_skyline_stairs	1830
mcwstairs:sandstone_skyline_stairs	1831
mcwstairs:red_sandstone_skyline_stairs	1832
mcwstairs:prismarine_skyline_stairs	1833
mcwstairs:nether_brick_skyline_stairs	1834
mcwstairs:red_nether_brick_skyline_stairs	1835
mcwstairs:blackstone_skyline_stairs	1836
mcwstairs:quartz_skyline_stairs	1837
mcwstairs:oak_compact_stairs	1838
mcwstairs:spruce_compact_stairs	1839
mcwstairs:birch_compact_stairs	1840
mcwstairs:jungle_compact_stairs	1841
mcwstairs:acacia_compact_stairs	1842
mcwstairs:dark_oak_compact_stairs	1843
mcwstairs:crimson_compact_stairs	1844
mcwstairs:warped_compact_stairs	1845
mcwstairs:mangrove_compact_stairs	1846
mcwstairs:cherry_compact_stairs	1847
mcwstairs:cobblestone_compact_stairs	1848
mcwstairs:stone_brick_compact_stairs	1849
mcwstairs:mossy_cobblestone_compact_stairs	1850
mcwstairs:mossy_stone_brick_compact_stairs	1851
mcwstairs:granite_compact_stairs	1852
mcwstairs:diorite_compact_stairs	1853
mcwstairs:andesite_compact_stairs	1854
mcwstairs:cobbled_deepslate_compact_stairs	1855
mcwstairs:deepslate_brick_compact_stairs	1856
mcwstairs:brick_compact_stairs	1857
mcwstairs:mud_brick_compact_stairs	1858
mcwstairs:sandstone_compact_stairs	1859
mcwstairs:red_sandstone_compact_stairs	1860
mcwstairs:prismarine_compact_stairs	1861
mcwstairs:nether_brick_compact_stairs	1862
mcwstairs:red_nether_brick_compact_stairs	1863
mcwstairs:blackstone_compact_stairs	1864
mcwstairs:quartz_compact_stairs	1865
mcwstairs:oak_bulk_stairs	1866
mcwstairs:spruce_bulk_stairs	1867
mcwstairs:birch_bulk_stairs	1868
mcwstairs:jungle_bulk_stairs	1869
mcwstairs:acacia_bulk_stairs	1870
mcwstairs:dark_oak_bulk_stairs	1871
mcwstairs:crimson_bulk_stairs	1872
mcwstairs:warped_bulk_stairs	1873
mcwstairs:mangrove_bulk_stairs	1874
mcwstairs:cherry_bulk_stairs	1875
mcwstairs:cobblestone_bulk_stairs	1876
mcwstairs:stone_brick_bulk_stairs	1877
mcwstairs:mossy_cobblestone_bulk_stairs	1878
mcwstairs:mossy_stone_brick_bulk_stairs	1879
mcwstairs:granite_bulk_stairs	1880
mcwstairs:diorite_bulk_stairs	1881
mcwstairs:andesite_bulk_stairs	1882
mcwstairs:cobbled_deepslate_bulk_stairs	1883
mcwstairs:deepslate_brick_bulk_stairs	1884
mcwstairs:brick_bulk_stairs	1885
mcwstairs:mud_brick_bulk_stairs	1886
mcwstairs:sandstone_bulk_stairs	1887
mcwstairs:red_sandstone_bulk_stairs	1888
mcwstairs:prismarine_bulk_stairs	1889
mcwstairs:nether_brick_bulk_stairs	1890
mcwstairs:red_nether_brick_bulk_stairs	1891
mcwstairs:blackstone_bulk_stairs	1892
mcwstairs:quartz_bulk_stairs	1893
mcwstairs:oak_loft_stairs	1894
mcwstairs:spruce_loft_stairs	1895
mcwstairs:birch_loft_stairs	1896
mcwstairs:jungle_loft_stairs	1897
mcwstairs:acacia_loft_stairs	1898
mcwstairs:dark_oak_loft_stairs	1899
mcwstairs:crimson_loft_stairs	1900
mcwstairs:warped_loft_stairs	1901
mcwstairs:mangrove_loft_stairs	1902
mcwstairs:cherry_loft_stairs	1903
mcwstairs:cobblestone_loft_stairs	1904
mcwstairs:stone_brick_loft_stairs	1905
mcwstairs:mossy_cobblestone_loft_stairs	1906
mcwstairs:mossy_stone_brick_loft_stairs	1907
mcwstairs:granite_loft_stairs	1908
mcwstairs:diorite_loft_stairs	1909
mcwstairs:andesite_loft_stairs	1910
mcwstairs:cobbled_deepslate_loft_stairs	1911
mcwstairs:deepslate_brick_loft_stairs	1912
mcwstairs:brick_loft_stairs	1913
mcwstairs:mud_brick_loft_stairs	1914
mcwstairs:sandstone_loft_stairs	1915
mcwstairs:red_sandstone_loft_stairs	1916
mcwstairs:prismarine_loft_stairs	1917
mcwstairs:nether_brick_loft_stairs	1918
mcwstairs:red_nether_brick_loft_stairs	1919
mcwstairs:blackstone_loft_stairs	1920
mcwstairs:quartz_loft_stairs	1921
mcwstairs:oak_railing	1922
mcwstairs:spruce_railing	1923
mcwstairs:birch_railing	1924
mcwstairs:jungle_railing	1925
mcwstairs:acacia_railing	1926
mcwstairs:dark_oak_railing	1927
mcwstairs:crimson_railing	1928
mcwstairs:warped_railing	1929
mcwstairs:mangrove_railing	1930
mcwstairs:cherry_railing	1931
mcwstairs:cobblestone_railing	1932
mcwstairs:stone_brick_railing	1933
mcwstairs:mossy_cobblestone_railing	1934
mcwstairs:mossy_stone_brick_railing	1935
mcwstairs:granite_railing	1936
mcwstairs:diorite_railing	1937
mcwstairs:andesite_railing	1938
mcwstairs:cobbled_deepslate_railing	1939
mcwstairs:deepslate_brick_railing	1940
mcwstairs:brick_railing	1941
mcwstairs:mud_brick_railing	1942
mcwstairs:sandstone_railing	1943
mcwstairs:red_sandstone_railing	1944
mcwstairs:prismarine_railing	1945
mcwstairs:nether_brick_railing	1946
mcwstairs:red_nether_brick_railing	1947
mcwstairs:blackstone_railing	1948
mcwstairs:quartz_railing	1949
mcwstairs:oak_balcony	1950
mcwstairs:spruce_balcony	1951
mcwstairs:birch_balcony	1952
mcwstairs:jungle_balcony	1953
mcwstairs:acacia_balcony	1954
mcwstairs:dark_oak_balcony	1955
mcwstairs:crimson_balcony	1956
mcwstairs:warped_balcony	1957
mcwstairs:mangrove_balcony	1958
mcwstairs:cherry_balcony	1959
mcwstairs:cobblestone_balcony	1960
mcwstairs:stone_brick_balcony	1961
mcwstairs:mossy_cobblestone_balcony	1962
mcwstairs:mossy_stone_brick_balcony	1963
mcwstairs:granite_balcony	1964
mcwstairs:diorite_balcony	1965
mcwstairs:andesite_balcony	1966
mcwstairs:cobbled_deepslate_balcony	1967
mcwstairs:deepslate_brick_balcony	1968
mcwstairs:brick_balcony	1969
mcwstairs:mud_brick_balcony	1970
mcwstairs:sandstone_balcony	1971
mcwstairs:red_sandstone_balcony	1972
mcwstairs:prismarine_balcony	1973
mcwstairs:nether_brick_balcony	1974
mcwstairs:red_nether_brick_balcony	1975
mcwstairs:blackstone_balcony	1976
mcwstairs:quartz_balcony	1977
mcwstairs:oak_platform	1978
mcwstairs:spruce_platform	1979
mcwstairs:birch_platform	1980
mcwstairs:jungle_platform	1981
mcwstairs:acacia_platform	1982
mcwstairs:dark_oak_platform	1983
mcwstairs:crimson_platform	1984
mcwstairs:warped_platform	1985
mcwstairs:mangrove_platform	1986
mcwstairs:cherry_platform	1987
mcwstairs:cobblestone_platform	1988
mcwstairs:stone_brick_platform	1989
mcwstairs:mossy_cobblestone_platform	1990
mcwstairs:mossy_stone_brick_platform	1991
mcwstairs:granite_platform	1992
mcwstairs:diorite_platform	1993
mcwstairs:andesite_platform	1994
mcwstairs:cobbled_deepslate_platform	1995
mcwstairs:deepslate_brick_platform	1996
mcwstairs:brick_platform	1997
mcwstairs:mud_brick_platform	1998
mcwstairs:sandstone_platform	1999
mcwstairs:red_sandstone_platform	2000
mcwstairs:prismarine_platform	2001
mcwstairs:nether_brick_platform	2002
mcwstairs:red_nether_brick_platform	2003
mcwstairs:blackstone_platform	2004
mcwstairs:quartz_platform	2005
sophisticatedbackpacks:backpack	2006
sophisticatedbackpacks:copper_backpack	2007
sophisticatedbackpacks:iron_backpack	2008
sophisticatedbackpacks:gold_backpack	2009
sophisticatedbackpacks:diamond_backpack	2010
sophisticatedbackpacks:netherite_backpack	2011
sophisticatedbackpacks:pickup_upgrade	2012
sophisticatedbackpacks:advanced_pickup_upgrade	2013
sophisticatedbackpacks:filter_upgrade	2014
sophisticatedbackpacks:advanced_filter_upgrade	2015
sophisticatedbackpacks:magnet_upgrade	2016
sophisticatedbackpacks:advanced_magnet_upgrade	2017
sophisticatedbackpacks:feeding_upgrade	2018
sophisticatedbackpacks:advanced_feeding_upgrade	2019
sophisticatedbackpacks:compacting_upgrade	2020
sophisticatedbackpacks:advanced_compacting_upgrade	2021
sophisticatedbackpacks:void_upgrade	2022
sophisticatedbackpacks:advanced_void_upgrade	2023
sophisticatedbackpacks:restock_upgrade	2024
sophisticatedbackpacks:advanced_restock_upgrade	2025
sophisticatedbackpacks:deposit_upgrade	2026
sophisticatedbackpacks:advanced_deposit_upgrade	2027
sophisticatedbackpacks:refill_upgrade	2028
sophisticatedbackpacks:advanced_refill_upgrade	2029
sophisticatedbackpacks:inception_upgrade	2030
sophisticatedbackpacks:everlasting_upgrade	2031
sophisticatedbackpacks:smelting_upgrade	2032
sophisticatedbackpacks:auto_smelting_upgrade	2033
sophisticatedbackpacks:smoking_upgrade	2034
sophisticatedbackpacks:auto_smoking_upgrade	2035
sophisticatedbackpacks:blasting_upgrade	2036
sophisticatedbackpacks:auto_blasting_upgrade	2037
sophisticatedbackpacks:crafting_upgrade	2038
sophisticatedbackpacks:stonecutter_upgrade	2039
sophisticatedbackpacks:stack_upgrade_starter_tier	2040
sophisticatedbackpacks:stack_upgrade_tier_1	2041
sophisticatedbackpacks:stack_upgrade_tier_2	2042
sophisticatedbackpacks:stack_upgrade_tier_3	2043
sophisticatedbackpacks:stack_upgrade_tier_4	2044
sophisticatedbackpacks:stack_upgrade_starter_tier_to_tier_1_conversion	2045
sophisticatedbackpacks:stack_upgrade_starter_tier_to_tier_2_conversion	2046
sophisticatedbackpacks:stack_upgrade_starter_tier_to_tier_3_conversion	2047
sophisticatedbackpacks:stack_upgrade_starter_tier_to_tier_4_conversion	2048
sophisticatedbackpacks:stack_upgrade_tier_1_to_tier_2_conversion	2049
sophisticatedbackpacks:stack_upgrade_tier_1_to_tier_3_conversion	2050
sophisticatedbackpacks:stack_upgrade_tier_1_to_tier_4_conversion	2051
sophisticatedbackpacks:stack_upgrade_tier_2_to_tier_3_conversion	2052
sophisticatedbackpacks:stack_upgrade_tier_2_to_tier_4_conversion	2053
sophisticatedbackpacks:stack_upgrade_tier_3_to_tier_4_conversion	2054
sophisticatedbackpacks:stack_downgrade_tier_1	2055
sophisticatedbackpacks:stack_downgrade_tier_2	2056
sophisticatedbackpacks:stack_downgrade_tier_3	2057
sophisticatedbackpacks:stack_upgrade_omega_tier	2058
sophisticatedbackpacks:jukebox_upgrade	2059
sophisticatedbackpacks:advanced_jukebox_upgrade	2060
sophisticatedbackpacks:tool_swapper_upgrade	2061
sophisticatedbackpacks:advanced_tool_swapper_upgrade	2062
sophisticatedbackpacks:tank_upgrade	2063
sophisticatedbackpacks:battery_upgrade	2064
sophisticatedbackpacks:pump_upgrade	2065
sophisticatedbackpacks:advanced_pump_upgrade	2066
sophisticatedbackpacks:xp_pump_upgrade	2067
sophisticatedbackpacks:anvil_upgrade	2068
sophisticatedbackpacks:smithing_upgrade	2069
sophisticatedbackpacks:infinity_upgrade	2070
sophisticatedbackpacks:survival_infinity_upgrade	2071
sophisticatedbackpacks:alchemy_upgrade	2072
sophisticatedbackpacks:advanced_alchemy_upgrade	2073
sophisticatedbackpacks:mob_catcher_upgrade	2074
sophisticatedbackpacks:advanced_mob_catcher_upgrade	2075
sophisticatedbackpacks:upgrade_base	2076
mcwdoors:print_oak	2077
mcwdoors:print_spruce	2078
mcwdoors:print_birch	2079
mcwdoors:print_jungle	2080
mcwdoors:print_acacia	2081
mcwdoors:print_dark_oak	2082
mcwdoors:print_mystic	2083
mcwdoors:print_nether	2084
mcwdoors:print_swamp	2085
mcwdoors:print_bamboo	2086
mcwdoors:print_waffle	2087
mcwdoors:oak_japanese_door	2088
mcwdoors:spruce_japanese_door	2089
mcwdoors:birch_japanese_door	2090
mcwdoors:jungle_japanese_door	2091
mcwdoors:acacia_japanese_door	2092
mcwdoors:dark_oak_japanese_door	2093
mcwdoors:crimson_japanese_door	2094
mcwdoors:warped_japanese_door	2095
mcwdoors:mangrove_japanese_door	2096
mcwdoors:bamboo_japanese_door	2097
mcwdoors:oak_japanese2_door	2098
mcwdoors:spruce_japanese2_door	2099
mcwdoors:birch_japanese2_door	2100
mcwdoors:jungle_japanese2_door	2101
mcwdoors:acacia_japanese2_door	2102
mcwdoors:dark_oak_japanese2_door	2103
mcwdoors:crimson_japanese2_door	2104
mcwdoors:warped_japanese2_door	2105
mcwdoors:mangrove_japanese2_door	2106
mcwdoors:bamboo_japanese2_door	2107
mcwdoors:oak_barn_door	2108
mcwdoors:spruce_barn_door	2109
mcwdoors:birch_barn_door	2110
mcwdoors:jungle_barn_door	2111
mcwdoors:acacia_barn_door	2112
mcwdoors:dark_oak_barn_door	2113
mcwdoors:crimson_barn_door	2114
mcwdoors:warped_barn_door	2115
mcwdoors:mangrove_barn_door	2116
mcwdoors:bamboo_barn_door	2117
mcwdoors:oak_barn_glass_door	2118
mcwdoors:spruce_barn_glass_door	2119
mcwdoors:birch_barn_glass_door	2120
mcwdoors:jungle_barn_glass_door	2121
mcwdoors:acacia_barn_glass_door	2122
mcwdoors:dark_oak_barn_glass_door	2123
mcwdoors:crimson_barn_glass_door	2124
mcwdoors:warped_barn_glass_door	2125
mcwdoors:mangrove_barn_glass_door	2126
mcwdoors:bamboo_barn_glass_door	2127
mcwdoors:oak_modern_door	2128
mcwdoors:spruce_modern_door	2129
mcwdoors:birch_modern_door	2130
mcwdoors:jungle_modern_door	2131
mcwdoors:acacia_modern_door	2132
mcwdoors:dark_oak_modern_door	2133
mcwdoors:crimson_modern_door	2134
mcwdoors:warped_modern_door	2135
mcwdoors:mangrove_modern_door	2136
mcwdoors:bamboo_modern_door	2137
mcwdoors:oak_cottage_door	2138
mcwdoors:birch_cottage_door	2139
mcwdoors:jungle_cottage_door	2140
mcwdoors:acacia_cottage_door	2141
mcwdoors:dark_oak_cottage_door	2142
mcwdoors:crimson_cottage_door	2143
mcwdoors:warped_cottage_door	2144
mcwdoors:mangrove_cottage_door	2145
mcwdoors:bamboo_cottage_door	2146
mcwdoors:spruce_classic_door	2147
mcwdoors:birch_classic_door	2148
mcwdoors:jungle_classic_door	2149
mcwdoors:acacia_classic_door	2150
mcwdoors:dark_oak_classic_door	2151
mcwdoors:crimson_classic_door	2152
mcwdoors:warped_classic_door	2153
mcwdoors:mangrove_classic_door	2154
mcwdoors:bamboo_classic_door	2155
mcwdoors:oak_beach_door	2156
mcwdoors:spruce_beach_door	2157
mcwdoors:birch_beach_door	2158
mcwdoors:acacia_beach_door	2159
mcwdoors:dark_oak_beach_door	2160
mcwdoors:crimson_beach_door	2161
mcwdoors:warped_beach_door	2162
mcwdoors:mangrove_beach_door	2163
mcwdoors:bamboo_beach_door	2164
mcwdoors:oak_paper_door	2165
mcwdoors:spruce_paper_door	2166
mcwdoors:jungle_paper_door	2167
mcwdoors:acacia_paper_door	2168
mcwdoors:dark_oak_paper_door	2169
mcwdoors:crimson_paper_door	2170
mcwdoors:warped_paper_door	2171
mcwdoors:mangrove_paper_door	2172
mcwdoors:bamboo_paper_door	2173
mcwdoors:oak_four_panel_door	2174
mcwdoors:spruce_four_panel_door	2175
mcwdoors:birch_four_panel_door	2176
mcwdoors:jungle_four_panel_door	2177
mcwdoors:acacia_four_panel_door	2178
mcwdoors:crimson_four_panel_door	2179
mcwdoors:warped_four_panel_door	2180
mcwdoors:mangrove_four_panel_door	2181
mcwdoors:bamboo_four_panel_door	2182
mcwdoors:oak_tropical_door	2183
mcwdoors:spruce_tropical_door	2184
mcwdoors:birch_tropical_door	2185
mcwdoors:jungle_tropical_door	2186
mcwdoors:dark_oak_tropical_door	2187
mcwdoors:crimson_tropical_door	2188
mcwdoors:warped_tropical_door	2189
mcwdoors:mangrove_tropical_door	2190
mcwdoors:bamboo_tropical_door	2191
mcwdoors:metal_door	2192
mcwdoors:metal_warning_door	2193
mcwdoors:metal_hospital_door	2194
mcwdoors:metal_reinforced_door	2195
mcwdoors:metal_windowed_door	2196
mcwdoors:jail_door	2197
mcwdoors:oak_glass_door	2198
mcwdoors:spruce_glass_door	2199
mcwdoors:birch_glass_door	2200
mcwdoors:jungle_glass_door	2201
mcwdoors:acacia_glass_door	2202
mcwdoors:dark_oak_glass_door	2203
mcwdoors:crimson_glass_door	2204
mcwdoors:warped_glass_door	2205
mcwdoors:mangrove_glass_door	2206
mcwdoors:bamboo_glass_door	2207
mcwdoors:oak_stable_door	2208
mcwdoors:spruce_stable_door	2209
mcwdoors:birch_stable_door	2210
mcwdoors:jungle_stable_door	2211
mcwdoors:acacia_stable_door	2212
mcwdoors:dark_oak_stable_door	2213
mcwdoors:crimson_stable_door	2214
mcwdoors:warped_stable_door	2215
mcwdoors:mangrove_stable_door	2216
mcwdoors:bamboo_stable_door	2217
mcwdoors:oak_stable_head_door	2218
mcwdoors:spruce_stable_head_door	2219
mcwdoors:birch_stable_head_door	2220
mcwdoors:jungle_stable_head_door	2221
mcwdoors:acacia_stable_head_door	2222
mcwdoors:dark_oak_stable_head_door	2223
mcwdoors:crimson_stable_head_door	2224
mcwdoors:warped_stable_head_door	2225
mcwdoors:mangrove_stable_head_door	2226
mcwdoors:bamboo_stable_head_door	2227
mcwdoors:oak_western_door	2228
mcwdoors:spruce_western_door	2229
mcwdoors:birch_western_door	2230
mcwdoors:jungle_western_door	2231
mcwdoors:acacia_western_door	2232
mcwdoors:dark_oak_western_door	2233
mcwdoors:crimson_western_door	2234
mcwdoors:warped_western_door	2235
mcwdoors:mangrove_western_door	2236
mcwdoors:bamboo_western_door	2237
mcwdoors:oak_mystic_door	2238
mcwdoors:spruce_mystic_door	2239
mcwdoors:birch_mystic_door	2240
mcwdoors:jungle_mystic_door	2241
mcwdoors:acacia_mystic_door	2242
mcwdoors:dark_oak_mystic_door	2243
mcwdoors:crimson_mystic_door	2244
mcwdoors:mangrove_mystic_door	2245
mcwdoors:bamboo_mystic_door	2246
mcwdoors:oak_nether_door	2247
mcwdoors:spruce_nether_door	2248
mcwdoors:birch_nether_door	2249
mcwdoors:jungle_nether_door	2250
mcwdoors:acacia_nether_door	2251
mcwdoors:dark_oak_nether_door	2252
mcwdoors:warped_nether_door	2253
mcwdoors:mangrove_nether_door	2254
mcwdoors:bamboo_nether_door	2255
mcwdoors:oak_swamp_door	2256
mcwdoors:spruce_swamp_door	2257
mcwdoors:birch_swamp_door	2258
mcwdoors:jungle_swamp_door	2259
mcwdoors:acacia_swamp_door	2260
mcwdoors:dark_oak_swamp_door	2261
mcwdoors:crimson_swamp_door	2262
mcwdoors:warped_swamp_door	2263
mcwdoors:bamboo_swamp_door	2264
mcwdoors:oak_bamboo_door	2265
mcwdoors:spruce_bamboo_door	2266
mcwdoors:birch_bamboo_door	2267
mcwdoors:jungle_bamboo_door	2268
mcwdoors:acacia_bamboo_door	2269
mcwdoors:dark_oak_bamboo_door	2270
mcwdoors:crimson_bamboo_door	2271
mcwdoors:warped_bamboo_door	2272
mcwdoors:mangrove_bamboo_door	2273
mcwdoors:oak_bark_glass_door	2274
mcwdoors:spruce_bark_glass_door	2275
mcwdoors:birch_bark_glass_door	2276
mcwdoors:jungle_bark_glass_door	2277
mcwdoors:acacia_bark_glass_door	2278
mcwdoors:dark_oak_bark_glass_door	2279
mcwdoors:crimson_stem_glass_door	2280
mcwdoors:warped_stem_glass_door	2281
mcwdoors:mangrove_bark_glass_door	2282
mcwdoors:bamboo_bark_glass_door	2283
mcwdoors:garage_white_door	2284
mcwdoors:garage_silver_door	2285
mcwdoors:garage_gray_door	2286
mcwdoors:garage_black_door	2287
mcwdoors:wooden_portcullis	2288
mcwdoors:iron_portcullis	2289
mcwdoors:store_door	2290
mcwdoors:sliding_glass_door	2291
mcwdoors:oak_waffle_door	2292
mcwdoors:spruce_waffle_door	2293
mcwdoors:birch_waffle_door	2294
mcwdoors:jungle_waffle_door	2295
mcwdoors:acacia_waffle_door	2296
mcwdoors:dark_oak_waffle_door	2297
mcwdoors:crimson_waffle_door	2298
mcwdoors:warped_waffle_door	2299
mcwdoors:bamboo_waffle_door	2300
mcwdoors:mangrove_waffle_door	2301
mcwdoors:cherry_japanese_door	2302
mcwdoors:cherry_japanese2_door	2303
mcwdoors:cherry_barn_door	2304
mcwdoors:cherry_barn_glass_door	2305
mcwdoors:cherry_modern_door	2306
mcwdoors:cherry_cottage_door	2307
mcwdoors:cherry_classic_door	2308
mcwdoors:cherry_beach_door	2309
mcwdoors:cherry_paper_door	2310
mcwdoors:cherry_four_panel_door	2311
mcwdoors:cherry_tropical_door	2312
mcwdoors:cherry_glass_door	2313
mcwdoors:cherry_stable_door	2314
mcwdoors:cherry_stable_head_door	2315
mcwdoors:cherry_western_door	2316
mcwdoors:cherry_mystic_door	2317
mcwdoors:cherry_nether_door	2318
mcwdoors:cherry_swamp_door	2319
mcwdoors:cherry_bamboo_door	2320
mcwdoors:cherry_bark_glass_door	2321
mcwdoors:print_whispering	2322
mcwdoors:oak_whispering_door	2323
mcwdoors:spruce_whispering_door	2324
mcwdoors:birch_whispering_door	2325
mcwdoors:jungle_whispering_door	2326
mcwdoors:acacia_whispering_door	2327
mcwdoors:dark_oak_whispering_door	2328
mcwdoors:crimson_whispering_door	2329
mcwdoors:warped_whispering_door	2330
mcwdoors:bamboo_whispering_door	2331
mcwdoors:mangrove_whispering_door	2332
mcwdoors:cherry_whispering_door	2333
mcwpaths:oak_planks_path	2334
mcwpaths:birch_planks_path	2335
mcwpaths:spruce_planks_path	2336
mcwpaths:jungle_planks_path	2337
mcwpaths:acacia_planks_path	2338
mcwpaths:dark_oak_planks_path	2339
mcwpaths:crimson_planks_path	2340
mcwpaths:warped_planks_path	2341
mcwpaths:mangrove_planks_path	2342
mcwpaths:andesite_diamond_paving	2343
mcwpaths:andesite_basket_weave_paving	2344
mcwpaths:andesite_square_paving	2345
mcwpaths:andesite_honeycomb_paving	2346
mcwpaths:andesite_clover_paving	2347
mcwpaths:andesite_dumble_paving	2348
mcwpaths:diorite_diamond_paving	2349
mcwpaths:diorite_basket_weave_paving	2350
mcwpaths:diorite_square_paving	2351
mcwpaths:diorite_honeycomb_paving	2352
mcwpaths:diorite_clover_paving	2353
mcwpaths:diorite_dumble_paving	2354
mcwpaths:granite_diamond_paving	2355
mcwpaths:granite_basket_weave_paving	2356
mcwpaths:granite_square_paving	2357
mcwpaths:granite_honeycomb_paving	2358
mcwpaths:granite_clover_paving	2359
mcwpaths:granite_dumble_paving	2360
mcwpaths:sandstone_diamond_paving	2361
mcwpaths:sandstone_basket_weave_paving	2362
mcwpaths:sandstone_square_paving	2363
mcwpaths:sandstone_honeycomb_paving	2364
mcwpaths:sandstone_clover_paving	2365
mcwpaths:sandstone_dumble_paving	2366
mcwpaths:red_sandstone_diamond_paving	2367
mcwpaths:red_sandstone_basket_weave_paving	2368
mcwpaths:red_sandstone_square_paving	2369
mcwpaths:red_sandstone_honeycomb_paving	2370
mcwpaths:red_sandstone_clover_paving	2371
mcwpaths:red_sandstone_dumble_paving	2372
mcwpaths:brick_diamond_paving	2373
mcwpaths:brick_basket_weave_paving	2374
mcwpaths:brick_square_paving	2375
mcwpaths:brick_honeycomb_paving	2376
mcwpaths:brick_clover_paving	2377
mcwpaths:brick_dumble_paving	2378
mcwpaths:cobblestone_diamond_paving	2379
mcwpaths:cobblestone_basket_weave_paving	2380
mcwpaths:cobblestone_square_paving	2381
mcwpaths:cobblestone_honeycomb_paving	2382
mcwpaths:cobblestone_clover_paving	2383
mcwpaths:cobblestone_dumble_paving	2384
mcwpaths:mossy_cobblestone_diamond_paving	2385
mcwpaths:mossy_cobblestone_basket_weave_paving	2386
mcwpaths:mossy_cobblestone_square_paving	2387
mcwpaths:mossy_cobblestone_honeycomb_paving	2388
mcwpaths:mossy_cobblestone_clover_paving	2389
mcwpaths:mossy_cobblestone_dumble_paving	2390
mcwpaths:cobbled_deepslate_diamond_paving	2391
mcwpaths:cobbled_deepslate_basket_weave_paving	2392
mcwpaths:cobbled_deepslate_square_paving	2393
mcwpaths:cobbled_deepslate_honeycomb_paving	2394
mcwpaths:cobbled_deepslate_clover_paving	2395
mcwpaths:cobbled_deepslate_dumble_paving	2396
mcwpaths:deepslate_diamond_paving	2397
mcwpaths:deepslate_basket_weave_paving	2398
mcwpaths:deepslate_square_paving	2399
mcwpaths:deepslate_honeycomb_paving	2400
mcwpaths:deepslate_clover_paving	2401
mcwpaths:deepslate_dumble_paving	2402
mcwpaths:mud_brick_diamond_paving	2403
mcwpaths:mud_brick_basket_weave_paving	2404
mcwpaths:mud_brick_square_paving	2405
mcwpaths:mud_brick_honeycomb_paving	2406
mcwpaths:mud_brick_clover_paving	2407
mcwpaths:mud_brick_dumble_paving	2408
mcwpaths:blackstone_diamond_paving	2409
mcwpaths:blackstone_basket_weave_paving	2410
mcwpaths:blackstone_square_paving	2411
mcwpaths:blackstone_honeycomb_paving	2412
mcwpaths:blackstone_clover_paving	2413
mcwpaths:blackstone_dumble_paving	2414
mcwpaths:dark_prismarine_diamond_paving	2415
mcwpaths:dark_prismarine_basket_weave_paving	2416
mcwpaths:dark_prismarine_square_paving	2417
mcwpaths:dark_prismarine_honeycomb_paving	2418
mcwpaths:dark_prismarine_clover_paving	2419
mcwpaths:dark_prismarine_dumble_paving	2420
mcwpaths:andesite_running_bond_path	2421
mcwpaths:andesite_running_bond_slab	2422
mcwpaths:andesite_running_bond	2423
mcwpaths:diorite_running_bond_path	2424
mcwpaths:diorite_running_bond_slab	2425
mcwpaths:diorite_running_bond	2426
mcwpaths:granite_running_bond_path	2427
mcwpaths:granite_running_bond_slab	2428
mcwpaths:granite_running_bond	2429
mcwpaths:sandstone_running_bond_path	2430
mcwpaths:sandstone_running_bond_slab	2431
mcwpaths:sandstone_running_bond	2432
mcwpaths:red_sandstone_running_bond_path	2433
mcwpaths:red_sandstone_running_bond_slab	2434
mcwpaths:red_sandstone_running_bond	2435
mcwpaths:brick_running_bond_path	2436
mcwpaths:brick_running_bond_slab	2437
mcwpaths:brick_running_bond	2438
mcwpaths:stone_running_bond_path	2439
mcwpaths:stone_running_bond_slab	2440
mcwpaths:stone_running_bond	2441
mcwpaths:mossy_stone_running_bond_path	2442
mcwpaths:mossy_stone_running_bond_slab	2443
mcwpaths:mossy_stone_running_bond	2444
mcwpaths:cobbled_deepslate_running_bond_path	2445
mcwpaths:cobbled_deepslate_running_bond_slab	2446
mcwpaths:cobbled_deepslate_running_bond	2447
mcwpaths:deepslate_running_bond_path	2448
mcwpaths:deepslate_running_bond_slab	2449
mcwpaths:deepslate_running_bond	2450
mcwpaths:mud_brick_running_bond_path	2451
mcwpaths:mud_brick_running_bond_slab	2452
mcwpaths:mud_brick_running_bond	2453
mcwpaths:blackstone_running_bond_path	2454
mcwpaths:blackstone_running_bond_slab	2455
mcwpaths:blackstone_running_bond	2456
mcwpaths:dark_prismarine_running_bond_path	2457
mcwpaths:dark_prismarine_running_bond_slab	2458
mcwpaths:dark_prismarine_running_bond	2459
mcwpaths:cherry_planks_path	2460
mcwpaths:bamboo_planks_path	2461
mcwpaths:andesite_strewn_rocky_path	2462
mcwpaths:diorite_strewn_rocky_path	2463
mcwpaths:granite_strewn_rocky_path	2464
mcwpaths:sandstone_strewn_rocky_path	2465
mcwpaths:red_sandstone_strewn_rocky_path	2466
mcwpaths:brick_strewn_rocky_path	2467
mcwpaths:stone_strewn_rocky_path	2468
mcwpaths:mossy_stone_strewn_rocky_path	2469
mcwpaths:cobbled_deepslate_strewn_rocky_path	2470
mcwpaths:deepslate_strewn_rocky_path	2471
mcwpaths:mud_brick_strewn_rocky_path	2472
mcwpaths:blackstone_strewn_rocky_path	2473
mcwpaths:dark_prismarine_strewn_rocky_path	2474
mcwpaths:andesite_windmill_weave_path	2475
mcwpaths:andesite_windmill_weave_slab	2476
mcwpaths:andesite_windmill_weave	2477
mcwpaths:diorite_windmill_weave_path	2478
mcwpaths:diorite_windmill_weave_slab	2479
mcwpaths:diorite_windmill_weave	2480
mcwpaths:granite_windmill_weave_path	2481
mcwpaths:granite_windmill_weave_slab	2482
mcwpaths:granite_windmill_weave	2483
mcwpaths:sandstone_windmill_weave_path	2484
mcwpaths:sandstone_windmill_weave_slab	2485
mcwpaths:sandstone_windmill_weave	2486
mcwpaths:red_sandstone_windmill_weave_path	2487
mcwpaths:red_sandstone_windmill_weave_slab	2488
mcwpaths:red_sandstone_windmill_weave	2489
mcwpaths:brick_windmill_weave_path	2490
mcwpaths:brick_windmill_weave_slab	2491
mcwpaths:brick_windmill_weave	2492
mcwpaths:stone_windmill_weave_path	2493
mcwpaths:stone_windmill_weave_slab	2494
mcwpaths:stone_windmill_weave	2495
mcwpaths:mossy_stone_windmill_weave_path	2496
mcwpaths:mossy_stone_windmill_weave_slab	2497
mcwpaths:mossy_stone_windmill_weave	2498
mcwpaths:cobbled_deepslate_windmill_weave_path	2499
mcwpaths:cobbled_deepslate_windmill_weave_slab	2500
mcwpaths:cobbled_deepslate_windmill_weave	2501
mcwpaths:deepslate_windmill_weave_path	2502
mcwpaths:deepslate_windmill_weave_slab	2503
mcwpaths:deepslate_windmill_weave	2504
mcwpaths:mud_brick_windmill_weave_path	2505
mcwpaths:mud_brick_windmill_weave_slab	2506
mcwpaths:mud_brick_windmill_weave	2507
mcwpaths:blackstone_windmill_weave_path	2508
mcwpaths:blackstone_windmill_weave_slab	2509
mcwpaths:blackstone_windmill_weave	2510
mcwpaths:dark_prismarine_windmill_weave_path	2511
mcwpaths:dark_prismarine_windmill_weave_slab	2512
mcwpaths:dark_prismarine_windmill_weave	2513
mcwpaths:andesite_flagstone_path	2514
mcwpaths:andesite_flagstone_slab	2515
mcwpaths:andesite_flagstone	2516
mcwpaths:diorite_flagstone_path	2517
mcwpaths:diorite_flagstone_slab	2518
mcwpaths:diorite_flagstone	2519
mcwpaths:granite_flagstone_path	2520
mcwpaths:granite_flagstone_slab	2521
mcwpaths:granite_flagstone	2522
mcwpaths:sandstone_flagstone_path	2523
mcwpaths:sandstone_flagstone_slab	2524
mcwpaths:sandstone_flagstone	2525
mcwpaths:red_sandstone_flagstone_path	2526
mcwpaths:red_sandstone_flagstone_slab	2527
mcwpaths:red_sandstone_flagstone	2528
mcwpaths:brick_flagstone_path	2529
mcwpaths:brick_flagstone_slab	2530
mcwpaths:brick_flagstone	2531
mcwpaths:stone_flagstone_path	2532
mcwpaths:stone_flagstone_slab	2533
mcwpaths:stone_flagstone	2534
mcwpaths:mossy_stone_flagstone_path	2535
mcwpaths:mossy_stone_flagstone_slab	2536
mcwpaths:mossy_stone_flagstone	2537
mcwpaths:cobbled_deepslate_flagstone_path	2538
mcwpaths:cobbled_deepslate_flagstone_slab	2539
mcwpaths:cobbled_deepslate_flagstone	2540
mcwpaths:deepslate_flagstone_path	2541
mcwpaths:deepslate_flagstone_slab	2542
mcwpaths:deepslate_flagstone	2543
mcwpaths:mud_brick_flagstone_path	2544
mcwpaths:mud_brick_flagstone_slab	2545
mcwpaths:mud_brick_flagstone	2546
mcwpaths:blackstone_flagstone_path	2547
mcwpaths:blackstone_flagstone_slab	2548
mcwpaths:blackstone_flagstone	2549
mcwpaths:dark_prismarine_flagstone_path	2550
mcwpaths:dark_prismarine_flagstone_slab	2551
mcwpaths:dark_prismarine_flagstone	2552
mcwpaths:andesite_crystal_floor_path	2553
mcwpaths:andesite_crystal_floor_slab	2554
mcwpaths:andesite_crystal_floor	2555
mcwpaths:diorite_crystal_floor_path	2556
mcwpaths:diorite_crystal_floor_slab	2557
mcwpaths:diorite_crystal_floor	2558
mcwpaths:granite_crystal_floor_path	2559
mcwpaths:granite_crystal_floor_slab	2560
mcwpaths:granite_crystal_floor	2561
mcwpaths:sandstone_crystal_floor_path	2562
mcwpaths:sandstone_crystal_floor_slab	2563
mcwpaths:sandstone_crystal_floor	2564
mcwpaths:red_sandstone_crystal_floor_path	2565
mcwpaths:red_sandstone_crystal_floor_slab	2566
mcwpaths:red_sandstone_crystal_floor	2567
mcwpaths:brick_crystal_floor_path	2568
mcwpaths:brick_crystal_floor_slab	2569
mcwpaths:brick_crystal_floor	2570
mcwpaths:stone_crystal_floor_path	2571
mcwpaths:stone_crystal_floor_slab	2572
mcwpaths:stone_crystal_floor	2573
mcwpaths:mossy_stone_crystal_floor_path	2574
mcwpaths:mossy_stone_crystal_floor_slab	2575
mcwpaths:mossy_stone_crystal_floor	2576
mcwpaths:cobbled_deepslate_crystal_floor_path	2577
mcwpaths:cobbled_deepslate_crystal_floor_slab	2578
mcwpaths:cobbled_deepslate_crystal_floor	2579
mcwpaths:deepslate_crystal_floor_path	2580
mcwpaths:deepslate_crystal_floor_slab	2581
mcwpaths:deepslate_crystal_floor	2582
mcwpaths:mud_brick_crystal_floor_path	2583
mcwpaths:mud_brick_crystal_floor_slab	2584
mcwpaths:mud_brick_crystal_floor	2585
mcwpaths:blackstone_crystal_floor_path	2586
mcwpaths:blackstone_crystal_floor_slab	2587
mcwpaths:blackstone_crystal_floor	2588
mcwpaths:dark_prismarine_crystal_floor_path	2589
mcwpaths:dark_prismarine_crystal_floor_slab	2590
mcwpaths:dark_prismarine_crystal_floor	2591
mcwpaths:podzol_path_block	2592
mcwpaths:dirt_path_block	2593
mcwpaths:gravel_path_block	2594
mcwpaths:sand_path_block	2595
mcwpaths:red_sand_path_block	2596
mcwpaths:andesite_running_bond_stairs	2597
mcwpaths:diorite_running_bond_stairs	2598
mcwpaths:granite_running_bond_stairs	2599
mcwpaths:sandstone_running_bond_stairs	2600
mcwpaths:red_sandstone_running_bond_stairs	2601
mcwpaths:brick_running_bond_stairs	2602
mcwpaths:stone_running_bond_stairs	2603
mcwpaths:mossy_stone_running_bond_stairs	2604
mcwpaths:cobbled_deepslate_running_bond_stairs	2605
mcwpaths:deepslate_running_bond_stairs	2606
mcwpaths:mud_brick_running_bond_stairs	2607
mcwpaths:blackstone_running_bond_stairs	2608
mcwpaths:dark_prismarine_running_bond_stairs	2609
mcwpaths:andesite_windmill_weave_stairs	2610
mcwpaths:diorite_windmill_weave_stairs	2611
mcwpaths:granite_windmill_weave_stairs	2612
mcwpaths:sandstone_windmill_weave_stairs	2613
mcwpaths:red_sandstone_windmill_weave_stairs	2614
mcwpaths:brick_windmill_weave_stairs	2615
mcwpaths:stone_windmill_weave_stairs	2616
mcwpaths:mossy_stone_windmill_weave_stairs	2617
mcwpaths:cobbled_deepslate_windmill_weave_stairs	2618
mcwpaths:deepslate_windmill_weave_stairs	2619
mcwpaths:mud_brick_windmill_weave_stairs	2620
mcwpaths:blackstone_windmill_weave_stairs	2621
mcwpaths:dark_prismarine_windmill_weave_stairs	2622
mcwpaths:andesite_flagstone_stairs	2623
mcwpaths:diorite_flagstone_stairs	2624
mcwpaths:granite_flagstone_stairs	2625
mcwpaths:sandstone_flagstone_stairs	2626
mcwpaths:red_sandstone_flagstone_stairs	2627
mcwpaths:brick_flagstone_stairs	2628
mcwpaths:stone_flagstone_stairs	2629
mcwpaths:mossy_stone_flagstone_stairs	2630
mcwpaths:cobbled_deepslate_flagstone_stairs	2631
mcwpaths:deepslate_flagstone_stairs	2632
mcwpaths:mud_brick_flagstone_stairs	2633
mcwpaths:blackstone_flagstone_stairs	2634
mcwpaths:dark_prismarine_flagstone_stairs	2635
mcwpaths:andesite_crystal_floor_stairs	2636
mcwpaths:diorite_crystal_floor_stairs	2637
mcwpaths:granite_crystal_floor_stairs	2638
mcwpaths:sandstone_crystal_floor_stairs	2639
mcwpaths:red_sandstone_crystal_floor_stairs	2640
mcwpaths:brick_crystal_floor_stairs	2641
mcwpaths:stone_crystal_floor_stairs	2642
mcwpaths:mossy_stone_crystal_floor_stairs	2643
mcwpaths:cobbled_deepslate_crystal_floor_stairs	2644
mcwpaths:deepslate_crystal_floor_stairs	2645
mcwpaths:mud_brick_crystal_floor_stairs	2646
mcwpaths:blackstone_crystal_floor_stairs	2647
mcwpaths:dark_prismarine_crystal_floor_stairs	2648
mcwbridges:pliers	2649
mcwbridges:iron_bridge	2650
mcwbridges:oak_log_bridge_middle	2651
mcwbridges:birch_log_bridge_middle	2652
mcwbridges:acacia_log_bridge_middle	2653
mcwbridges:spruce_log_bridge_middle	2654
mcwbridges:jungle_log_bridge_middle	2655
mcwbridges:dark_oak_log_bridge_middle	2656
mcwbridges:crimson_log_bridge_middle	2657
mcwbridges:warped_log_bridge_middle	2658
mcwbridges:mangrove_log_bridge_middle	2659
mcwbridges:rope_oak_bridge	2660
mcwbridges:rope_birch_bridge	2661
mcwbridges:rope_spruce_bridge	2662
mcwbridges:rope_jungle_bridge	2663
mcwbridges:rope_acacia_bridge	2664
mcwbridges:rope_dark_oak_bridge	2665
mcwbridges:rope_crimson_bridge	2666
mcwbridges:rope_warped_bridge	2667
mcwbridges:rope_mangrove_bridge	2668
mcwbridges:brick_bridge	2669
mcwbridges:sandstone_bridge	2670
mcwbridges:stone_brick_bridge	2671
mcwbridges:orange_sandstone_bridge	2672
mcwbridges:blackstone_bridge	2673
mcwbridges:mossy_stone_brick_bridge	2674
mcwbridges:deepslate_brick_bridge	2675
mcwbridges:deepslate_tile_bridge	2676
mcwbridges:mud_brick_bridge	2677
mcwbridges:oak_rail_bridge	2678
mcwbridges:spruce_rail_bridge	2679
mcwbridges:birch_rail_bridge	2680
mcwbridges:jungle_rail_bridge	2681
mcwbridges:acacia_rail_bridge	2682
mcwbridges:dark_oak_rail_bridge	2683
mcwbridges:crimson_rail_bridge	2684
mcwbridges:warped_rail_bridge	2685
mcwbridges:mangrove_rail_bridge	2686
mcwbridges:bamboo_bridge	2687
mcwbridges:dry_bamboo_bridge	2688
mcwbridges:iron_bridge_pier	2689
mcwbridges:oak_bridge_pier	2690
mcwbridges:spruce_bridge_pier	2691
mcwbridges:birch_bridge_pier	2692
mcwbridges:jungle_bridge_pier	2693
mcwbridges:acacia_bridge_pier	2694
mcwbridges:dark_oak_bridge_pier	2695
mcwbridges:crimson_bridge_pier	2696
mcwbridges:warped_bridge_pier	2697
mcwbridges:mangrove_bridge_pier	2698
mcwbridges:brick_bridge_pier	2699
mcwbridges:sandstone_bridge_pier	2700
mcwbridges:stone_bridge_pier	2701
mcwbridges:red_sandstone_bridge_pier	2702
mcwbridges:blackstone_bridge_pier	2703
mcwbridges:mossy_stone_bridge_pier	2704
mcwbridges:deepslate_brick_bridge_pier	2705
mcwbridges:deepslate_tile_bridge_pier	2706
mcwbridges:mud_brick_bridge_pier	2707
mcwbridges:bamboo_bridge_pier	2708
mcwbridges:dry_bamboo_bridge_pier	2709
mcwbridges:iron_bridge_stair	2710
mcwbridges:oak_log_bridge_stair	2711
mcwbridges:spruce_log_bridge_stair	2712
mcwbridges:birch_log_bridge_stair	2713
mcwbridges:jungle_log_bridge_stair	2714
mcwbridges:acacia_log_bridge_stair	2715
mcwbridges:dark_oak_log_bridge_stair	2716
mcwbridges:crimson_log_bridge_stair	2717
mcwbridges:warped_log_bridge_stair	2718
mcwbridges:mangrove_log_bridge_stair	2719
mcwbridges:oak_rope_bridge_stair	2720
mcwbridges:spruce_rope_bridge_stair	2721
mcwbridges:birch_rope_bridge_stair	2722
mcwbridges:jungle_rope_bridge_stair	2723
mcwbridges:acacia_rope_bridge_stair	2724
mcwbridges:dark_oak_rope_bridge_stair	2725
mcwbridges:crimson_rope_bridge_stair	2726
mcwbridges:warped_rope_bridge_stair	2727
mcwbridges:mangrove_rope_bridge_stair	2728
mcwbridges:stone_brick_bridge_stair	2729
mcwbridges:sandstone_bridge_stair	2730
mcwbridges:brick_bridge_stair	2731
mcwbridges:red_sandstone_bridge_stair	2732
mcwbridges:blackstone_bridge_stair	2733
mcwbridges:mossy_stone_bridge_stair	2734
mcwbridges:deepslate_brick_bridge_stair	2735
mcwbridges:deepslate_tile_bridge_stair	2736
mcwbridges:mud_brick_bridge_stair	2737
mcwbridges:bamboo_bridge_stair	2738
mcwbridges:dry_bamboo_bridge_stair	2739
mcwbridges:cherry_log_bridge_middle	2740
mcwbridges:rope_cherry_bridge	2741
mcwbridges:cherry_rail_bridge	2742
mcwbridges:cherry_bridge_pier	2743
mcwbridges:cherry_log_bridge_stair	2744
mcwbridges:cherry_rope_bridge_stair	2745
mcwbridges:bridge_torch	2746
mcwbridges:bridge_lantern	2747
mcwbridges:asian_red_bridge	2748
mcwbridges:glass_bridge	2749
mcwbridges:cobblestone_bridge	2750
mcwbridges:mossy_cobblestone_bridge	2751
mcwbridges:andesite_bridge	2752
mcwbridges:granite_bridge	2753
mcwbridges:diorite_bridge	2754
mcwbridges:prismarine_bricks_bridge	2755
mcwbridges:nether_bricks_bridge	2756
mcwbridges:end_stone_bricks_bridge	2757
mcwbridges:cobblestone_bridge_pier	2758
mcwbridges:mossy_cobblestone_bridge_pier	2759
mcwbridges:andesite_bridge_pier	2760
mcwbridges:granite_bridge_pier	2761
mcwbridges:diorite_bridge_pier	2762
mcwbridges:prismarine_bricks_bridge_pier	2763
mcwbridges:nether_bricks_bridge_pier	2764
mcwbridges:end_stone_bricks_bridge_pier	2765
mcwbridges:cobblestone_bridge_stair	2766
mcwbridges:mossy_cobblestone_bridge_stair	2767
mcwbridges:andesite_bridge_stair	2768
mcwbridges:granite_bridge_stair	2769
mcwbridges:diorite_bridge_stair	2770
mcwbridges:prismarine_bricks_bridge_stair	2771
mcwbridges:nether_bricks_bridge_stair	2772
mcwbridges:end_stone_bricks_bridge_stair	2773
mcwbridges:balustrade_stone_bricks_bridge	2774
mcwbridges:balustrade_sandstone_bridge	2775
mcwbridges:balustrade_bricks_bridge	2776
mcwbridges:balustrade_orange_sandstone_bridge	2777
mcwbridges:balustrade_blackstone_bridge	2778
mcwbridges:balustrade_mossy_stone_bricks_bridge	2779
mcwbridges:balustrade_deepslate_bricks_bridge	2780
mcwbridges:balustrade_deepslate_tiles_bridge	2781
mcwbridges:balustrade_mud_bricks_bridge	2782
mcwbridges:balustrade_cobblestone_bridge	2783
mcwbridges:balustrade_mossy_cobblestone_bridge	2784
mcwbridges:balustrade_andesite_bridge	2785
mcwbridges:balustrade_granite_bridge	2786
mcwbridges:balustrade_diorite_bridge	2787
mcwbridges:balustrade_prismarine_bricks_bridge	2788
mcwbridges:balustrade_nether_bricks_bridge	2789
mcwbridges:balustrade_end_stone_bricks_bridge	2790
mcwbridges:asian_red_bridge_pier	2791
mcwbridges:glass_bridge_pier	2792
mcwbridges:asian_red_bridge_stair	2793
mcwbridges:glass_bridge_stair	2794
mcwtrpdoors:print_classic	2795
mcwtrpdoors:print_cottage	2796
mcwtrpdoors:print_paper	2797
mcwtrpdoors:print_beach	2798
mcwtrpdoors:print_tropical	2799
mcwtrpdoors:print_four_panel	2800
mcwtrpdoors:print_barred	2801
mcwtrpdoors:print_mystic	2802
mcwtrpdoors:print_swamp	2803
mcwtrpdoors:print_bamboo	2804
mcwtrpdoors:oak_barn_trapdoor	2805
mcwtrpdoors:oak_barred_trapdoor	2806
mcwtrpdoors:oak_beach_trapdoor	2807
mcwtrpdoors:oak_cottage_trapdoor	2808
mcwtrpdoors:oak_four_panel_trapdoor	2809
mcwtrpdoors:oak_glass_trapdoor	2810
mcwtrpdoors:oak_mystic_trapdoor	2811
mcwtrpdoors:oak_paper_trapdoor	2812
mcwtrpdoors:oak_tropical_trapdoor	2813
mcwtrpdoors:oak_swamp_trapdoor	2814
mcwtrpdoors:oak_bamboo_trapdoor	2815
mcwtrpdoors:spruce_barn_trapdoor	2816
mcwtrpdoors:spruce_barred_trapdoor	2817
mcwtrpdoors:spruce_beach_trapdoor	2818
mcwtrpdoors:spruce_classic_trapdoor	2819
mcwtrpdoors:spruce_four_panel_trapdoor	2820
mcwtrpdoors:spruce_glass_trapdoor	2821
mcwtrpdoors:spruce_mystic_trapdoor	2822
mcwtrpdoors:spruce_paper_trapdoor	2823
mcwtrpdoors:spruce_tropical_trapdoor	2824
mcwtrpdoors:spruce_swamp_trapdoor	2825
mcwtrpdoors:spruce_bamboo_trapdoor	2826
mcwtrpdoors:birch_barn_trapdoor	2827
mcwtrpdoors:birch_barred_trapdoor	2828
mcwtrpdoors:birch_beach_trapdoor	2829
mcwtrpdoors:birch_classic_trapdoor	2830
mcwtrpdoors:birch_cottage_trapdoor	2831
mcwtrpdoors:birch_four_panel_trapdoor	2832
mcwtrpdoors:birch_glass_trapdoor	2833
mcwtrpdoors:birch_mystic_trapdoor	2834
mcwtrpdoors:birch_tropical_trapdoor	2835
mcwtrpdoors:birch_swamp_trapdoor	2836
mcwtrpdoors:birch_bamboo_trapdoor	2837
mcwtrpdoors:jungle_barn_trapdoor	2838
mcwtrpdoors:jungle_barred_trapdoor	2839
mcwtrpdoors:jungle_classic_trapdoor	2840
mcwtrpdoors:jungle_cottage_trapdoor	2841
mcwtrpdoors:jungle_four_panel_trapdoor	2842
mcwtrpdoors:jungle_glass_trapdoor	2843
mcwtrpdoors:jungle_mystic_trapdoor	2844
mcwtrpdoors:jungle_paper_trapdoor	2845
mcwtrpdoors:jungle_tropical_trapdoor	2846
mcwtrpdoors:jungle_swamp_trapdoor	2847
mcwtrpdoors:jungle_bamboo_trapdoor	2848
mcwtrpdoors:acacia_barn_trapdoor	2849
mcwtrpdoors:acacia_barred_trapdoor	2850
mcwtrpdoors:acacia_beach_trapdoor	2851
mcwtrpdoors:acacia_classic_trapdoor	2852
mcwtrpdoors:acacia_cottage_trapdoor	2853
mcwtrpdoors:acacia_four_panel_trapdoor	2854
mcwtrpdoors:acacia_glass_trapdoor	2855
mcwtrpdoors:acacia_mystic_trapdoor	2856
mcwtrpdoors:acacia_paper_trapdoor	2857
mcwtrpdoors:acacia_swamp_trapdoor	2858
mcwtrpdoors:acacia_bamboo_trapdoor	2859
mcwtrpdoors:dark_oak_barn_trapdoor	2860
mcwtrpdoors:dark_oak_barred_trapdoor	2861
mcwtrpdoors:dark_oak_beach_trapdoor	2862
mcwtrpdoors:dark_oak_classic_trapdoor	2863
mcwtrpdoors:dark_oak_cottage_trapdoor	2864
mcwtrpdoors:dark_oak_glass_trapdoor	2865
mcwtrpdoors:dark_oak_mystic_trapdoor	2866
mcwtrpdoors:dark_oak_paper_trapdoor	2867
mcwtrpdoors:dark_oak_tropical_trapdoor	2868
mcwtrpdoors:dark_oak_swamp_trapdoor	2869
mcwtrpdoors:dark_oak_bamboo_trapdoor	2870
mcwtrpdoors:crimson_barn_trapdoor	2871
mcwtrpdoors:crimson_beach_trapdoor	2872
mcwtrpdoors:crimson_classic_trapdoor	2873
mcwtrpdoors:crimson_cottage_trapdoor	2874
mcwtrpdoors:crimson_four_panel_trapdoor	2875
mcwtrpdoors:crimson_glass_trapdoor	2876
mcwtrpdoors:crimson_mystic_trapdoor	2877
mcwtrpdoors:crimson_paper_trapdoor	2878
mcwtrpdoors:crimson_tropical_trapdoor	2879
mcwtrpdoors:crimson_swamp_trapdoor	2880
mcwtrpdoors:crimson_bamboo_trapdoor	2881
mcwtrpdoors:warped_barn_trapdoor	2882
mcwtrpdoors:warped_barred_trapdoor	2883
mcwtrpdoors:warped_beach_trapdoor	2884
mcwtrpdoors:warped_classic_trapdoor	2885
mcwtrpdoors:warped_cottage_trapdoor	2886
mcwtrpdoors:warped_four_panel_trapdoor	2887
mcwtrpdoors:warped_glass_trapdoor	2888
mcwtrpdoors:warped_paper_trapdoor	2889
mcwtrpdoors:warped_tropical_trapdoor	2890
mcwtrpdoors:warped_swamp_trapdoor	2891
mcwtrpdoors:warped_bamboo_trapdoor	2892
mcwtrpdoors:mangrove_barn_trapdoor	2893
mcwtrpdoors:mangrove_barred_trapdoor	2894
mcwtrpdoors:mangrove_beach_trapdoor	2895
mcwtrpdoors:mangrove_classic_trapdoor	2896
mcwtrpdoors:mangrove_cottage_trapdoor	2897
mcwtrpdoors:mangrove_four_panel_trapdoor	2898
mcwtrpdoors:mangrove_glass_trapdoor	2899
mcwtrpdoors:mangrove_paper_trapdoor	2900
mcwtrpdoors:mangrove_tropical_trapdoor	2901
mcwtrpdoors:mangrove_mystic_trapdoor	2902
mcwtrpdoors:mangrove_bamboo_trapdoor	2903
mcwtrpdoors:oak_bark_trapdoor	2904
mcwtrpdoors:spruce_bark_trapdoor	2905
mcwtrpdoors:birch_bark_trapdoor	2906
mcwtrpdoors:jungle_bark_trapdoor	2907
mcwtrpdoors:acacia_bark_trapdoor	2908
mcwtrpdoors:dark_oak_bark_trapdoor	2909
mcwtrpdoors:crimson_bark_trapdoor	2910
mcwtrpdoors:warped_bark_trapdoor	2911
mcwtrpdoors:mangrove_bark_trapdoor	2912
mcwtrpdoors:bamboo_barn_trapdoor	2913
mcwtrpdoors:bamboo_barred_trapdoor	2914
mcwtrpdoors:bamboo_beach_trapdoor	2915
mcwtrpdoors:bamboo_classic_trapdoor	2916
mcwtrpdoors:bamboo_cottage_trapdoor	2917
mcwtrpdoors:bamboo_four_panel_trapdoor	2918
mcwtrpdoors:bamboo_glass_trapdoor	2919
mcwtrpdoors:bamboo_mystic_trapdoor	2920
mcwtrpdoors:bamboo_paper_trapdoor	2921
mcwtrpdoors:bamboo_tropical_trapdoor	2922
mcwtrpdoors:bamboo_swamp_trapdoor	2923
mcwtrpdoors:oak_ranch_trapdoor	2924
mcwtrpdoors:spruce_ranch_trapdoor	2925
mcwtrpdoors:birch_ranch_trapdoor	2926
mcwtrpdoors:jungle_ranch_trapdoor	2927
mcwtrpdoors:acacia_ranch_trapdoor	2928
mcwtrpdoors:dark_oak_ranch_trapdoor	2929
mcwtrpdoors:crimson_ranch_trapdoor	2930
mcwtrpdoors:warped_ranch_trapdoor	2931
mcwtrpdoors:mangrove_ranch_trapdoor	2932
mcwtrpdoors:bamboo_trapdoor	2933
mcwtrpdoors:metal_trapdoor	2934
mcwtrpdoors:metal_warning_trapdoor	2935
mcwtrpdoors:metal_full_trapdoor	2936
mcwtrpdoors:print_blossom	2937
mcwtrpdoors:cherry_barn_trapdoor	2938
mcwtrpdoors:cherry_barred_trapdoor	2939
mcwtrpdoors:cherry_beach_trapdoor	2940
mcwtrpdoors:cherry_classic_trapdoor	2941
mcwtrpdoors:cherry_cottage_trapdoor	2942
mcwtrpdoors:cherry_four_panel_trapdoor	2943
mcwtrpdoors:cherry_glass_trapdoor	2944
mcwtrpdoors:cherry_paper_trapdoor	2945
mcwtrpdoors:cherry_tropical_trapdoor	2946
mcwtrpdoors:cherry_mystic_trapdoor	2947
mcwtrpdoors:cherry_bamboo_trapdoor	2948
mcwtrpdoors:cherry_swamp_trapdoor	2949
mcwtrpdoors:cherry_ranch_trapdoor	2950
mcwtrpdoors:oak_blossom_trapdoor	2951
mcwtrpdoors:spruce_blossom_trapdoor	2952
mcwtrpdoors:birch_blossom_trapdoor	2953
mcwtrpdoors:jungle_blossom_trapdoor	2954
mcwtrpdoors:acacia_blossom_trapdoor	2955
mcwtrpdoors:dark_oak_blossom_trapdoor	2956
mcwtrpdoors:mangrove_blossom_trapdoor	2957
mcwtrpdoors:warped_blossom_trapdoor	2958
mcwtrpdoors:crimson_blossom_trapdoor	2959
mcwtrpdoors:bamboo_blossom_trapdoor	2960
mcwtrpdoors:cherry_bark_trapdoor	2961
mcwtrpdoors:oak_barrel_trapdoor	2962
mcwtrpdoors:spruce_barrel_trapdoor	2963
mcwtrpdoors:birch_barrel_trapdoor	2964
mcwtrpdoors:jungle_barrel_trapdoor	2965
mcwtrpdoors:acacia_barrel_trapdoor	2966
mcwtrpdoors:dark_oak_barrel_trapdoor	2967
mcwtrpdoors:mangrove_barrel_trapdoor	2968
mcwtrpdoors:warped_barrel_trapdoor	2969
mcwtrpdoors:crimson_barrel_trapdoor	2970
mcwtrpdoors:bamboo_barrel_trapdoor	2971
mcwtrpdoors:cherry_barrel_trapdoor	2972
mcwtrpdoors:print_whispering	2973
mcwtrpdoors:bamboo_bark_trapdoor	2974
mcwtrpdoors:oak_whispering_trapdoor	2975
mcwtrpdoors:spruce_whispering_trapdoor	2976
mcwtrpdoors:birch_whispering_trapdoor	2977
mcwtrpdoors:jungle_whispering_trapdoor	2978
mcwtrpdoors:acacia_whispering_trapdoor	2979
mcwtrpdoors:dark_oak_whispering_trapdoor	2980
mcwtrpdoors:mangrove_whispering_trapdoor	2981
mcwtrpdoors:warped_whispering_trapdoor	2982
mcwtrpdoors:crimson_whispering_trapdoor	2983
mcwtrpdoors:bamboo_whispering_trapdoor	2984
mcwtrpdoors:cherry_whispering_trapdoor	2985
mcwfences:oak_picket_fence	2986
mcwfences:spruce_picket_fence	2987
mcwfences:birch_picket_fence	2988
mcwfences:jungle_picket_fence	2989
mcwfences:acacia_picket_fence	2990
mcwfences:dark_oak_picket_fence	2991
mcwfences:crimson_picket_fence	2992
mcwfences:warped_picket_fence	2993
mcwfences:mangrove_picket_fence	2994
mcwfences:oak_stockade_fence	2995
mcwfences:spruce_stockade_fence	2996
mcwfences:birch_stockade_fence	2997
mcwfences:jungle_stockade_fence	2998
mcwfences:acacia_stockade_fence	2999
mcwfences:dark_oak_stockade_fence	3000
mcwfences:crimson_stockade_fence	3001
mcwfences:warped_stockade_fence	3002
mcwfences:mangrove_stockade_fence	3003
mcwfences:oak_horse_fence	3004
mcwfences:spruce_horse_fence	3005
mcwfences:birch_horse_fence	3006
mcwfences:jungle_horse_fence	3007
mcwfences:acacia_horse_fence	3008
mcwfences:dark_oak_horse_fence	3009
mcwfences:crimson_horse_fence	3010
mcwfences:warped_horse_fence	3011
mcwfences:mangrove_horse_fence	3012
mcwfences:oak_wired_fence	3013
mcwfences:spruce_wired_fence	3014
mcwfences:birch_wired_fence	3015
mcwfences:jungle_wired_fence	3016
mcwfences:acacia_wired_fence	3017
mcwfences:dark_oak_wired_fence	3018
mcwfences:crimson_wired_fence	3019
mcwfences:warped_wired_fence	3020
mcwfences:mangrove_wired_fence	3021
mcwfences:oak_hedge	3022
mcwfences:spruce_hedge	3023
mcwfences:birch_hedge	3024
mcwfences:jungle_hedge	3025
mcwfences:acacia_hedge	3026
mcwfences:dark_oak_hedge	3027
mcwfences:mangrove_hedge	3028
mcwfences:azalea_hedge	3029
mcwfences:flowering_azalea_hedge	3030
mcwfences:bamboo_fence	3031
mcwfences:oak_highley_gate	3032
mcwfences:spruce_highley_gate	3033
mcwfences:birch_highley_gate	3034
mcwfences:jungle_highley_gate	3035
mcwfences:acacia_highley_gate	3036
mcwfences:dark_oak_highley_gate	3037
mcwfences:crimson_highley_gate	3038
mcwfences:warped_highley_gate	3039
mcwfences:mangrove_highley_gate	3040
mcwfences:oak_pyramid_gate	3041
mcwfences:spruce_pyramid_gate	3042
mcwfences:birch_pyramid_gate	3043
mcwfences:jungle_pyramid_gate	3044
mcwfences:acacia_pyramid_gate	3045
mcwfences:dark_oak_pyramid_gate	3046
mcwfences:crimson_pyramid_gate	3047
mcwfences:warped_pyramid_gate	3048
mcwfences:mangrove_pyramid_gate	3049
mcwfences:modern_stone_brick_wall	3050
mcwfences:modern_andesite_wall	3051
mcwfences:modern_diorite_wall	3052
mcwfences:modern_granite_wall	3053
mcwfences:modern_sandstone_wall	3054
mcwfences:modern_red_sandstone_wall	3055
mcwfences:modern_blackstone_wall	3056
mcwfences:modern_nether_brick_wall	3057
mcwfences:modern_end_brick_wall	3058
mcwfences:modern_deepslate_wall	3059
mcwfences:modern_deepslate_brick_wall	3060
mcwfences:modern_quartz_wall	3061
mcwfences:modern_mud_brick_wall	3062
mcwfences:modern_prismarine_wall	3063
mcwfences:railing_stone_brick_wall	3064
mcwfences:railing_andesite_wall	3065
mcwfences:railing_diorite_wall	3066
mcwfences:railing_granite_wall	3067
mcwfences:railing_sandstone_wall	3068
mcwfences:railing_red_sandstone_wall	3069
mcwfences:railing_blackstone_wall	3070
mcwfences:railing_nether_brick_wall	3071
mcwfences:railing_end_brick_wall	3072
mcwfences:railing_deepslate_wall	3073
mcwfences:railing_deepslate_brick_wall	3074
mcwfences:railing_quartz_wall	3075
mcwfences:railing_mud_brick_wall	3076
mcwfences:railing_prismarine_wall	3077
mcwfences:stone_brick_railing_gate	3078
mcwfences:andesite_railing_gate	3079
mcwfences:diorite_railing_gate	3080
mcwfences:granite_railing_gate	3081
mcwfences:sandstone_railing_gate	3082
mcwfences:red_sandstone_railing_gate	3083
mcwfences:blackstone_railing_gate	3084
mcwfences:blackstone_brick_railing_gate	3085
mcwfences:nether_brick_railing_gate	3086
mcwfences:end_brick_railing_gate	3087
mcwfences:deepslate_railing_gate	3088
mcwfences:deepslate_brick_railing_gate	3089
mcwfences:quartz_railing_gate	3090
mcwfences:mud_brick_railing_gate	3091
mcwfences:prismarine_railing_gate	3092
mcwfences:cherry_picket_fence	3093
mcwfences:cherry_stockade_fence	3094
mcwfences:cherry_horse_fence	3095
mcwfences:cherry_wired_fence	3096
mcwfences:cherry_hedge	3097
mcwfences:cherry_highley_gate	3098
mcwfences:cherry_pyramid_gate	3099
mcwfences:bamboo_picket_fence	3100
mcwfences:bamboo_stockade_fence	3101
mcwfences:bamboo_horse_fence	3102
mcwfences:bamboo_wired_fence	3103
mcwfences:bamboo_highley_gate	3104
mcwfences:bamboo_pyramid_gate	3105
mcwfences:stone_pillar_wall	3106
mcwfences:andesite_pillar_wall	3107
mcwfences:diorite_pillar_wall	3108
mcwfences:granite_pillar_wall	3109
mcwfences:sandstone_pillar_wall	3110
mcwfences:red_sandstone_pillar_wall	3111
mcwfences:blackstone_pillar_wall	3112
mcwfences:nether_brick_pillar_wall	3113
mcwfences:end_brick_pillar_wall	3114
mcwfences:deepslate_pillar_wall	3115
mcwfences:deepslate_brick_pillar_wall	3116
mcwfences:quartz_pillar_wall	3117
mcwfences:mud_brick_pillar_wall	3118
mcwfences:prismarine_pillar_wall	3119
mcwfences:stone_grass_topped_wall	3120
mcwfences:andesite_grass_topped_wall	3121
mcwfences:diorite_grass_topped_wall	3122
mcwfences:granite_grass_topped_wall	3123
mcwfences:sandstone_grass_topped_wall	3124
mcwfences:red_sandstone_grass_topped_wall	3125
mcwfences:blackstone_grass_topped_wall	3126
mcwfences:nether_brick_grass_topped_wall	3127
mcwfences:end_brick_grass_topped_wall	3128
mcwfences:deepslate_grass_topped_wall	3129
mcwfences:deepslate_brick_grass_topped_wall	3130
mcwfences:quartz_grass_topped_wall	3131
mcwfences:mud_brick_grass_topped_wall	3132
mcwfences:prismarine_grass_topped_wall	3133
mcwfences:wooden_cheval_de_frise	3134
mcwfences:iron_cheval_de_frise	3135
mcwfences:acorn_metal_fence	3136
mcwfences:panelled_metal_fence	3137
mcwfences:mesh_metal_fence	3138
mcwfences:ornate_metal_fence	3139
mcwfences:guardian_metal_fence	3140
mcwfences:gothic_metal_fence	3141
mcwfences:vintage_metal_fence	3142
mcwfences:curved_metal_fence	3143
mcwfences:twilight_metal_fence	3144
mcwfences:expanded_mesh_metal_fence	3145
mcwfences:fortress_metal_fence	3146
mcwfences:bastion_metal_fence	3147
mcwfences:double_curved_metal_fence	3148
mcwfences:cathedral_metal_fence	3149
mcwfences:majestic_metal_fence_gate	3150
mcwfences:curved_metal_fence_gate	3151
mcwfences:mesh_metal_fence_gate	3152
mcwfences:panelled_metal_fence_gate	3153
mcwfences:bastion_metal_fence_gate	3154
mcwfences:oak_curved_gate	3155
mcwfences:spruce_curved_gate	3156
mcwfences:birch_curved_gate	3157
mcwfences:jungle_curved_gate	3158
mcwfences:acacia_curved_gate	3159
mcwfences:dark_oak_curved_gate	3160
mcwfences:crimson_curved_gate	3161
mcwfences:warped_curved_gate	3162
mcwfences:mangrove_curved_gate	3163
mcwfences:cherry_curved_gate	3164
mcwfences:bamboo_curved_gate	3165
touhou_little_maid:maid_backpack_small	3166
touhou_little_maid:maid_backpack_middle	3167
touhou_little_maid:maid_backpack_big	3168
touhou_little_maid:crafting_table_backpack	3169
touhou_little_maid:ender_chest_backpack	3170
touhou_little_maid:furnace_backpack	3171
touhou_little_maid:tank_backpack	3172
touhou_little_maid:chair	3173
touhou_little_maid:hakurei_gohei	3174
touhou_little_maid:sanae_gohei	3175
touhou_little_maid:maid_bed	3176
touhou_little_maid:extinguisher	3177
touhou_little_maid:ultramarine_orb_elixir	3178
touhou_little_maid:explosion_protect_bauble	3179
touhou_little_maid:fire_protect_bauble	3180
touhou_little_maid:projectile_protect_bauble	3181
touhou_little_maid:magic_protect_bauble	3182
touhou_little_maid:fall_protect_bauble	3183
touhou_little_maid:drown_protect_bauble	3184
touhou_little_maid:nimble_fabric	3185
touhou_little_maid:item_magnet_bauble	3186
touhou_little_maid:mute_bauble	3187
touhou_little_maid:entity_placeholder	3188
touhou_little_maid:substitute_jizo	3189
touhou_little_maid:power_point	3190
touhou_little_maid:camera	3191
touhou_little_maid:photo	3192
touhou_little_maid:film	3193
touhou_little_maid:chisel	3194
touhou_little_maid:garage_kit	3195
touhou_little_maid:smart_slab_init	3196
touhou_little_maid:smart_slab_empty	3197
touhou_little_maid:smart_slab_has_maid	3198
touhou_little_maid:trumpet	3199
touhou_little_maid:wireless_io	3200
touhou_little_maid:maid_beacon	3201
touhou_little_maid:model_switcher	3202
touhou_little_maid:chair_show	3203
touhou_little_maid:gomoku	3204
touhou_little_maid:cchess	3205
touhou_little_maid:wchess	3206
touhou_little_maid:red_fox_scroll	3207
touhou_little_maid:white_fox_scroll	3208
touhou_little_maid:keyboard	3209
touhou_little_maid:bookshelf	3210
touhou_little_maid:computer	3211
touhou_little_maid:favorability_tool_add	3212
touhou_little_maid:favorability_tool_reduce	3213
touhou_little_maid:favorability_tool_full	3214
touhou_little_maid:shrine	3215
touhou_little_maid:kappa_compass	3216
touhou_little_maid:broom	3217
touhou_little_maid:picnic_basket	3218
touhou_little_maid:scarecrow	3219
touhou_little_maid:servant_bell	3220
touhou_little_maid:entity_id_copy	3221
touhou_little_maid:owner_conversion_tool	3222
touhou_little_maid:gomoku_board_state	3223
touhou_little_maid:cchess_board_state	3224
touhou_little_maid:wchess_board_state	3225
touhou_little_maid:snack_cabinet	3226
touhou_little_maid:monster_list	3227
touhou_little_maid:maid_spawn_egg	3228
touhou_little_maid:fairy_spawn_egg	3229
touhou_little_maid:change_chair_model	3230
touhou_little_maid:change_maid_model	3231
touhou_little_maid:maid_100_healthy	3232
touhou_little_maid:kill_100	3233
touhou_little_maid:kill_slime_300	3234
touhou_little_maid:all_netherite_equipment	3235
touhou_little_maid:kill_wither	3236
touhou_little_maid:kill_dragon	3237
touhou_little_maid:tacz_gun_icon	3238
patchouli:guide_book	3239
irons_spellbooks:wimpy_spell_book	3240
irons_spellbooks:legendary_spell_book	3241
irons_spellbooks:netherite_spell_book	3242
irons_spellbooks:diamond_spell_book	3243
irons_spellbooks:gold_spell_book	3244
irons_spellbooks:iron_spell_book	3245
irons_spellbooks:copper_spell_book	3246
irons_spellbooks:rotten_spell_book	3247
irons_spellbooks:blaze_spell_book	3248
irons_spellbooks:dragonskin_spell_book	3249
irons_spellbooks:druidic_spell_book	3250
irons_spellbooks:villager_spell_book	3251
irons_spellbooks:ice_spell_book	3252
irons_spellbooks:graybeard_staff	3253
irons_spellbooks:pyrium_staff	3254
irons_spellbooks:artificer_cane	3255
irons_spellbooks:ice_staff	3256
irons_spellbooks:lightning_rod	3257
irons_spellbooks:blood_staff	3258
irons_spellbooks:evoker_spell_book	3259
irons_spellbooks:necronomicon_spell_book	3260
irons_spellbooks:cursed_doll_spell_book	3261
irons_spellbooks:magehunter	3262
irons_spellbooks:spellbreaker	3263
irons_spellbooks:claymore	3264
irons_spellbooks:keeper_flamberge	3265
irons_spellbooks:legionnaire_flamberge	3266
irons_spellbooks:amethyst_rapier	3267
irons_spellbooks:misery	3268
irons_spellbooks:scroll	3269
irons_spellbooks:autoloader_crossbow	3270
irons_spellbooks:hither_thither_wand	3271
irons_spellbooks:staff_of_the_nines	3272
irons_spellbooks:hellrazor	3273
irons_spellbooks:decrepit_scythe	3274
irons_spellbooks:boreal_blade	3275
irons_spellbooks:twilight_gale	3276
irons_spellbooks:common_ink	3277
irons_spellbooks:uncommon_ink	3278
irons_spellbooks:rare_ink	3279
irons_spellbooks:epic_ink	3280
irons_spellbooks:legendary_ink	3281
irons_spellbooks:oakskin_elixir	3282
irons_spellbooks:greater_oakskin_elixir	3283
irons_spellbooks:greater_healing_potion	3284
irons_spellbooks:invisibility_elixir	3285
irons_spellbooks:greater_invisibility_elixir	3286
irons_spellbooks:evasion_elixir	3287
irons_spellbooks:greater_evasion_elixir	3288
irons_spellbooks:fire_ale	3289
irons_spellbooks:netherward_tincture	3290
irons_spellbooks:tincture_of_forgetfulness	3291
irons_spellbooks:upgrade_orb	3292
irons_spellbooks:fire_upgrade_orb	3293
irons_spellbooks:ice_upgrade_orb	3294
irons_spellbooks:lightning_upgrade_orb	3295
irons_spellbooks:holy_upgrade_orb	3296
irons_spellbooks:ender_upgrade_orb	3297
irons_spellbooks:blood_upgrade_orb	3298
irons_spellbooks:evocation_upgrade_orb	3299
irons_spellbooks:nature_upgrade_orb	3300
irons_spellbooks:mana_upgrade_orb	3301
irons_spellbooks:cooldown_upgrade_orb	3302
irons_spellbooks:protection_upgrade_orb	3303
irons_spellbooks:lightning_bottle	3304
irons_spellbooks:frozen_bone	3305
irons_spellbooks:blood_vial	3306
irons_spellbooks:ice_venom_vial	3307
irons_spellbooks:divine_pearl	3308
irons_spellbooks:furled_map	3309
irons_spellbooks:furled_map_ancient	3310
irons_spellbooks:furled_map_citadel	3311
irons_spellbooks:furled_map_ice_spider_den	3312
irons_spellbooks:hogskin	3313
irons_spellbooks:dragonskin	3314
irons_spellbooks:arcane_essence	3315
irons_spellbooks:magic_cloth	3316
irons_spellbooks:blank_rune	3317
irons_spellbooks:fire_rune	3318
irons_spellbooks:ice_rune	3319
irons_spellbooks:lightning_rune	3320
irons_spellbooks:ender_rune	3321
irons_spellbooks:holy_rune	3322
irons_spellbooks:blood_rune	3323
irons_spellbooks:evocation_rune	3324
irons_spellbooks:arcane_rune	3325
irons_spellbooks:cooldown_rune	3326
irons_spellbooks:protection_rune	3327
irons_spellbooks:nature_rune	3328
irons_spellbooks:wayward_compass	3329
irons_spellbooks:ruined_book	3330
irons_spellbooks:cinder_essence	3331
irons_spellbooks:arcane_ingot	3332
irons_spellbooks:shriving_stone	3333
irons_spellbooks:lesser_spell_slot_upgrade	3334
irons_spellbooks:eldritch_manuscript	3335
irons_spellbooks:ancient_knowledge_fragment	3336
irons_spellbooks:frosted_helve	3337
irons_spellbooks:permafrost_shard	3338
irons_spellbooks:energized_core	3339
irons_spellbooks:chained_book	3340
irons_spellbooks:bloody_vellum	3341
irons_spellbooks:icy_fang	3342
irons_spellbooks:prepared_ice_spider_egg	3343
irons_spellbooks:unchained_book	3344
irons_spellbooks:timeless_slurry	3345
irons_spellbooks:pyrium_ingot	3346
irons_spellbooks:raw_mithril	3347
irons_spellbooks:mithril_scrap	3348
irons_spellbooks:mithril_ingot	3349
irons_spellbooks:mithril_weave	3350
irons_spellbooks:weapon_parts	3351
irons_spellbooks:divine_soulshard	3352
irons_spellbooks:archevoker_logbook_translated	3353
irons_spellbooks:archevoker_logbook_untranslated	3354
irons_spellbooks:chronicle	3355
irons_spellbooks:cinderous_soulcaller	3356
irons_spellbooks:decrepit_key	3357
irons_spellbooks:bone_key	3358
irons_spellbooks:dead_king_phylactery	3359
irons_spellbooks:dead_king_phylactery_shard	3360
irons_spellbooks:inscription_table	3361
irons_spellbooks:arcane_anvil	3362
irons_spellbooks:scroll_forge	3363
irons_spellbooks:pedestal	3364
irons_spellbooks:armor_pile	3365
irons_spellbooks:mithril_ore	3366
irons_spellbooks:deepslate_mithril_ore	3367
irons_spellbooks:alchemist_cauldron	3368
irons_spellbooks:firefly_jar	3369
irons_spellbooks:portal_frame	3370
irons_spellbooks:brazier	3371
irons_spellbooks:brazier_soul	3372
irons_spellbooks:cinderous_soul_rune	3373
irons_spellbooks:ice_spider_egg	3374
irons_spellbooks:cooked_ice_spider_egg	3375
irons_spellbooks:book_stack	3376
irons_spellbooks:wisewood_bookshelf	3377
irons_spellbooks:wisewood_chiseled_bookshelf	3378
irons_spellbooks:nether_brick_pillar	3379
irons_spellbooks:tyros_statue	3380
irons_spellbooks:bone_vault	3381
irons_spellbooks:cinderous_vault	3382
irons_spellbooks:wandering_magician_helmet	3383
irons_spellbooks:wandering_magician_chestplate	3384
irons_spellbooks:wandering_magician_leggings	3385
irons_spellbooks:wandering_magician_boots	3386
irons_spellbooks:pumpkin_helmet	3387
irons_spellbooks:pumpkin_chestplate	3388
irons_spellbooks:pumpkin_leggings	3389
irons_spellbooks:pumpkin_boots	3390
irons_spellbooks:pyromancer_helmet	3391
irons_spellbooks:pyromancer_chestplate	3392
irons_spellbooks:pyromancer_leggings	3393
irons_spellbooks:pyromancer_boots	3394
irons_spellbooks:electromancer_helmet	3395
irons_spellbooks:electromancer_chestplate	3396
irons_spellbooks:electromancer_leggings	3397
irons_spellbooks:electromancer_boots	3398
irons_spellbooks:archevoker_helmet	3399
irons_spellbooks:archevoker_chestplate	3400
irons_spellbooks:archevoker_leggings	3401
irons_spellbooks:archevoker_boots	3402
irons_spellbooks:cultist_helmet	3403
irons_spellbooks:cultist_chestplate	3404
irons_spellbooks:cultist_leggings	3405
irons_spellbooks:cultist_boots	3406
irons_spellbooks:cryomancer_helmet	3407
irons_spellbooks:cryomancer_chestplate	3408
irons_spellbooks:cryomancer_leggings	3409
irons_spellbooks:cryomancer_boots	3410
irons_spellbooks:shadowwalker_helmet	3411
irons_spellbooks:shadowwalker_chestplate	3412
irons_spellbooks:shadowwalker_leggings	3413
irons_spellbooks:shadowwalker_boots	3414
irons_spellbooks:priest_helmet	3415
irons_spellbooks:priest_chestplate	3416
irons_spellbooks:priest_leggings	3417
irons_spellbooks:priest_boots	3418
irons_spellbooks:plagued_helmet	3419
irons_spellbooks:plagued_chestplate	3420
irons_spellbooks:plagued_leggings	3421
irons_spellbooks:plagued_boots	3422
irons_spellbooks:netherite_mage_helmet	3423
irons_spellbooks:netherite_mage_chestplate	3424
irons_spellbooks:netherite_mage_leggings	3425
irons_spellbooks:netherite_mage_boots	3426
irons_spellbooks:wizard_helmet	3427
irons_spellbooks:wizard_hat	3428
irons_spellbooks:wizard_chestplate	3429
irons_spellbooks:wizard_leggings	3430
irons_spellbooks:wizard_boots	3431
irons_spellbooks:paladin_chestplate	3432
irons_spellbooks:speed_boots	3433
irons_spellbooks:infernal_sorcerer_chestplate	3434
irons_spellbooks:tarnished_helmet	3435
irons_spellbooks:gold_crown	3436
irons_spellbooks:mana_ring	3437
irons_spellbooks:silver_ring	3438
irons_spellbooks:cooldown_ring	3439
irons_spellbooks:cast_time_ring	3440
irons_spellbooks:heavy_chain_necklace	3441
irons_spellbooks:emerald_stoneplate_ring	3442
irons_spellbooks:fireward_ring	3443
irons_spellbooks:frostward_ring	3444
irons_spellbooks:poisonward_ring	3445
irons_spellbooks:conjurers_talisman	3446
irons_spellbooks:greater_conjurers_talisman	3447
irons_spellbooks:affinity_ring	3448
irons_spellbooks:concentration_amulet	3449
irons_spellbooks:lurker_ring	3450
irons_spellbooks:amethyst_resonance_charm	3451
irons_spellbooks:invisibility_ring	3452
irons_spellbooks:expulsion_ring	3453
irons_spellbooks:visibility_ring	3454
irons_spellbooks:teleportation_amulet	3455
irons_spellbooks:betrayer_signet	3456
irons_spellbooks:wicked_bone_ring	3457
irons_spellbooks:music_disc_dead_king_lullaby	3458
irons_spellbooks:music_disc_flame_still_burns	3459
irons_spellbooks:disc_fragment_flame_still_burns	3460
irons_spellbooks:music_disc_whispers_of_ice	3461
irons_spellbooks:keeper_spawn_egg	3462
irons_spellbooks:dead_king_corpse_spawn_egg	3463
irons_spellbooks:archevoker_spawn_egg	3464
irons_spellbooks:necromancer_spawn_egg	3465
irons_spellbooks:cryomancer_spawn_egg	3466
irons_spellbooks:pyromancer_spawn_egg	3467
irons_spellbooks:priest_spawn_egg	3468
irons_spellbooks:apothecarist_spawn_egg	3469
irons_spellbooks:ice_spider_spawn_egg	3470
touhou_little_maid_spell:spell_enhancement_core	3471
touhou_little_maid_spell:arc_cross	3472
touhou_little_maid_spell:bleeding_heart	3473
touhou_little_maid_spell:flow_core	3474
touhou_little_maid_spell:quick_chant_ring	3475
touhou_little_maid_spell:spring_ring	3476
touhou_little_maid_spell:blue_note	3477
touhou_little_maid_spell:double_heart_chain	3478
touhou_little_maid_spell:rock_crystal	3479
touhou_little_maid_spell:sliver_cercis	3480
touhou_little_maid_spell:hairpin	3481
touhou_little_maid_spell:transmog_necklace	3482
touhou_little_maid_spell:chaos_book	3483
touhou_little_maid_spell:soul_book	3484
touhou_little_maid_spell:ender_pocket	3485
touhou_little_maid_spell:floating_fox_leaf	3486
touhou_little_maid_spell:molten_fox_leaf	3487
touhou_little_maid_spell:wound_rime_blade	3488
touhou_little_maid_spell:anchor_core	3489
touhou_little_maid_spell:spell_overlimit_core	3490
touhou_little_maid_spell:spring_bloom_return	3491
touhou_little_maid_spell:fragrant_ingenuity	3492
touhou_little_maid_spell:dream_cat_crystal	3493
touhou_little_maid_spell:wind_seeking_bell	3494
touhou_little_maid_spell:scarlet_zhuhua	3495
touhou_little_maid_spell:yue_linglan	3496
touhou_little_maid_spell:jingxu_youlan	3497
touhou_little_maid_spell:suppression_stone	3498
touhou_little_maid_spell:owner_clear_tool	3499
touhou_little_maid_spell:melee_task_icon	3500
touhou_little_maid_spell:far_task_icon	3501
touhou_little_maid_spell:corrupted_knight_spawn_egg	3502
touhou_little_maid_spell:shadow_assassin_spawn_egg	3503
touhou_little_maid_spell:elf_templar_spawn_egg	3504
touhou_little_maid_spell:holy_construct_spawn_egg	3505
qiandeng_chanting:whispering_staff	3506
qiandeng_chanting:resonance_staff	3507
mcwroofs:roofing_hammer	3508
mcwroofs:rain_gutter	3509
mcwroofs:oak_roof	3510
mcwroofs:oak_attic_roof	3511
mcwroofs:oak_top_roof	3512
mcwroofs:oak_lower_roof	3513
mcwroofs:oak_steep_roof	3514
mcwroofs:oak_upper_lower_roof	3515
mcwroofs:oak_upper_steep_roof	3516
mcwroofs:spruce_roof	3517
mcwroofs:spruce_attic_roof	3518
mcwroofs:spruce_top_roof	3519
mcwroofs:spruce_lower_roof	3520
mcwroofs:spruce_steep_roof	3521
mcwroofs:spruce_upper_lower_roof	3522
mcwroofs:spruce_upper_steep_roof	3523
mcwroofs:birch_roof	3524
mcwroofs:birch_attic_roof	3525
mcwroofs:birch_top_roof	3526
mcwroofs:birch_lower_roof	3527
mcwroofs:birch_steep_roof	3528
mcwroofs:birch_upper_lower_roof	3529
mcwroofs:birch_upper_steep_roof	3530
mcwroofs:jungle_roof	3531
mcwroofs:jungle_attic_roof	3532
mcwroofs:jungle_top_roof	3533
mcwroofs:jungle_lower_roof	3534
mcwroofs:jungle_steep_roof	3535
mcwroofs:jungle_upper_lower_roof	3536
mcwroofs:jungle_upper_steep_roof	3537
mcwroofs:acacia_roof	3538
mcwroofs:acacia_attic_roof	3539
mcwroofs:acacia_top_roof	3540
mcwroofs:acacia_lower_roof	3541
mcwroofs:acacia_steep_roof	3542
mcwroofs:acacia_upper_lower_roof	3543
mcwroofs:acacia_upper_steep_roof	3544
mcwroofs:dark_oak_roof	3545
mcwroofs:dark_oak_attic_roof	3546
mcwroofs:dark_oak_top_roof	3547
mcwroofs:dark_oak_lower_roof	3548
mcwroofs:dark_oak_steep_roof	3549
mcwroofs:dark_oak_upper_lower_roof	3550
mcwroofs:dark_oak_upper_steep_roof	3551
mcwroofs:crimson_roof	3552
mcwroofs:crimson_attic_roof	3553
mcwroofs:crimson_top_roof	3554
mcwroofs:crimson_lower_roof	3555
mcwroofs:crimson_steep_roof	3556
mcwroofs:crimson_upper_lower_roof	3557
mcwroofs:crimson_upper_steep_roof	3558
mcwroofs:warped_roof	3559
mcwroofs:warped_attic_roof	3560
mcwroofs:warped_top_roof	3561
mcwroofs:warped_lower_roof	3562
mcwroofs:warped_steep_roof	3563
mcwroofs:warped_upper_lower_roof	3564
mcwroofs:warped_upper_steep_roof	3565
mcwroofs:mangrove_roof	3566
mcwroofs:mangrove_attic_roof	3567
mcwroofs:mangrove_top_roof	3568
mcwroofs:mangrove_lower_roof	3569
mcwroofs:mangrove_steep_roof	3570
mcwroofs:mangrove_upper_lower_roof	3571
mcwroofs:mangrove_upper_steep_roof	3572
mcwroofs:oak_planks_roof	3573
mcwroofs:oak_planks_attic_roof	3574
mcwroofs:oak_planks_top_roof	3575
mcwroofs:oak_planks_lower_roof	3576
mcwroofs:oak_planks_steep_roof	3577
mcwroofs:oak_planks_upper_lower_roof	3578
mcwroofs:oak_planks_upper_steep_roof	3579
mcwroofs:spruce_planks_roof	3580
mcwroofs:spruce_planks_attic_roof	3581
mcwroofs:spruce_planks_top_roof	3582
mcwroofs:spruce_planks_lower_roof	3583
mcwroofs:spruce_planks_steep_roof	3584
mcwroofs:spruce_planks_upper_lower_roof	3585
mcwroofs:spruce_planks_upper_steep_roof	3586
mcwroofs:birch_planks_roof	3587
mcwroofs:birch_planks_attic_roof	3588
mcwroofs:birch_planks_top_roof	3589
mcwroofs:birch_planks_lower_roof	3590
mcwroofs:birch_planks_steep_roof	3591
mcwroofs:birch_planks_upper_lower_roof	3592
mcwroofs:birch_planks_upper_steep_roof	3593
mcwroofs:jungle_planks_roof	3594
mcwroofs:jungle_planks_attic_roof	3595
mcwroofs:jungle_planks_top_roof	3596
mcwroofs:jungle_planks_lower_roof	3597
mcwroofs:jungle_planks_steep_roof	3598
mcwroofs:jungle_planks_upper_lower_roof	3599
mcwroofs:jungle_planks_upper_steep_roof	3600
mcwroofs:acacia_planks_roof	3601
mcwroofs:acacia_planks_attic_roof	3602
mcwroofs:acacia_planks_top_roof	3603
mcwroofs:acacia_planks_lower_roof	3604
mcwroofs:acacia_planks_steep_roof	3605
mcwroofs:acacia_planks_upper_lower_roof	3606
mcwroofs:acacia_planks_upper_steep_roof	3607
mcwroofs:dark_oak_planks_roof	3608
mcwroofs:dark_oak_planks_attic_roof	3609
mcwroofs:dark_oak_planks_top_roof	3610
mcwroofs:dark_oak_planks_lower_roof	3611
mcwroofs:dark_oak_planks_steep_roof	3612
mcwroofs:dark_oak_planks_upper_lower_roof	3613
mcwroofs:dark_oak_planks_upper_steep_roof	3614
mcwroofs:crimson_planks_roof	3615
mcwroofs:crimson_planks_attic_roof	3616
mcwroofs:crimson_planks_top_roof	3617
mcwroofs:crimson_planks_lower_roof	3618
mcwroofs:crimson_planks_steep_roof	3619
mcwroofs:crimson_planks_upper_lower_roof	3620
mcwroofs:crimson_planks_upper_steep_roof	3621
mcwroofs:warped_planks_roof	3622
mcwroofs:warped_planks_attic_roof	3623
mcwroofs:warped_planks_top_roof	3624
mcwroofs:warped_planks_lower_roof	3625
mcwroofs:warped_planks_steep_roof	3626
mcwroofs:warped_planks_upper_lower_roof	3627
mcwroofs:warped_planks_upper_steep_roof	3628
mcwroofs:mangrove_planks_roof	3629
mcwroofs:mangrove_planks_attic_roof	3630
mcwroofs:mangrove_planks_top_roof	3631
mcwroofs:mangrove_planks_lower_roof	3632
mcwroofs:mangrove_planks_steep_roof	3633
mcwroofs:mangrove_planks_upper_lower_roof	3634
mcwroofs:mangrove_planks_upper_steep_roof	3635
mcwroofs:white_terracotta_roof	3636
mcwroofs:white_terracotta_attic_roof	3637
mcwroofs:white_terracotta_top_roof	3638
mcwroofs:white_terracotta_lower_roof	3639
mcwroofs:white_terracotta_steep_roof	3640
mcwroofs:white_terracotta_upper_lower_roof	3641
mcwroofs:white_terracotta_upper_steep_roof	3642
mcwroofs:light_gray_terracotta_roof	3643
mcwroofs:light_gray_terracotta_attic_roof	3644
mcwroofs:light_gray_terracotta_top_roof	3645
mcwroofs:light_gray_terracotta_lower_roof	3646
mcwroofs:light_gray_terracotta_steep_roof	3647
mcwroofs:light_gray_terracotta_upper_lower_roof	3648
mcwroofs:light_gray_terracotta_upper_steep_roof	3649
mcwroofs:gray_terracotta_roof	3650
mcwroofs:gray_terracotta_attic_roof	3651
mcwroofs:gray_terracotta_top_roof	3652
mcwroofs:gray_terracotta_lower_roof	3653
mcwroofs:gray_terracotta_steep_roof	3654
mcwroofs:gray_terracotta_upper_lower_roof	3655
mcwroofs:gray_terracotta_upper_steep_roof	3656
mcwroofs:black_terracotta_roof	3657
mcwroofs:black_terracotta_attic_roof	3658
mcwroofs:black_terracotta_top_roof	3659
mcwroofs:black_terracotta_lower_roof	3660
mcwroofs:black_terracotta_steep_roof	3661
mcwroofs:black_terracotta_upper_lower_roof	3662
mcwroofs:black_terracotta_upper_steep_roof	3663
mcwroofs:blue_terracotta_roof	3664
mcwroofs:blue_terracotta_attic_roof	3665
mcwroofs:blue_terracotta_top_roof	3666
mcwroofs:blue_terracotta_lower_roof	3667
mcwroofs:blue_terracotta_steep_roof	3668
mcwroofs:blue_terracotta_upper_lower_roof	3669
mcwroofs:blue_terracotta_upper_steep_roof	3670
mcwroofs:light_blue_terracotta_roof	3671
mcwroofs:light_blue_terracotta_attic_roof	3672
mcwroofs:light_blue_terracotta_top_roof	3673
mcwroofs:light_blue_terracotta_lower_roof	3674
mcwroofs:light_blue_terracotta_steep_roof	3675
mcwroofs:light_blue_terracotta_upper_lower_roof	3676
mcwroofs:light_blue_terracotta_upper_steep_roof	3677
mcwroofs:cyan_terracotta_roof	3678
mcwroofs:cyan_terracotta_attic_roof	3679
mcwroofs:cyan_terracotta_top_roof	3680
mcwroofs:cyan_terracotta_lower_roof	3681
mcwroofs:cyan_terracotta_steep_roof	3682
mcwroofs:cyan_terracotta_upper_lower_roof	3683
mcwroofs:cyan_terracotta_upper_steep_roof	3684
mcwroofs:lime_terracotta_roof	3685
mcwroofs:lime_terracotta_attic_roof	3686
mcwroofs:lime_terracotta_top_roof	3687
mcwroofs:lime_terracotta_lower_roof	3688
mcwroofs:lime_terracotta_steep_roof	3689
mcwroofs:lime_terracotta_upper_lower_roof	3690
mcwroofs:lime_terracotta_upper_steep_roof	3691
mcwroofs:green_terracotta_roof	3692
mcwroofs:green_terracotta_attic_roof	3693
mcwroofs:green_terracotta_top_roof	3694
mcwroofs:green_terracotta_lower_roof	3695
mcwroofs:green_terracotta_steep_roof	3696
mcwroofs:green_terracotta_upper_lower_roof	3697
mcwroofs:green_terracotta_upper_steep_roof	3698
mcwroofs:yellow_terracotta_roof	3699
mcwroofs:yellow_terracotta_attic_roof	3700
mcwroofs:yellow_terracotta_top_roof	3701
mcwroofs:yellow_terracotta_lower_roof	3702
mcwroofs:yellow_terracotta_steep_roof	3703
mcwroofs:yellow_terracotta_upper_lower_roof	3704
mcwroofs:yellow_terracotta_upper_steep_roof	3705
mcwroofs:brown_terracotta_roof	3706
mcwroofs:brown_terracotta_attic_roof	3707
mcwroofs:brown_terracotta_top_roof	3708
mcwroofs:brown_terracotta_lower_roof	3709
mcwroofs:brown_terracotta_steep_roof	3710
mcwroofs:brown_terracotta_upper_lower_roof	3711
mcwroofs:brown_terracotta_upper_steep_roof	3712
mcwroofs:orange_terracotta_roof	3713
mcwroofs:orange_terracotta_attic_roof	3714
mcwroofs:orange_terracotta_top_roof	3715
mcwroofs:orange_terracotta_lower_roof	3716
mcwroofs:orange_terracotta_steep_roof	3717
mcwroofs:orange_terracotta_upper_lower_roof	3718
mcwroofs:orange_terracotta_upper_steep_roof	3719
mcwroofs:red_terracotta_roof	3720
mcwroofs:red_terracotta_attic_roof	3721
mcwroofs:red_terracotta_top_roof	3722
mcwroofs:red_terracotta_lower_roof	3723
mcwroofs:red_terracotta_steep_roof	3724
mcwroofs:red_terracotta_upper_lower_roof	3725
mcwroofs:red_terracotta_upper_steep_roof	3726
mcwroofs:magenta_terracotta_roof	3727
mcwroofs:magenta_terracotta_attic_roof	3728
mcwroofs:magenta_terracotta_top_roof	3729
mcwroofs:magenta_terracotta_lower_roof	3730
mcwroofs:magenta_terracotta_steep_roof	3731
mcwroofs:magenta_terracotta_upper_lower_roof	3732
mcwroofs:magenta_terracotta_upper_steep_roof	3733
mcwroofs:pink_terracotta_roof	3734
mcwroofs:pink_terracotta_attic_roof	3735
mcwroofs:pink_terracotta_top_roof	3736
mcwroofs:pink_terracotta_lower_roof	3737
mcwroofs:pink_terracotta_steep_roof	3738
mcwroofs:pink_terracotta_upper_lower_roof	3739
mcwroofs:pink_terracotta_upper_steep_roof	3740
mcwroofs:purple_terracotta_roof	3741
mcwroofs:purple_terracotta_attic_roof	3742
mcwroofs:purple_terracotta_top_roof	3743
mcwroofs:purple_terracotta_lower_roof	3744
mcwroofs:purple_terracotta_steep_roof	3745
mcwroofs:purple_terracotta_upper_lower_roof	3746
mcwroofs:purple_terracotta_upper_steep_roof	3747
mcwroofs:white_concrete_roof	3748
mcwroofs:white_concrete_attic_roof	3749
mcwroofs:white_concrete_top_roof	3750
mcwroofs:white_concrete_lower_roof	3751
mcwroofs:white_concrete_steep_roof	3752
mcwroofs:white_concrete_upper_lower_roof	3753
mcwroofs:white_concrete_upper_steep_roof	3754
mcwroofs:light_gray_concrete_roof	3755
mcwroofs:light_gray_concrete_attic_roof	3756
mcwroofs:light_gray_concrete_top_roof	3757
mcwroofs:light_gray_concrete_lower_roof	3758
mcwroofs:light_gray_concrete_steep_roof	3759
mcwroofs:light_gray_concrete_upper_lower_roof	3760
mcwroofs:light_gray_concrete_upper_steep_roof	3761
mcwroofs:gray_concrete_roof	3762
mcwroofs:gray_concrete_attic_roof	3763
mcwroofs:gray_concrete_top_roof	3764
mcwroofs:gray_concrete_lower_roof	3765
mcwroofs:gray_concrete_steep_roof	3766
mcwroofs:gray_concrete_upper_lower_roof	3767
mcwroofs:gray_concrete_upper_steep_roof	3768
mcwroofs:black_concrete_roof	3769
mcwroofs:black_concrete_attic_roof	3770
mcwroofs:black_concrete_top_roof	3771
mcwroofs:black_concrete_lower_roof	3772
mcwroofs:black_concrete_steep_roof	3773
mcwroofs:black_concrete_upper_lower_roof	3774
mcwroofs:black_concrete_upper_steep_roof	3775
mcwroofs:blue_concrete_roof	3776
mcwroofs:blue_concrete_attic_roof	3777
mcwroofs:blue_concrete_top_roof	3778
mcwroofs:blue_concrete_lower_roof	3779
mcwroofs:blue_concrete_steep_roof	3780
mcwroofs:blue_concrete_upper_lower_roof	3781
mcwroofs:blue_concrete_upper_steep_roof	3782
mcwroofs:light_blue_concrete_roof	3783
mcwroofs:light_blue_concrete_attic_roof	3784
mcwroofs:light_blue_concrete_top_roof	3785
mcwroofs:light_blue_concrete_lower_roof	3786
mcwroofs:light_blue_concrete_steep_roof	3787
mcwroofs:light_blue_concrete_upper_lower_roof	3788
mcwroofs:light_blue_concrete_upper_steep_roof	3789
mcwroofs:cyan_concrete_roof	3790
mcwroofs:cyan_concrete_attic_roof	3791
mcwroofs:cyan_concrete_top_roof	3792
mcwroofs:cyan_concrete_lower_roof	3793
mcwroofs:cyan_concrete_steep_roof	3794
mcwroofs:cyan_concrete_upper_lower_roof	3795
mcwroofs:cyan_concrete_upper_steep_roof	3796
mcwroofs:lime_concrete_roof	3797
mcwroofs:lime_concrete_attic_roof	3798
mcwroofs:lime_concrete_top_roof	3799
mcwroofs:lime_concrete_lower_roof	3800
mcwroofs:lime_concrete_steep_roof	3801
mcwroofs:lime_concrete_upper_lower_roof	3802
mcwroofs:lime_concrete_upper_steep_roof	3803
mcwroofs:green_concrete_roof	3804
mcwroofs:green_concrete_attic_roof	3805
mcwroofs:green_concrete_top_roof	3806
mcwroofs:green_concrete_lower_roof	3807
mcwroofs:green_concrete_steep_roof	3808
mcwroofs:green_concrete_upper_lower_roof	3809
mcwroofs:green_concrete_upper_steep_roof	3810
mcwroofs:yellow_concrete_roof	3811
mcwroofs:yellow_concrete_attic_roof	3812
mcwroofs:yellow_concrete_top_roof	3813
mcwroofs:yellow_concrete_lower_roof	3814
mcwroofs:yellow_concrete_steep_roof	3815
mcwroofs:yellow_concrete_upper_lower_roof	3816
mcwroofs:yellow_concrete_upper_steep_roof	3817
mcwroofs:brown_concrete_roof	3818
mcwroofs:brown_concrete_attic_roof	3819
mcwroofs:brown_concrete_top_roof	3820
mcwroofs:brown_concrete_lower_roof	3821
mcwroofs:brown_concrete_steep_roof	3822
mcwroofs:brown_concrete_upper_lower_roof	3823
mcwroofs:brown_concrete_upper_steep_roof	3824
mcwroofs:orange_concrete_roof	3825
mcwroofs:orange_concrete_attic_roof	3826
mcwroofs:orange_concrete_top_roof	3827
mcwroofs:orange_concrete_lower_roof	3828
mcwroofs:orange_concrete_steep_roof	3829
mcwroofs:orange_concrete_upper_lower_roof	3830
mcwroofs:orange_concrete_upper_steep_roof	3831
mcwroofs:red_concrete_roof	3832
mcwroofs:red_concrete_attic_roof	3833
mcwroofs:red_concrete_top_roof	3834
mcwroofs:red_concrete_lower_roof	3835
mcwroofs:red_concrete_steep_roof	3836
mcwroofs:red_concrete_upper_lower_roof	3837
mcwroofs:red_concrete_upper_steep_roof	3838
mcwroofs:magenta_concrete_roof	3839
mcwroofs:magenta_concrete_attic_roof	3840
mcwroofs:magenta_concrete_top_roof	3841
mcwroofs:magenta_concrete_lower_roof	3842
mcwroofs:magenta_concrete_steep_roof	3843
mcwroofs:magenta_concrete_upper_lower_roof	3844
mcwroofs:magenta_concrete_upper_steep_roof	3845
mcwroofs:pink_concrete_roof	3846
mcwroofs:pink_concrete_attic_roof	3847
mcwroofs:pink_concrete_top_roof	3848
mcwroofs:pink_concrete_lower_roof	3849
mcwroofs:pink_concrete_steep_roof	3850
mcwroofs:pink_concrete_upper_lower_roof	3851
mcwroofs:pink_concrete_upper_steep_roof	3852
mcwroofs:purple_concrete_roof	3853
mcwroofs:purple_concrete_attic_roof	3854
mcwroofs:purple_concrete_top_roof	3855
mcwroofs:purple_concrete_lower_roof	3856
mcwroofs:purple_concrete_steep_roof	3857
mcwroofs:purple_concrete_upper_lower_roof	3858
mcwroofs:purple_concrete_upper_steep_roof	3859
mcwroofs:white_roof	3860
mcwroofs:white_attic_roof	3861
mcwroofs:white_top_roof	3862
mcwroofs:white_lower_roof	3863
mcwroofs:white_steep_roof	3864
mcwroofs:white_upper_lower_roof	3865
mcwroofs:white_upper_steep_roof	3866
mcwroofs:white_roof_block	3867
mcwroofs:white_roof_slab	3868
mcwroofs:light_gray_roof	3869
mcwroofs:light_gray_attic_roof	3870
mcwroofs:light_gray_top_roof	3871
mcwroofs:light_gray_lower_roof	3872
mcwroofs:light_gray_steep_roof	3873
mcwroofs:light_gray_upper_lower_roof	3874
mcwroofs:light_gray_upper_steep_roof	3875
mcwroofs:light_gray_roof_block	3876
mcwroofs:light_gray_roof_slab	3877
mcwroofs:gray_roof	3878
mcwroofs:gray_attic_roof	3879
mcwroofs:gray_top_roof	3880
mcwroofs:gray_lower_roof	3881
mcwroofs:gray_steep_roof	3882
mcwroofs:gray_upper_lower_roof	3883
mcwroofs:gray_upper_steep_roof	3884
mcwroofs:gray_roof_block	3885
mcwroofs:gray_roof_slab	3886
mcwroofs:black_roof	3887
mcwroofs:black_attic_roof	3888
mcwroofs:black_top_roof	3889
mcwroofs:black_lower_roof	3890
mcwroofs:black_steep_roof	3891
mcwroofs:black_upper_lower_roof	3892
mcwroofs:black_upper_steep_roof	3893
mcwroofs:black_roof_block	3894
mcwroofs:black_roof_slab	3895
mcwroofs:base_roof	3896
mcwroofs:base_attic_roof	3897
mcwroofs:base_top_roof	3898
mcwroofs:base_lower_roof	3899
mcwroofs:base_steep_roof	3900
mcwroofs:base_upper_lower_roof	3901
mcwroofs:base_upper_steep_roof	3902
mcwroofs:base_roof_block	3903
mcwroofs:base_roof_slab	3904
mcwroofs:stone_roof	3905
mcwroofs:stone_attic_roof	3906
mcwroofs:stone_top_roof	3907
mcwroofs:stone_lower_roof	3908
mcwroofs:stone_steep_roof	3909
mcwroofs:stone_upper_lower_roof	3910
mcwroofs:stone_upper_steep_roof	3911
mcwroofs:granite_roof	3912
mcwroofs:granite_attic_roof	3913
mcwroofs:granite_top_roof	3914
mcwroofs:granite_lower_roof	3915
mcwroofs:granite_steep_roof	3916
mcwroofs:granite_upper_lower_roof	3917
mcwroofs:granite_upper_steep_roof	3918
mcwroofs:diorite_roof	3919
mcwroofs:diorite_attic_roof	3920
mcwroofs:diorite_top_roof	3921
mcwroofs:diorite_lower_roof	3922
mcwroofs:diorite_steep_roof	3923
mcwroofs:diorite_upper_lower_roof	3924
mcwroofs:diorite_upper_steep_roof	3925
mcwroofs:andesite_roof	3926
mcwroofs:andesite_attic_roof	3927
mcwroofs:andesite_top_roof	3928
mcwroofs:andesite_lower_roof	3929
mcwroofs:andesite_steep_roof	3930
mcwroofs:andesite_upper_lower_roof	3931
mcwroofs:andesite_upper_steep_roof	3932
mcwroofs:cobblestone_roof	3933
mcwroofs:cobblestone_attic_roof	3934
mcwroofs:cobblestone_top_roof	3935
mcwroofs:cobblestone_lower_roof	3936
mcwroofs:cobblestone_steep_roof	3937
mcwroofs:cobblestone_upper_lower_roof	3938
mcwroofs:cobblestone_upper_steep_roof	3939
mcwroofs:sandstone_roof	3940
mcwroofs:sandstone_attic_roof	3941
mcwroofs:sandstone_top_roof	3942
mcwroofs:sandstone_lower_roof	3943
mcwroofs:sandstone_steep_roof	3944
mcwroofs:sandstone_upper_lower_roof	3945
mcwroofs:sandstone_upper_steep_roof	3946
mcwroofs:red_sandstone_roof	3947
mcwroofs:red_sandstone_attic_roof	3948
mcwroofs:red_sandstone_top_roof	3949
mcwroofs:red_sandstone_lower_roof	3950
mcwroofs:red_sandstone_steep_roof	3951
mcwroofs:red_sandstone_upper_lower_roof	3952
mcwroofs:red_sandstone_upper_steep_roof	3953
mcwroofs:bricks_roof	3954
mcwroofs:bricks_attic_roof	3955
mcwroofs:bricks_top_roof	3956
mcwroofs:bricks_lower_roof	3957
mcwroofs:bricks_steep_roof	3958
mcwroofs:bricks_upper_lower_roof	3959
mcwroofs:bricks_upper_steep_roof	3960
mcwroofs:blackstone_roof	3961
mcwroofs:blackstone_attic_roof	3962
mcwroofs:blackstone_top_roof	3963
mcwroofs:blackstone_lower_roof	3964
mcwroofs:blackstone_steep_roof	3965
mcwroofs:blackstone_upper_lower_roof	3966
mcwroofs:blackstone_upper_steep_roof	3967
mcwroofs:deepslate_roof	3968
mcwroofs:deepslate_attic_roof	3969
mcwroofs:deepslate_top_roof	3970
mcwroofs:deepslate_lower_roof	3971
mcwroofs:deepslate_steep_roof	3972
mcwroofs:deepslate_upper_lower_roof	3973
mcwroofs:deepslate_upper_steep_roof	3974
mcwroofs:mud_brick_roof	3975
mcwroofs:mud_brick_attic_roof	3976
mcwroofs:mud_brick_top_roof	3977
mcwroofs:mud_brick_lower_roof	3978
mcwroofs:mud_brick_steep_roof	3979
mcwroofs:mud_brick_upper_lower_roof	3980
mcwroofs:mud_brick_upper_steep_roof	3981
mcwroofs:thatch_roof	3982
mcwroofs:thatch_attic_roof	3983
mcwroofs:thatch_top_roof	3984
mcwroofs:thatch_lower_roof	3985
mcwroofs:thatch_steep_roof	3986
mcwroofs:thatch_upper_lower_roof	3987
mcwroofs:thatch_upper_steep_roof	3988
mcwroofs:prismarine_brick_roof	3989
mcwroofs:prismarine_brick_attic_roof	3990
mcwroofs:prismarine_brick_top_roof	3991
mcwroofs:prismarine_brick_lower_roof	3992
mcwroofs:prismarine_brick_steep_roof	3993
mcwroofs:prismarine_brick_upper_lower_roof	3994
mcwroofs:prismarine_brick_upper_steep_roof	3995
mcwroofs:dark_prismarine_roof	3996
mcwroofs:dark_prismarine_attic_roof	3997
mcwroofs:dark_prismarine_top_roof	3998
mcwroofs:dark_prismarine_lower_roof	3999
mcwroofs:dark_prismarine_steep_roof	4000
mcwroofs:dark_prismarine_upper_lower_roof	4001
mcwroofs:dark_prismarine_upper_steep_roof	4002
mcwroofs:black_striped_awning	4003
mcwroofs:blue_striped_awning	4004
mcwroofs:brown_striped_awning	4005
mcwroofs:cyan_striped_awning	4006
mcwroofs:gray_striped_awning	4007
mcwroofs:green_striped_awning	4008
mcwroofs:light_blue_striped_awning	4009
mcwroofs:light_gray_striped_awning	4010
mcwroofs:lime_striped_awning	4011
mcwroofs:magenta_striped_awning	4012
mcwroofs:orange_striped_awning	4013
mcwroofs:pink_striped_awning	4014
mcwroofs:purple_striped_awning	4015
mcwroofs:red_striped_awning	4016
mcwroofs:yellow_striped_awning	4017
mcwroofs:gutter_base_yellow	4018
mcwroofs:gutter_base_orange	4019
mcwroofs:gutter_base_red	4020
mcwroofs:gutter_base_pink	4021
mcwroofs:gutter_base_magenta	4022
mcwroofs:gutter_base_purple	4023
mcwroofs:gutter_base_light_blue	4024
mcwroofs:gutter_base_blue	4025
mcwroofs:gutter_base_cyan	4026
mcwroofs:gutter_base_lime	4027
mcwroofs:gutter_base_green	4028
mcwroofs:gutter_base_brown	4029
mcwroofs:gutter_base	4030
mcwroofs:gutter_base_black	4031
mcwroofs:gutter_base_gray	4032
mcwroofs:gutter_base_light_gray	4033
mcwroofs:gutter_base_white	4034
mcwroofs:gutter_middle_yellow	4035
mcwroofs:gutter_middle_orange	4036
mcwroofs:gutter_middle_red	4037
mcwroofs:gutter_middle_pink	4038
mcwroofs:gutter_middle_magenta	4039
mcwroofs:gutter_middle_purple	4040
mcwroofs:gutter_middle_light_blue	4041
mcwroofs:gutter_middle_blue	4042
mcwroofs:gutter_middle_cyan	4043
mcwroofs:gutter_middle_lime	4044
mcwroofs:gutter_middle_green	4045
mcwroofs:gutter_middle_brown	4046
mcwroofs:gutter_middle	4047
mcwroofs:gutter_middle_black	4048
mcwroofs:gutter_middle_gray	4049
mcwroofs:gutter_middle_light_gray	4050
mcwroofs:gutter_middle_white	4051
mcwroofs:nether_bricks_roof	4052
mcwroofs:nether_bricks_attic_roof	4053
mcwroofs:nether_bricks_top_roof	4054
mcwroofs:nether_bricks_lower_roof	4055
mcwroofs:nether_bricks_steep_roof	4056
mcwroofs:nether_bricks_upper_lower_roof	4057
mcwroofs:nether_bricks_upper_steep_roof	4058
mcwroofs:red_nether_bricks_roof	4059
mcwroofs:red_nether_bricks_attic_roof	4060
mcwroofs:red_nether_bricks_top_roof	4061
mcwroofs:red_nether_bricks_lower_roof	4062
mcwroofs:red_nether_bricks_steep_roof	4063
mcwroofs:red_nether_bricks_upper_lower_roof	4064
mcwroofs:red_nether_bricks_upper_steep_roof	4065
mcwroofs:cherry_roof	4066
mcwroofs:cherry_attic_roof	4067
mcwroofs:cherry_top_roof	4068
mcwroofs:cherry_lower_roof	4069
mcwroofs:cherry_steep_roof	4070
mcwroofs:cherry_upper_lower_roof	4071
mcwroofs:cherry_upper_steep_roof	4072
mcwroofs:cherry_planks_roof	4073
mcwroofs:cherry_planks_attic_roof	4074
mcwroofs:cherry_planks_top_roof	4075
mcwroofs:cherry_planks_lower_roof	4076
mcwroofs:cherry_planks_steep_roof	4077
mcwroofs:cherry_planks_upper_lower_roof	4078
mcwroofs:cherry_planks_upper_steep_roof	4079
mcwroofs:bamboo_roof	4080
mcwroofs:bamboo_attic_roof	4081
mcwroofs:bamboo_top_roof	4082
mcwroofs:bamboo_lower_roof	4083
mcwroofs:bamboo_steep_roof	4084
mcwroofs:bamboo_upper_lower_roof	4085
mcwroofs:bamboo_upper_steep_roof	4086
mcwroofs:bamboo_planks_roof	4087
mcwroofs:bamboo_planks_attic_roof	4088
mcwroofs:bamboo_planks_top_roof	4089
mcwroofs:bamboo_planks_lower_roof	4090
mcwroofs:bamboo_planks_steep_roof	4091
mcwroofs:bamboo_planks_upper_lower_roof	4092
mcwroofs:bamboo_planks_upper_steep_roof	4093
mcwroofs:bamboo_mosaic_roof	4094
mcwroofs:bamboo_mosaic_attic_roof	4095
mcwroofs:bamboo_mosaic_top_roof	4096
mcwroofs:bamboo_mosaic_lower_roof	4097
mcwroofs:bamboo_mosaic_steep_roof	4098
mcwroofs:bamboo_mosaic_upper_lower_roof	4099
mcwroofs:bamboo_mosaic_upper_steep_roof	4100
mcwroofs:stone_bricks_roof	4101
mcwroofs:stone_bricks_attic_roof	4102
mcwroofs:stone_bricks_top_roof	4103
mcwroofs:stone_bricks_lower_roof	4104
mcwroofs:stone_bricks_steep_roof	4105
mcwroofs:stone_bricks_upper_lower_roof	4106
mcwroofs:stone_bricks_upper_steep_roof	4107
mcwroofs:grass_roof	4108
mcwroofs:grass_attic_roof	4109
mcwroofs:grass_top_roof	4110
mcwroofs:grass_lower_roof	4111
mcwroofs:grass_steep_roof	4112
mcwroofs:grass_upper_lower_roof	4113
mcwroofs:grass_upper_steep_roof	4114
drones:pocket_drone	4115
drones:frame	4116
drones:controller	4117
drones:wood_rotor	4118
drones:iron_rotor	4119
drones:ion_thruster	4120
drones:drill	4121
mcwfurnitures:cabinet_door	4122
mcwfurnitures:cabinet_drawer	4123
mcwfurnitures:oak_wardrobe	4124
mcwfurnitures:oak_modern_wardrobe	4125
mcwfurnitures:oak_double_wardrobe	4126
mcwfurnitures:oak_bookshelf	4127
mcwfurnitures:oak_bookshelf_cupboard	4128
mcwfurnitures:oak_drawer	4129
mcwfurnitures:oak_double_drawer	4130
mcwfurnitures:oak_bookshelf_drawer	4131
mcwfurnitures:oak_lower_bookshelf_drawer	4132
mcwfurnitures:oak_large_drawer	4133
mcwfurnitures:oak_lower_triple_drawer	4134
mcwfurnitures:oak_triple_drawer	4135
mcwfurnitures:oak_desk	4136
mcwfurnitures:oak_covered_desk	4137
mcwfurnitures:oak_modern_desk	4138
mcwfurnitures:oak_table	4139
mcwfurnitures:oak_end_table	4140
mcwfurnitures:oak_coffee_table	4141
mcwfurnitures:oak_glass_table	4142
mcwfurnitures:oak_chair	4143
mcwfurnitures:oak_modern_chair	4144
mcwfurnitures:oak_striped_chair	4145
mcwfurnitures:oak_stool_chair	4146
mcwfurnitures:oak_counter	4147
mcwfurnitures:oak_drawer_counter	4148
mcwfurnitures:oak_double_drawer_counter	4149
mcwfurnitures:oak_cupboard_counter	4150
mcwfurnitures:birch_wardrobe	4151
mcwfurnitures:birch_modern_wardrobe	4152
mcwfurnitures:birch_double_wardrobe	4153
mcwfurnitures:birch_bookshelf	4154
mcwfurnitures:birch_bookshelf_cupboard	4155
mcwfurnitures:birch_drawer	4156
mcwfurnitures:birch_double_drawer	4157
mcwfurnitures:birch_bookshelf_drawer	4158
mcwfurnitures:birch_lower_bookshelf_drawer	4159
mcwfurnitures:birch_large_drawer	4160
mcwfurnitures:birch_lower_triple_drawer	4161
mcwfurnitures:birch_triple_drawer	4162
mcwfurnitures:birch_desk	4163
mcwfurnitures:birch_covered_desk	4164
mcwfurnitures:birch_modern_desk	4165
mcwfurnitures:birch_table	4166
mcwfurnitures:birch_end_table	4167
mcwfurnitures:birch_coffee_table	4168
mcwfurnitures:birch_glass_table	4169
mcwfurnitures:birch_chair	4170
mcwfurnitures:birch_modern_chair	4171
mcwfurnitures:birch_striped_chair	4172
mcwfurnitures:birch_stool_chair	4173
mcwfurnitures:birch_counter	4174
mcwfurnitures:birch_drawer_counter	4175
mcwfurnitures:birch_double_drawer_counter	4176
mcwfurnitures:birch_cupboard_counter	4177
mcwfurnitures:spruce_wardrobe	4178
mcwfurnitures:spruce_modern_wardrobe	4179
mcwfurnitures:spruce_double_wardrobe	4180
mcwfurnitures:spruce_bookshelf	4181
mcwfurnitures:spruce_bookshelf_cupboard	4182
mcwfurnitures:spruce_drawer	4183
mcwfurnitures:spruce_double_drawer	4184
mcwfurnitures:spruce_bookshelf_drawer	4185
mcwfurnitures:spruce_lower_bookshelf_drawer	4186
mcwfurnitures:spruce_large_drawer	4187
mcwfurnitures:spruce_lower_triple_drawer	4188
mcwfurnitures:spruce_triple_drawer	4189
mcwfurnitures:spruce_desk	4190
mcwfurnitures:spruce_covered_desk	4191
mcwfurnitures:spruce_modern_desk	4192
mcwfurnitures:spruce_table	4193
mcwfurnitures:spruce_end_table	4194
mcwfurnitures:spruce_coffee_table	4195
mcwfurnitures:spruce_glass_table	4196
mcwfurnitures:spruce_chair	4197
mcwfurnitures:spruce_modern_chair	4198
mcwfurnitures:spruce_striped_chair	4199
mcwfurnitures:spruce_stool_chair	4200
mcwfurnitures:spruce_counter	4201
mcwfurnitures:spruce_drawer_counter	4202
mcwfurnitures:spruce_double_drawer_counter	4203
mcwfurnitures:spruce_cupboard_counter	4204
mcwfurnitures:jungle_wardrobe	4205
mcwfurnitures:jungle_modern_wardrobe	4206
mcwfurnitures:jungle_double_wardrobe	4207
mcwfurnitures:jungle_bookshelf	4208
mcwfurnitures:jungle_bookshelf_cupboard	4209
mcwfurnitures:jungle_drawer	4210
mcwfurnitures:jungle_double_drawer	4211
mcwfurnitures:jungle_bookshelf_drawer	4212
mcwfurnitures:jungle_lower_bookshelf_drawer	4213
mcwfurnitures:jungle_large_drawer	4214
mcwfurnitures:jungle_lower_triple_drawer	4215
mcwfurnitures:jungle_triple_drawer	4216
mcwfurnitures:jungle_desk	4217
mcwfurnitures:jungle_covered_desk	4218
mcwfurnitures:jungle_modern_desk	4219
mcwfurnitures:jungle_table	4220
mcwfurnitures:jungle_end_table	4221
mcwfurnitures:jungle_coffee_table	4222
mcwfurnitures:jungle_glass_table	4223
mcwfurnitures:jungle_chair	4224
mcwfurnitures:jungle_modern_chair	4225
mcwfurnitures:jungle_striped_chair	4226
mcwfurnitures:jungle_stool_chair	4227
mcwfurnitures:jungle_counter	4228
mcwfurnitures:jungle_drawer_counter	4229
mcwfurnitures:jungle_double_drawer_counter	4230
mcwfurnitures:jungle_cupboard_counter	4231
mcwfurnitures:acacia_wardrobe	4232
mcwfurnitures:acacia_modern_wardrobe	4233
mcwfurnitures:acacia_double_wardrobe	4234
mcwfurnitures:acacia_bookshelf	4235
mcwfurnitures:acacia_bookshelf_cupboard	4236
mcwfurnitures:acacia_drawer	4237
mcwfurnitures:acacia_double_drawer	4238
mcwfurnitures:acacia_bookshelf_drawer	4239
mcwfurnitures:acacia_lower_bookshelf_drawer	4240
mcwfurnitures:acacia_large_drawer	4241
mcwfurnitures:acacia_lower_triple_drawer	4242
mcwfurnitures:acacia_triple_drawer	4243
mcwfurnitures:acacia_desk	4244
mcwfurnitures:acacia_covered_desk	4245
mcwfurnitures:acacia_modern_desk	4246
mcwfurnitures:acacia_table	4247
mcwfurnitures:acacia_end_table	4248
mcwfurnitures:acacia_coffee_table	4249
mcwfurnitures:acacia_glass_table	4250
mcwfurnitures:acacia_chair	4251
mcwfurnitures:acacia_modern_chair	4252
mcwfurnitures:acacia_striped_chair	4253
mcwfurnitures:acacia_stool_chair	4254
mcwfurnitures:acacia_counter	4255
mcwfurnitures:acacia_drawer_counter	4256
mcwfurnitures:acacia_double_drawer_counter	4257
mcwfurnitures:acacia_cupboard_counter	4258
mcwfurnitures:dark_oak_wardrobe	4259
mcwfurnitures:dark_oak_modern_wardrobe	4260
mcwfurnitures:dark_oak_double_wardrobe	4261
mcwfurnitures:dark_oak_bookshelf	4262
mcwfurnitures:dark_oak_bookshelf_cupboard	4263
mcwfurnitures:dark_oak_drawer	4264
mcwfurnitures:dark_oak_double_drawer	4265
mcwfurnitures:dark_oak_bookshelf_drawer	4266
mcwfurnitures:dark_oak_lower_bookshelf_drawer	4267
mcwfurnitures:dark_oak_large_drawer	4268
mcwfurnitures:dark_oak_lower_triple_drawer	4269
mcwfurnitures:dark_oak_triple_drawer	4270
mcwfurnitures:dark_oak_desk	4271
mcwfurnitures:dark_oak_covered_desk	4272
mcwfurnitures:dark_oak_modern_desk	4273
mcwfurnitures:dark_oak_table	4274
mcwfurnitures:dark_oak_end_table	4275
mcwfurnitures:dark_oak_coffee_table	4276
mcwfurnitures:dark_oak_glass_table	4277
mcwfurnitures:dark_oak_chair	4278
mcwfurnitures:dark_oak_modern_chair	4279
mcwfurnitures:dark_oak_striped_chair	4280
mcwfurnitures:dark_oak_stool_chair	4281
mcwfurnitures:dark_oak_counter	4282
mcwfurnitures:dark_oak_drawer_counter	4283
mcwfurnitures:dark_oak_double_drawer_counter	4284
mcwfurnitures:dark_oak_cupboard_counter	4285
mcwfurnitures:crimson_wardrobe	4286
mcwfurnitures:crimson_modern_wardrobe	4287
mcwfurnitures:crimson_double_wardrobe	4288
mcwfurnitures:crimson_bookshelf	4289
mcwfurnitures:crimson_bookshelf_cupboard	4290
mcwfurnitures:crimson_drawer	4291
mcwfurnitures:crimson_double_drawer	4292
mcwfurnitures:crimson_bookshelf_drawer	4293
mcwfurnitures:crimson_lower_bookshelf_drawer	4294
mcwfurnitures:crimson_large_drawer	4295
mcwfurnitures:crimson_lower_triple_drawer	4296
mcwfurnitures:crimson_triple_drawer	4297
mcwfurnitures:crimson_desk	4298
mcwfurnitures:crimson_covered_desk	4299
mcwfurnitures:crimson_modern_desk	4300
mcwfurnitures:crimson_table	4301
mcwfurnitures:crimson_end_table	4302
mcwfurnitures:crimson_coffee_table	4303
mcwfurnitures:crimson_glass_table	4304
mcwfurnitures:crimson_chair	4305
mcwfurnitures:crimson_modern_chair	4306
mcwfurnitures:crimson_striped_chair	4307
mcwfurnitures:crimson_stool_chair	4308
mcwfurnitures:crimson_counter	4309
mcwfurnitures:crimson_drawer_counter	4310
mcwfurnitures:crimson_double_drawer_counter	4311
mcwfurnitures:crimson_cupboard_counter	4312
mcwfurnitures:warped_wardrobe	4313
mcwfurnitures:warped_modern_wardrobe	4314
mcwfurnitures:warped_double_wardrobe	4315
mcwfurnitures:warped_bookshelf	4316
mcwfurnitures:warped_bookshelf_cupboard	4317
mcwfurnitures:warped_drawer	4318
mcwfurnitures:warped_double_drawer	4319
mcwfurnitures:warped_bookshelf_drawer	4320
mcwfurnitures:warped_lower_bookshelf_drawer	4321
mcwfurnitures:warped_large_drawer	4322
mcwfurnitures:warped_lower_triple_drawer	4323
mcwfurnitures:warped_triple_drawer	4324
mcwfurnitures:warped_desk	4325
mcwfurnitures:warped_covered_desk	4326
mcwfurnitures:warped_modern_desk	4327
mcwfurnitures:warped_table	4328
mcwfurnitures:warped_end_table	4329
mcwfurnitures:warped_coffee_table	4330
mcwfurnitures:warped_glass_table	4331
mcwfurnitures:warped_chair	4332
mcwfurnitures:warped_modern_chair	4333
mcwfurnitures:warped_striped_chair	4334
mcwfurnitures:warped_stool_chair	4335
mcwfurnitures:warped_counter	4336
mcwfurnitures:warped_drawer_counter	4337
mcwfurnitures:warped_double_drawer_counter	4338
mcwfurnitures:warped_cupboard_counter	4339
mcwfurnitures:mangrove_wardrobe	4340
mcwfurnitures:mangrove_modern_wardrobe	4341
mcwfurnitures:mangrove_double_wardrobe	4342
mcwfurnitures:mangrove_bookshelf	4343
mcwfurnitures:mangrove_bookshelf_cupboard	4344
mcwfurnitures:mangrove_drawer	4345
mcwfurnitures:mangrove_double_drawer	4346
mcwfurnitures:mangrove_bookshelf_drawer	4347
mcwfurnitures:mangrove_lower_bookshelf_drawer	4348
mcwfurnitures:mangrove_large_drawer	4349
mcwfurnitures:mangrove_lower_triple_drawer	4350
mcwfurnitures:mangrove_triple_drawer	4351
mcwfurnitures:mangrove_desk	4352
mcwfurnitures:mangrove_covered_desk	4353
mcwfurnitures:mangrove_modern_desk	4354
mcwfurnitures:mangrove_table	4355
mcwfurnitures:mangrove_end_table	4356
mcwfurnitures:mangrove_coffee_table	4357
mcwfurnitures:mangrove_glass_table	4358
mcwfurnitures:mangrove_chair	4359
mcwfurnitures:mangrove_modern_chair	4360
mcwfurnitures:mangrove_striped_chair	4361
mcwfurnitures:mangrove_stool_chair	4362
mcwfurnitures:mangrove_counter	4363
mcwfurnitures:mangrove_drawer_counter	4364
mcwfurnitures:mangrove_double_drawer_counter	4365
mcwfurnitures:mangrove_cupboard_counter	4366
mcwfurnitures:stripped_oak_wardrobe	4367
mcwfurnitures:stripped_oak_modern_wardrobe	4368
mcwfurnitures:stripped_oak_double_wardrobe	4369
mcwfurnitures:stripped_oak_bookshelf	4370
mcwfurnitures:stripped_oak_bookshelf_cupboard	4371
mcwfurnitures:stripped_oak_drawer	4372
mcwfurnitures:stripped_oak_double_drawer	4373
mcwfurnitures:stripped_oak_bookshelf_drawer	4374
mcwfurnitures:stripped_oak_lower_bookshelf_drawer	4375
mcwfurnitures:stripped_oak_large_drawer	4376
mcwfurnitures:stripped_oak_lower_triple_drawer	4377
mcwfurnitures:stripped_oak_triple_drawer	4378
mcwfurnitures:stripped_oak_desk	4379
mcwfurnitures:stripped_oak_covered_desk	4380
mcwfurnitures:stripped_oak_modern_desk	4381
mcwfurnitures:stripped_oak_table	4382
mcwfurnitures:stripped_oak_end_table	4383
mcwfurnitures:stripped_oak_coffee_table	4384
mcwfurnitures:stripped_oak_glass_table	4385
mcwfurnitures:stripped_oak_chair	4386
mcwfurnitures:stripped_oak_modern_chair	4387
mcwfurnitures:stripped_oak_striped_chair	4388
mcwfurnitures:stripped_oak_stool_chair	4389
mcwfurnitures:stripped_oak_counter	4390
mcwfurnitures:stripped_oak_drawer_counter	4391
mcwfurnitures:stripped_oak_double_drawer_counter	4392
mcwfurnitures:stripped_oak_cupboard_counter	4393
mcwfurnitures:stripped_birch_wardrobe	4394
mcwfurnitures:stripped_birch_modern_wardrobe	4395
mcwfurnitures:stripped_birch_double_wardrobe	4396
mcwfurnitures:stripped_birch_bookshelf	4397
mcwfurnitures:stripped_birch_bookshelf_cupboard	4398
mcwfurnitures:stripped_birch_drawer	4399
mcwfurnitures:stripped_birch_double_drawer	4400
mcwfurnitures:stripped_birch_bookshelf_drawer	4401
mcwfurnitures:stripped_birch_lower_bookshelf_drawer	4402
mcwfurnitures:stripped_birch_large_drawer	4403
mcwfurnitures:stripped_birch_lower_triple_drawer	4404
mcwfurnitures:stripped_birch_triple_drawer	4405
mcwfurnitures:stripped_birch_desk	4406
mcwfurnitures:stripped_birch_covered_desk	4407
mcwfurnitures:stripped_birch_modern_desk	4408
mcwfurnitures:stripped_birch_table	4409
mcwfurnitures:stripped_birch_end_table	4410
mcwfurnitures:stripped_birch_coffee_table	4411
mcwfurnitures:stripped_birch_glass_table	4412
mcwfurnitures:stripped_birch_chair	4413
mcwfurnitures:stripped_birch_modern_chair	4414
mcwfurnitures:stripped_birch_striped_chair	4415
mcwfurnitures:stripped_birch_stool_chair	4416
mcwfurnitures:stripped_birch_counter	4417
mcwfurnitures:stripped_birch_drawer_counter	4418
mcwfurnitures:stripped_birch_double_drawer_counter	4419
mcwfurnitures:stripped_birch_cupboard_counter	4420
mcwfurnitures:stripped_spruce_wardrobe	4421
mcwfurnitures:stripped_spruce_modern_wardrobe	4422
mcwfurnitures:stripped_spruce_double_wardrobe	4423
mcwfurnitures:stripped_spruce_bookshelf	4424
mcwfurnitures:stripped_spruce_bookshelf_cupboard	4425
mcwfurnitures:stripped_spruce_drawer	4426
mcwfurnitures:stripped_spruce_double_drawer	4427
mcwfurnitures:stripped_spruce_bookshelf_drawer	4428
mcwfurnitures:stripped_spruce_lower_bookshelf_drawer	4429
mcwfurnitures:stripped_spruce_large_drawer	4430
mcwfurnitures:stripped_spruce_lower_triple_drawer	4431
mcwfurnitures:stripped_spruce_triple_drawer	4432
mcwfurnitures:stripped_spruce_desk	4433
mcwfurnitures:stripped_spruce_covered_desk	4434
mcwfurnitures:stripped_spruce_modern_desk	4435
mcwfurnitures:stripped_spruce_table	4436
mcwfurnitures:stripped_spruce_end_table	4437
mcwfurnitures:stripped_spruce_coffee_table	4438
mcwfurnitures:stripped_spruce_glass_table	4439
mcwfurnitures:stripped_spruce_chair	4440
mcwfurnitures:stripped_spruce_modern_chair	4441
mcwfurnitures:stripped_spruce_striped_chair	4442
mcwfurnitures:stripped_spruce_stool_chair	4443
mcwfurnitures:stripped_spruce_counter	4444
mcwfurnitures:stripped_spruce_drawer_counter	4445
mcwfurnitures:stripped_spruce_double_drawer_counter	4446
mcwfurnitures:stripped_spruce_cupboard_counter	4447
mcwfurnitures:stripped_jungle_wardrobe	4448
mcwfurnitures:stripped_jungle_modern_wardrobe	4449
mcwfurnitures:stripped_jungle_double_wardrobe	4450
mcwfurnitures:stripped_jungle_bookshelf	4451
mcwfurnitures:stripped_jungle_bookshelf_cupboard	4452
mcwfurnitures:stripped_jungle_drawer	4453
mcwfurnitures:stripped_jungle_double_drawer	4454
mcwfurnitures:stripped_jungle_bookshelf_drawer	4455
mcwfurnitures:stripped_jungle_lower_bookshelf_drawer	4456
mcwfurnitures:stripped_jungle_large_drawer	4457
mcwfurnitures:stripped_jungle_lower_triple_drawer	4458
mcwfurnitures:stripped_jungle_triple_drawer	4459
mcwfurnitures:stripped_jungle_desk	4460
mcwfurnitures:stripped_jungle_covered_desk	4461
mcwfurnitures:stripped_jungle_modern_desk	4462
mcwfurnitures:stripped_jungle_table	4463
mcwfurnitures:stripped_jungle_end_table	4464
mcwfurnitures:stripped_jungle_coffee_table	4465
mcwfurnitures:stripped_jungle_glass_table	4466
mcwfurnitures:stripped_jungle_chair	4467
mcwfurnitures:stripped_jungle_modern_chair	4468
mcwfurnitures:stripped_jungle_striped_chair	4469
mcwfurnitures:stripped_jungle_stool_chair	4470
mcwfurnitures:stripped_jungle_counter	4471
mcwfurnitures:stripped_jungle_drawer_counter	4472
mcwfurnitures:stripped_jungle_double_drawer_counter	4473
mcwfurnitures:stripped_jungle_cupboard_counter	4474
mcwfurnitures:stripped_acacia_wardrobe	4475
mcwfurnitures:stripped_acacia_modern_wardrobe	4476
mcwfurnitures:stripped_acacia_double_wardrobe	4477
mcwfurnitures:stripped_acacia_bookshelf	4478
mcwfurnitures:stripped_acacia_bookshelf_cupboard	4479
mcwfurnitures:stripped_acacia_drawer	4480
mcwfurnitures:stripped_acacia_double_drawer	4481
mcwfurnitures:stripped_acacia_bookshelf_drawer	4482
mcwfurnitures:stripped_acacia_lower_bookshelf_drawer	4483
mcwfurnitures:stripped_acacia_large_drawer	4484
mcwfurnitures:stripped_acacia_lower_triple_drawer	4485
mcwfurnitures:stripped_acacia_triple_drawer	4486
mcwfurnitures:stripped_acacia_desk	4487
mcwfurnitures:stripped_acacia_covered_desk	4488
mcwfurnitures:stripped_acacia_modern_desk	4489
mcwfurnitures:stripped_acacia_table	4490
mcwfurnitures:stripped_acacia_end_table	4491
mcwfurnitures:stripped_acacia_coffee_table	4492
mcwfurnitures:stripped_acacia_glass_table	4493
mcwfurnitures:stripped_acacia_chair	4494
mcwfurnitures:stripped_acacia_modern_chair	4495
mcwfurnitures:stripped_acacia_striped_chair	4496
mcwfurnitures:stripped_acacia_stool_chair	4497
mcwfurnitures:stripped_acacia_counter	4498
mcwfurnitures:stripped_acacia_drawer_counter	4499
mcwfurnitures:stripped_acacia_double_drawer_counter	4500
mcwfurnitures:stripped_acacia_cupboard_counter	4501
mcwfurnitures:stripped_dark_oak_wardrobe	4502
mcwfurnitures:stripped_dark_oak_modern_wardrobe	4503
mcwfurnitures:stripped_dark_oak_double_wardrobe	4504
mcwfurnitures:stripped_dark_oak_bookshelf	4505
mcwfurnitures:stripped_dark_oak_bookshelf_cupboard	4506
mcwfurnitures:stripped_dark_oak_drawer	4507
mcwfurnitures:stripped_dark_oak_double_drawer	4508
mcwfurnitures:stripped_dark_oak_bookshelf_drawer	4509
mcwfurnitures:stripped_dark_oak_lower_bookshelf_drawer	4510
mcwfurnitures:stripped_dark_oak_large_drawer	4511
mcwfurnitures:stripped_dark_oak_lower_triple_drawer	4512
mcwfurnitures:stripped_dark_oak_triple_drawer	4513
mcwfurnitures:stripped_dark_oak_desk	4514
mcwfurnitures:stripped_dark_oak_covered_desk	4515
mcwfurnitures:stripped_dark_oak_modern_desk	4516
mcwfurnitures:stripped_dark_oak_table	4517
mcwfurnitures:stripped_dark_oak_end_table	4518
mcwfurnitures:stripped_dark_oak_coffee_table	4519
mcwfurnitures:stripped_dark_oak_glass_table	4520
mcwfurnitures:stripped_dark_oak_chair	4521
mcwfurnitures:stripped_dark_oak_modern_chair	4522
mcwfurnitures:stripped_dark_oak_striped_chair	4523
mcwfurnitures:stripped_dark_oak_stool_chair	4524
mcwfurnitures:stripped_dark_oak_counter	4525
mcwfurnitures:stripped_dark_oak_drawer_counter	4526
mcwfurnitures:stripped_dark_oak_double_drawer_counter	4527
mcwfurnitures:stripped_dark_oak_cupboard_counter	4528
mcwfurnitures:stripped_crimson_wardrobe	4529
mcwfurnitures:stripped_crimson_modern_wardrobe	4530
mcwfurnitures:stripped_crimson_double_wardrobe	4531
mcwfurnitures:stripped_crimson_bookshelf	4532
mcwfurnitures:stripped_crimson_bookshelf_cupboard	4533
mcwfurnitures:stripped_crimson_drawer	4534
mcwfurnitures:stripped_crimson_double_drawer	4535
mcwfurnitures:stripped_crimson_bookshelf_drawer	4536
mcwfurnitures:stripped_crimson_lower_bookshelf_drawer	4537
mcwfurnitures:stripped_crimson_large_drawer	4538
mcwfurnitures:stripped_crimson_lower_triple_drawer	4539
mcwfurnitures:stripped_crimson_triple_drawer	4540
mcwfurnitures:stripped_crimson_desk	4541
mcwfurnitures:stripped_crimson_covered_desk	4542
mcwfurnitures:stripped_crimson_modern_desk	4543
mcwfurnitures:stripped_crimson_table	4544
mcwfurnitures:stripped_crimson_end_table	4545
mcwfurnitures:stripped_crimson_coffee_table	4546
mcwfurnitures:stripped_crimson_glass_table	4547
mcwfurnitures:stripped_crimson_chair	4548
mcwfurnitures:stripped_crimson_modern_chair	4549
mcwfurnitures:stripped_crimson_striped_chair	4550
mcwfurnitures:stripped_crimson_stool_chair	4551
mcwfurnitures:stripped_crimson_counter	4552
mcwfurnitures:stripped_crimson_drawer_counter	4553
mcwfurnitures:stripped_crimson_double_drawer_counter	4554
mcwfurnitures:stripped_crimson_cupboard_counter	4555
mcwfurnitures:stripped_warped_wardrobe	4556
mcwfurnitures:stripped_warped_modern_wardrobe	4557
mcwfurnitures:stripped_warped_double_wardrobe	4558
mcwfurnitures:stripped_warped_bookshelf	4559
mcwfurnitures:stripped_warped_bookshelf_cupboard	4560
mcwfurnitures:stripped_warped_drawer	4561
mcwfurnitures:stripped_warped_double_drawer	4562
mcwfurnitures:stripped_warped_bookshelf_drawer	4563
mcwfurnitures:stripped_warped_lower_bookshelf_drawer	4564
mcwfurnitures:stripped_warped_large_drawer	4565
mcwfurnitures:stripped_warped_lower_triple_drawer	4566
mcwfurnitures:stripped_warped_triple_drawer	4567
mcwfurnitures:stripped_warped_desk	4568
mcwfurnitures:stripped_warped_covered_desk	4569
mcwfurnitures:stripped_warped_modern_desk	4570
mcwfurnitures:stripped_warped_table	4571
mcwfurnitures:stripped_warped_end_table	4572
mcwfurnitures:stripped_warped_coffee_table	4573
mcwfurnitures:stripped_warped_glass_table	4574
mcwfurnitures:stripped_warped_chair	4575
mcwfurnitures:stripped_warped_modern_chair	4576
mcwfurnitures:stripped_warped_striped_chair	4577
mcwfurnitures:stripped_warped_stool_chair	4578
mcwfurnitures:stripped_warped_counter	4579
mcwfurnitures:stripped_warped_drawer_counter	4580
mcwfurnitures:stripped_warped_double_drawer_counter	4581
mcwfurnitures:stripped_warped_cupboard_counter	4582
mcwfurnitures:stripped_mangrove_wardrobe	4583
mcwfurnitures:stripped_mangrove_modern_wardrobe	4584
mcwfurnitures:stripped_mangrove_double_wardrobe	4585
mcwfurnitures:stripped_mangrove_bookshelf	4586
mcwfurnitures:stripped_mangrove_bookshelf_cupboard	4587
mcwfurnitures:stripped_mangrove_drawer	4588
mcwfurnitures:stripped_mangrove_double_drawer	4589
mcwfurnitures:stripped_mangrove_bookshelf_drawer	4590
mcwfurnitures:stripped_mangrove_lower_bookshelf_drawer	4591
mcwfurnitures:stripped_mangrove_large_drawer	4592
mcwfurnitures:stripped_mangrove_lower_triple_drawer	4593
mcwfurnitures:stripped_mangrove_triple_drawer	4594
mcwfurnitures:stripped_mangrove_desk	4595
mcwfurnitures:stripped_mangrove_covered_desk	4596
mcwfurnitures:stripped_mangrove_modern_desk	4597
mcwfurnitures:stripped_mangrove_table	4598
mcwfurnitures:stripped_mangrove_end_table	4599
mcwfurnitures:stripped_mangrove_coffee_table	4600
mcwfurnitures:stripped_mangrove_glass_table	4601
mcwfurnitures:stripped_mangrove_chair	4602
mcwfurnitures:stripped_mangrove_modern_chair	4603
mcwfurnitures:stripped_mangrove_striped_chair	4604
mcwfurnitures:stripped_mangrove_stool_chair	4605
mcwfurnitures:stripped_mangrove_counter	4606
mcwfurnitures:stripped_mangrove_drawer_counter	4607
mcwfurnitures:stripped_mangrove_double_drawer_counter	4608
mcwfurnitures:stripped_mangrove_cupboard_counter	4609
mcwfurnitures:cherry_wardrobe	4610
mcwfurnitures:cherry_modern_wardrobe	4611
mcwfurnitures:cherry_double_wardrobe	4612
mcwfurnitures:cherry_bookshelf	4613
mcwfurnitures:cherry_bookshelf_cupboard	4614
mcwfurnitures:cherry_drawer	4615
mcwfurnitures:cherry_double_drawer	4616
mcwfurnitures:cherry_bookshelf_drawer	4617
mcwfurnitures:cherry_lower_bookshelf_drawer	4618
mcwfurnitures:cherry_large_drawer	4619
mcwfurnitures:cherry_lower_triple_drawer	4620
mcwfurnitures:cherry_triple_drawer	4621
mcwfurnitures:cherry_desk	4622
mcwfurnitures:cherry_covered_desk	4623
mcwfurnitures:cherry_modern_desk	4624
mcwfurnitures:cherry_table	4625
mcwfurnitures:cherry_end_table	4626
mcwfurnitures:cherry_coffee_table	4627
mcwfurnitures:cherry_glass_table	4628
mcwfurnitures:cherry_chair	4629
mcwfurnitures:cherry_modern_chair	4630
mcwfurnitures:cherry_striped_chair	4631
mcwfurnitures:cherry_stool_chair	4632
mcwfurnitures:cherry_counter	4633
mcwfurnitures:cherry_drawer_counter	4634
mcwfurnitures:cherry_double_drawer_counter	4635
mcwfurnitures:cherry_cupboard_counter	4636
mcwfurnitures:stripped_cherry_wardrobe	4637
mcwfurnitures:stripped_cherry_modern_wardrobe	4638
mcwfurnitures:stripped_cherry_double_wardrobe	4639
mcwfurnitures:stripped_cherry_bookshelf	4640
mcwfurnitures:stripped_cherry_bookshelf_cupboard	4641
mcwfurnitures:stripped_cherry_drawer	4642
mcwfurnitures:stripped_cherry_double_drawer	4643
mcwfurnitures:stripped_cherry_bookshelf_drawer	4644
mcwfurnitures:stripped_cherry_lower_bookshelf_drawer	4645
mcwfurnitures:stripped_cherry_large_drawer	4646
mcwfurnitures:stripped_cherry_lower_triple_drawer	4647
mcwfurnitures:stripped_cherry_triple_drawer	4648
mcwfurnitures:stripped_cherry_desk	4649
mcwfurnitures:stripped_cherry_covered_desk	4650
mcwfurnitures:stripped_cherry_modern_desk	4651
mcwfurnitures:stripped_cherry_table	4652
mcwfurnitures:stripped_cherry_end_table	4653
mcwfurnitures:stripped_cherry_coffee_table	4654
mcwfurnitures:stripped_cherry_glass_table	4655
mcwfurnitures:stripped_cherry_chair	4656
mcwfurnitures:stripped_cherry_modern_chair	4657
mcwfurnitures:stripped_cherry_striped_chair	4658
mcwfurnitures:stripped_cherry_stool_chair	4659
mcwfurnitures:stripped_cherry_counter	4660
mcwfurnitures:stripped_cherry_drawer_counter	4661
mcwfurnitures:stripped_cherry_double_drawer_counter	4662
mcwfurnitures:stripped_cherry_cupboard_counter	4663
mcwfurnitures:oak_kitchen_cabinet	4664
mcwfurnitures:oak_double_kitchen_cabinet	4665
mcwfurnitures:oak_glass_kitchen_cabinet	4666
mcwfurnitures:stripped_oak_kitchen_cabinet	4667
mcwfurnitures:stripped_oak_double_kitchen_cabinet	4668
mcwfurnitures:stripped_oak_glass_kitchen_cabinet	4669
mcwfurnitures:birch_kitchen_cabinet	4670
mcwfurnitures:birch_double_kitchen_cabinet	4671
mcwfurnitures:birch_glass_kitchen_cabinet	4672
mcwfurnitures:stripped_birch_kitchen_cabinet	4673
mcwfurnitures:stripped_birch_double_kitchen_cabinet	4674
mcwfurnitures:stripped_birch_glass_kitchen_cabinet	4675
mcwfurnitures:spruce_kitchen_cabinet	4676
mcwfurnitures:spruce_double_kitchen_cabinet	4677
mcwfurnitures:spruce_glass_kitchen_cabinet	4678
mcwfurnitures:stripped_spruce_kitchen_cabinet	4679
mcwfurnitures:stripped_spruce_double_kitchen_cabinet	4680
mcwfurnitures:stripped_spruce_glass_kitchen_cabinet	4681
mcwfurnitures:jungle_kitchen_cabinet	4682
mcwfurnitures:jungle_double_kitchen_cabinet	4683
mcwfurnitures:jungle_glass_kitchen_cabinet	4684
mcwfurnitures:stripped_jungle_kitchen_cabinet	4685
mcwfurnitures:stripped_jungle_double_kitchen_cabinet	4686
mcwfurnitures:stripped_jungle_glass_kitchen_cabinet	4687
mcwfurnitures:acacia_kitchen_cabinet	4688
mcwfurnitures:acacia_double_kitchen_cabinet	4689
mcwfurnitures:acacia_glass_kitchen_cabinet	4690
mcwfurnitures:stripped_acacia_kitchen_cabinet	4691
mcwfurnitures:stripped_acacia_double_kitchen_cabinet	4692
mcwfurnitures:stripped_acacia_glass_kitchen_cabinet	4693
mcwfurnitures:dark_oak_kitchen_cabinet	4694
mcwfurnitures:dark_oak_double_kitchen_cabinet	4695
mcwfurnitures:dark_oak_glass_kitchen_cabinet	4696
mcwfurnitures:stripped_dark_oak_kitchen_cabinet	4697
mcwfurnitures:stripped_dark_oak_double_kitchen_cabinet	4698
mcwfurnitures:stripped_dark_oak_glass_kitchen_cabinet	4699
mcwfurnitures:warped_kitchen_cabinet	4700
mcwfurnitures:warped_double_kitchen_cabinet	4701
mcwfurnitures:warped_glass_kitchen_cabinet	4702
mcwfurnitures:stripped_warped_kitchen_cabinet	4703
mcwfurnitures:stripped_warped_double_kitchen_cabinet	4704
mcwfurnitures:stripped_warped_glass_kitchen_cabinet	4705
mcwfurnitures:crimson_kitchen_cabinet	4706
mcwfurnitures:crimson_double_kitchen_cabinet	4707
mcwfurnitures:crimson_glass_kitchen_cabinet	4708
mcwfurnitures:stripped_crimson_kitchen_cabinet	4709
mcwfurnitures:stripped_crimson_double_kitchen_cabinet	4710
mcwfurnitures:stripped_crimson_glass_kitchen_cabinet	4711
mcwfurnitures:mangrove_kitchen_cabinet	4712
mcwfurnitures:mangrove_double_kitchen_cabinet	4713
mcwfurnitures:mangrove_glass_kitchen_cabinet	4714
mcwfurnitures:stripped_mangrove_kitchen_cabinet	4715
mcwfurnitures:stripped_mangrove_double_kitchen_cabinet	4716
mcwfurnitures:stripped_mangrove_glass_kitchen_cabinet	4717
mcwfurnitures:cherry_kitchen_cabinet	4718
mcwfurnitures:cherry_double_kitchen_cabinet	4719
mcwfurnitures:cherry_glass_kitchen_cabinet	4720
mcwfurnitures:stripped_cherry_kitchen_cabinet	4721
mcwfurnitures:stripped_cherry_double_kitchen_cabinet	4722
mcwfurnitures:stripped_cherry_glass_kitchen_cabinet	4723
mcwfurnitures:oak_kitchen_sink	4724
mcwfurnitures:stripped_oak_kitchen_sink	4725
mcwfurnitures:birch_kitchen_sink	4726
mcwfurnitures:stripped_birch_kitchen_sink	4727
mcwfurnitures:spruce_kitchen_sink	4728
mcwfurnitures:stripped_spruce_kitchen_sink	4729
mcwfurnitures:jungle_kitchen_sink	4730
mcwfurnitures:stripped_jungle_kitchen_sink	4731
mcwfurnitures:acacia_kitchen_sink	4732
mcwfurnitures:stripped_acacia_kitchen_sink	4733
mcwfurnitures:dark_oak_kitchen_sink	4734
mcwfurnitures:stripped_dark_oak_kitchen_sink	4735
mcwfurnitures:crimson_kitchen_sink	4736
mcwfurnitures:stripped_crimson_kitchen_sink	4737
mcwfurnitures:warped_kitchen_sink	4738
mcwfurnitures:stripped_warped_kitchen_sink	4739
mcwfurnitures:mangrove_kitchen_sink	4740
mcwfurnitures:stripped_mangrove_kitchen_sink	4741
mcwfurnitures:cherry_kitchen_sink	4742
mcwfurnitures:stripped_cherry_kitchen_sink	4743
mcwfurnitures:white_couch	4744
mcwfurnitures:white_chaise	4745
mcwfurnitures:light_gray_couch	4746
mcwfurnitures:light_gray_chaise	4747
mcwfurnitures:gray_couch	4748
mcwfurnitures:gray_chaise	4749
mcwfurnitures:black_couch	4750
mcwfurnitures:black_chaise	4751
mcwfurnitures:brown_couch	4752
mcwfurnitures:brown_chaise	4753
mcwfurnitures:red_couch	4754
mcwfurnitures:red_chaise	4755
mcwfurnitures:orange_couch	4756
mcwfurnitures:orange_chaise	4757
mcwfurnitures:yellow_couch	4758
mcwfurnitures:yellow_chaise	4759
mcwfurnitures:lime_couch	4760
mcwfurnitures:lime_chaise	4761
mcwfurnitures:green_couch	4762
mcwfurnitures:green_chaise	4763
mcwfurnitures:cyan_couch	4764
mcwfurnitures:cyan_chaise	4765
mcwfurnitures:light_blue_couch	4766
mcwfurnitures:light_blue_chaise	4767
mcwfurnitures:blue_couch	4768
mcwfurnitures:blue_chaise	4769
mcwfurnitures:purple_couch	4770
mcwfurnitures:purple_chaise	4771
mcwfurnitures:magenta_couch	4772
mcwfurnitures:magenta_chaise	4773
mcwfurnitures:pink_couch	4774
mcwfurnitures:pink_chaise	4775
spawn:spawn	4776
spawn:spawn_eggs	4777
spawn:angler_fish_spawn_egg	4778
spawn:angler_fish_bucket	4779
spawn:angler_fish	4780
spawn:tuna_spawn_egg	4781
spawn:tuna_chunk	4782
spawn:cooked_tuna_chunk	4783
spawn:tuna_slice	4784
spawn:cooked_tuna_slice	4785
spawn:tuna_roll	4786
spawn:tuna_sandwich	4787
spawn:tuna_egg_bucket	4788
spawn:seahorse_spawn_egg	4789
spawn:seahorse_bucket	4790
spawn:music_disc_water_horse	4791
spawn:snail_spawn_egg	4792
spawn:snail_eggs	4793
spawn:snail_shell	4794
spawn:big_snail_shell	4795
spawn:snail_shell_tiles	4796
spawn:snail_shell_tile_stairs	4797
spawn:snail_shell_tile_slab	4798
spawn:escargot	4799
spawn:potted_sweet_berries	4800
spawn:mucus	4801
spawn:mucus_block	4802
spawn:ghostly_mucus_block	4803
spawn:hamster_spawn_egg	4804
spawn:hamster_wheel	4805
spawn:dried_hamster	4806
spawn:sunflower	4807
spawn:sunflower_seeds	4808
spawn:roasted_sunflower_seeds	4809
spawn:ant_spawn_egg	4810
spawn:ant_mound	4811
spawn:anthill	4812
spawn:rotten_log_anthill	4813
spawn:ant_farm	4814
spawn:rotten_log	4815
spawn:rotten_wood	4816
spawn:stripped_rotten_log	4817
spawn:stripped_rotten_wood	4818
spawn:rotten_planks	4819
spawn:cracked_rotten_planks	4820
spawn:rotten_stairs	4821
spawn:rotten_slab	4822
spawn:rotten_fence	4823
spawn:rotten_fence_gate	4824
spawn:rotten_door	4825
spawn:rotten_trapdoor	4826
spawn:rotten_pressure_plate	4827
spawn:rotten_button	4828
spawn:rotten_sign	4829
spawn:rotten_hanging_sign	4830
spawn:rotten_boat	4831
spawn:rotten_chest_boat	4832
spawn:fallen_leaves	4833
spawn:ant_pupa	4834
spawn:music_disc_rot	4835
spawn:crown_pottery_sherd	4836
spawn:spade_pottery_sherd	4837
spawn:algal_sand	4838
spawn:big_sea_pickle	4839
spawn:clam_spawn_egg	4840
spawn:clam	4841
spawn:cooked_clam	4842
spawn:steamed_clams	4843
spawn:clam_chowder	4844
spawn:shell_fragments	4845
spawn:casting_net	4846
spawn:pigment_shifter	4847
spawn:clam_case_purple	4848
spawn:clam_case_red	4849
spawn:clam_case_yellow	4850
spawn:clam_case_white	4851
spawn:sea_cow_spawn_egg	4852
spawn:baby_sea_cow_bucket	4853
spawn:school_pottery_sherd	4854
spawn:shell_pottery_sherd	4855
spawn:flukeshroom_spawn_egg	4856
spawn:baby_flukeshroom_bucket	4857
spawn:octopus_spawn_egg	4858
spawn:captured_octopus	4859
spawn:music_disc_jammed	4860
spawn:octoduct	4861
spawn:sunfish_spawn_egg	4862
spawn:baby_sunfish_bucket	4863
spawn:herring_spawn_egg	4864
spawn:herring_bucket	4865
spawn:herring	4866
spawn:cooked_herring	4867
spawn:herring_slice	4868
spawn:cooked_herring_slice	4869
spawn:herring_roll	4870
spawn:canned_herring	4871
spawn:short_windswept_grass	4872
spawn:tall_windswept_grass	4873
spawn:red_algae_block	4874
spawn:hazy_algae_block	4875
spawn:red_algae_carpet	4876
spawn:red_algae	4877
spawn:reefstone	4878
spawn:moray_crevice	4879
spawn:barnacle_cluster	4880
spawn:barnacle	4881
spawn:reefstone_stairs	4882
spawn:reefstone_slab	4883
spawn:reefstone_wall	4884
spawn:algal_reefstone	4885
spawn:algal_reefstone_stairs	4886
spawn:algal_reefstone_slab	4887
spawn:algal_reefstone_wall	4888
spawn:reefstone_tiles	4889
spawn:reefstone_tile_stairs	4890
spawn:reefstone_tile_slab	4891
spawn:reefstone_tile_wall	4892
spawn:sea_urchin	4893
spawn:sea_star	4894
spawn:sea_bunny	4895
spawn:dead_sea_urchin	4896
spawn:dead_sea_star	4897
spawn:wax_coral_block	4898
spawn:thorn_coral_block	4899
spawn:spike_coral_block	4900
spawn:heart_coral_block	4901
spawn:reed_coral_block	4902
spawn:dead_wax_coral_block	4903
spawn:dead_thorn_coral_block	4904
spawn:dead_spike_coral_block	4905
spawn:dead_heart_coral_block	4906
spawn:dead_reed_coral_block	4907
spawn:wax_coral	4908
spawn:thorn_coral	4909
spawn:spike_coral	4910
spawn:heart_coral	4911
spawn:reed_coral	4912
spawn:dead_wax_coral	4913
spawn:dead_thorn_coral	4914
spawn:dead_spike_coral	4915
spawn:dead_heart_coral	4916
spawn:dead_reed_coral	4917
spawn:wax_coral_fan	4918
spawn:thorn_coral_fan	4919
spawn:spike_coral_fan	4920
spawn:heart_coral_fan	4921
spawn:reed_coral_fan	4922
spawn:dead_wax_coral_fan	4923
spawn:dead_thorn_coral_fan	4924
spawn:dead_spike_coral_fan	4925
spawn:dead_heart_coral_fan	4926
spawn:dead_reed_coral_fan	4927
spawn:stickbug_spawn_egg	4928
spawn:suspicious_stick	4929
spawn:music_disc_rain	4930
spawn:spring_dragon_reeds	4931
spawn:summer_dragon_reeds	4932
spawn:fall_dragon_reeds	4933
spawn:winter_dragon_reeds	4934
spawn:barracuda_spawn_egg	4935
spawn:item_in_a_bottle	4936
spawn:broad_grass	4937
spawn:tropical_wildflowers	4938
spawn:date_log	4939
spawn:stripped_date_log	4940
spawn:date_planks	4941
spawn:date_stairs	4942
spawn:date_slab	4943
spawn:date_fence	4944
spawn:date_fence_gate	4945
spawn:date_door	4946
spawn:date_trapdoor	4947
spawn:date_pressure_plate	4948
spawn:date_button	4949
spawn:date_sign	4950
spawn:date_hanging_sign	4951
spawn:date_raft	4952
spawn:date_chest_raft	4953
spawn:date_leaves	4954
spawn:dangling_date_leaves	4955
spawn:date_bunch	4956
spawn:dates	4957
spawn:date_cookie	4958
spawn:date_seed	4959
spawn:heart_of_the_sun	4960
spawn:heliostone	4961
spawn:heliostone_stairs	4962
spawn:heliostone_slab	4963
spawn:heliostone_wall	4964
spawn:unstable_heliostone	4965
spawn:magmatic_splatter	4966
spawn:firekeeper_spawn_egg	4967
spawn:sunstone	4968
spawn:moonstone	4969
spawn:blasted_sand	4970
spawn:blasted_sandstone	4971
spawn:blasted_sandstone_stairs	4972
spawn:blasted_sandstone_slab	4973
spawn:blasted_sandstone_wall	4974
spawn:chiseled_blasted_sandstone	4975
spawn:cut_blasted_sandstone	4976
spawn:cut_blasted_sandstone_slab	4977
spawn:smooth_blasted_sandstone	4978
spawn:smooth_blasted_sandstone_stairs	4979
spawn:smooth_blasted_sandstone_slab	4980
spawn:coastal_crab_spawn_egg	4981
spawn:coastal_crab_bucket	4982
spawn:coastal_crab_claw	4983
spawn:crab_boil_block	4984
spawn:crab_boil	4985
spawn:spider_crab_spawn_egg	4986
spawn:barbed_spawn_egg	4987
spawn:music_disc_barbaric	4988
spawn:stranded_spawn_egg	4989
spawn:iguana_spawn_egg	4990
spawn:iguana_egg	4991
spawn:marine_iguana_spawn_egg	4992
spawn:marine_iguana_egg	4993
spawn:bluefish_spawn_egg	4994
spawn:bluefish_bucket	4995
spawn:bluefish	4996
spawn:cooked_bluefish	4997
spawn:bluefish_slice	4998
spawn:cooked_bluefish_slice	4999
spawn:bluefish_roll	5000
spawn:blenny_spawn_egg	5001
spawn:blenny_bucket	5002
spawn:pilot_fish_spawn_egg	5003
spawn:pilot_fish_bucket	5004
spawn:seal_spawn_egg	5005
spawn:baby_seal_bucket	5006
spawn:booby_spawn_egg	5007
spawn:booby_egg	5008
spawn:booby_egg_shard	5009
spawn:blue_footed_boots	5010
spawn:fly_bottle	5011
spawn:zombified_flower	5012
spawn:dodo_spawn_egg	5013
spawn:dodo	5014
spawn:cooked_dodo	5015
spawn:dodo_translator	5016
spawn:music_disc_dally	5017
mcwlights:white_lamp	5018
mcwlights:orange_lamp	5019
mcwlights:magenta_lamp	5020
mcwlights:light_blue_lamp	5021
mcwlights:yellow_lamp	5022
mcwlights:lime_lamp	5023
mcwlights:pink_lamp	5024
mcwlights:gray_lamp	5025
mcwlights:light_gray_lamp	5026
mcwlights:cyan_lamp	5027
mcwlights:purple_lamp	5028
mcwlights:blue_lamp	5029
mcwlights:brown_lamp	5030
mcwlights:green_lamp	5031
mcwlights:red_lamp	5032
mcwlights:black_lamp	5033
mcwlights:oak_tiki_torch	5034
mcwlights:spruce_tiki_torch	5035
mcwlights:birch_tiki_torch	5036
mcwlights:jungle_tiki_torch	5037
mcwlights:acacia_tiki_torch	5038
mcwlights:dark_oak_tiki_torch	5039
mcwlights:crimson_tiki_torch	5040
mcwlights:warped_tiki_torch	5041
mcwlights:mangrove_tiki_torch	5042
mcwlights:bamboo_tiki_torch	5043
mcwlights:soul_oak_tiki_torch	5044
mcwlights:soul_spruce_tiki_torch	5045
mcwlights:soul_birch_tiki_torch	5046
mcwlights:soul_jungle_tiki_torch	5047
mcwlights:soul_acacia_tiki_torch	5048
mcwlights:soul_dark_oak_tiki_torch	5049
mcwlights:soul_crimson_tiki_torch	5050
mcwlights:soul_warped_tiki_torch	5051
mcwlights:soul_mangrove_tiki_torch	5052
mcwlights:soul_bamboo_tiki_torch	5053
mcwlights:white_ceiling_light	5054
mcwlights:orange_ceiling_light	5055
mcwlights:magenta_ceiling_light	5056
mcwlights:light_blue_ceiling_light	5057
mcwlights:yellow_ceiling_light	5058
mcwlights:lime_ceiling_light	5059
mcwlights:pink_ceiling_light	5060
mcwlights:gray_ceiling_light	5061
mcwlights:light_gray_ceiling_light	5062
mcwlights:cyan_ceiling_light	5063
mcwlights:purple_ceiling_light	5064
mcwlights:blue_ceiling_light	5065
mcwlights:brown_ceiling_light	5066
mcwlights:green_ceiling_light	5067
mcwlights:red_ceiling_light	5068
mcwlights:black_ceiling_light	5069
mcwlights:classic_street_lamp	5070
mcwlights:double_street_lamp	5071
mcwlights:soul_classic_street_lamp	5072
mcwlights:soul_double_street_lamp	5073
mcwlights:lava_lamp	5074
mcwlights:garden_light	5075
mcwlights:white_paper_lamp	5076
mcwlights:light_gray_paper_lamp	5077
mcwlights:gray_paper_lamp	5078
mcwlights:black_paper_lamp	5079
mcwlights:brown_paper_lamp	5080
mcwlights:red_paper_lamp	5081
mcwlights:orange_paper_lamp	5082
mcwlights:yellow_paper_lamp	5083
mcwlights:lime_paper_lamp	5084
mcwlights:green_paper_lamp	5085
mcwlights:cyan_paper_lamp	5086
mcwlights:light_blue_paper_lamp	5087
mcwlights:blue_paper_lamp	5088
mcwlights:purple_paper_lamp	5089
mcwlights:magenta_paper_lamp	5090
mcwlights:pink_paper_lamp	5091
mcwlights:striped_lantern	5092
mcwlights:covered_lantern	5093
mcwlights:chain_lantern	5094
mcwlights:tavern_lantern	5095
mcwlights:festive_lantern	5096
mcwlights:cross_lantern	5097
mcwlights:bell_lantern	5098
mcwlights:wall_lantern	5099
mcwlights:striped_wall_lantern	5100
mcwlights:covered_wall_lantern	5101
mcwlights:chain_wall_lantern	5102
mcwlights:tavern_wall_lantern	5103
mcwlights:festive_wall_lantern	5104
mcwlights:cross_wall_lantern	5105
mcwlights:bell_wall_lantern	5106
mcwlights:wall_lamp	5107
mcwlights:square_wall_lamp	5108
mcwlights:framed_torch	5109
mcwlights:iron_framed_torch	5110
mcwlights:reinforced_torch	5111
mcwlights:rustic_torch	5112
mcwlights:upgraded_torch	5113
mcwlights:redstone_lamp_slab	5114
mcwlights:glowstone_slab	5115
mcwlights:shroomlight_slab	5116
mcwlights:sea_lantern_slab	5117
mcwlights:cherry_tiki_torch	5118
mcwlights:soul_cherry_tiki_torch	5119
mcwlights:oak_ceiling_fan_light	5120
mcwlights:spruce_ceiling_fan_light	5121
mcwlights:birch_ceiling_fan_light	5122
mcwlights:jungle_ceiling_fan_light	5123
mcwlights:acacia_ceiling_fan_light	5124
mcwlights:dark_oak_ceiling_fan_light	5125
mcwlights:crimson_ceiling_fan_light	5126
mcwlights:warped_ceiling_fan_light	5127
mcwlights:mangrove_ceiling_fan_light	5128
mcwlights:cherry_ceiling_fan_light	5129
mcwlights:golden_low_candle_holder	5130
mcwlights:golden_candle_holder	5131
mcwlights:golden_wall_candle_holder	5132
mcwlights:golden_double_candle_holder	5133
mcwlights:golden_triple_candle_holder	5134
mcwlights:golden_small_chandelier	5135
mcwlights:golden_chandelier	5136
mcwlights:copper_low_candle_holder	5137
mcwlights:copper_candle_holder	5138
mcwlights:copper_wall_candle_holder	5139
mcwlights:copper_double_candle_holder	5140
mcwlights:copper_triple_candle_holder	5141
mcwlights:copper_small_chandelier	5142
mcwlights:copper_chandelier	5143
mcwlights:iron_low_candle_holder	5144
mcwlights:iron_candle_holder	5145
mcwlights:iron_wall_candle_holder	5146
mcwlights:iron_double_candle_holder	5147
mcwlights:iron_triple_candle_holder	5148
mcwlights:iron_small_chandelier	5149
mcwlights:iron_chandelier	5150
mcwlights:golden_chain	5151
mcwlights:copper_chain	5152
mcwlights:thin_garden_light	5153
mcwlights:tower_garden_light	5154
mcwlights:covered_garden_light	5155
mcwlights:round_garden_light	5156
mcwlights:striped_garden_light	5157
